Customer ID,Location,Platform,Rating,Review Text,Sentiment
CUST1000,Goa,App,2,stay room trip stay poor bad stay hotel location not recommended terrible poor terrible terrible not recommended bad stay room poor trip bad experience room experience service service not recommended terrible hotel terrible location poor not recommended bad stay location hotel trip stay poor trip bad poor poor stay service stay hotel hotel poor terrible location room service stay terrible hotel location poor not recommended location poor trip trip service not recommended service terrible location location experience bad poor poor trip poor experience experience room location location trip service poor trip poor bad hotel bad experience stay experience terrible hotel trip not recommended service not recommended terrible trip poor room terrible room poor location location trip service hotel stay stay service bad hotel experience,Negative
CUST1001,Goa,App,4,recommended recommended room trip recommended recommended trip stay great service trip trip service location service experience pleasant hotel service stay trip stay stay enjoyable trip location hotel experience hotel enjoyable great service enjoyable service stay service service location recommended trip pleasant recommended recommended great service service stay room room enjoyable hotel recommended recommended recommended enjoyable enjoyable location location experience experience hotel room great service recommended enjoyable pleasant enjoyable room recommended pleasant trip trip recommended,Positive
CUST1002,Goa,App,1,hotel hotel service stay hotel stay experience poor not recommended not recommended not recommended hotel stay stay hotel not recommended not recommended trip poor poor service room hotel stay not recommended poor not recommended terrible location not recommended not recommended service experience stay not recommended terrible poor room poor location poor not recommended hotel hotel room experience trip terrible trip not recommended poor experience poor trip poor poor terrible room not recommended not recommended poor terrible trip room experience experience service terrible location poor stay not recommended poor trip poor hotel stay experience poor not recommended,Negative
CUST1003,Mumbai,Web,5,amazing room hotel hotel experience fantastic stay experience experience trip experience pleasant pleasant service pleasant service amazing location fantastic fantastic location trip pleasant experience pleasant amazing service recommended pleasant amazing pleasant experience amazing amazing room recommended amazing fantastic experience location hotel room amazing service recommended amazing stay stay stay pleasant amazing trip amazing pleasant room amazing amazing amazing recommended amazing recommended pleasant trip pleasant amazing hotel pleasant location trip hotel room room recommended amazing amazing trip trip hotel hotel amazing pleasant trip recommended stay pleasant pleasant location hotel amazing trip pleasant location amazing recommended pleasant recommended location pleasant room service amazing recommended pleasant fantastic experience location pleasant stay stay fantastic trip hotel experience service amazing recommended location trip hotel recommended service room location recommended recommended room stay experience trip location amazing experience location pleasant service room pleasant pleasant amazing location service service trip experience fantastic service pleasant recommended fantastic trip recommended room room amazing hotel recommended trip pleasant fantastic amazing fantastic hotel experience,Positive
CUST1004,Goa,App,4,experience stay hotel room fantastic room fantastic amazing fantastic stay experience fantastic room location hotel great service amazing trip service trip great service room trip trip great service amazing great service fantastic stay stay trip room amazing fantastic great service great service stay experience room service fantastic location amazing trip fantastic service great service experience great service hotel amazing service hotel hotel great service trip great service amazing great service great service location great service fantastic great service amazing fantastic amazing amazing great service trip fantastic trip amazing hotel experience stay room great service trip fantastic experience fantastic room hotel great service hotel experience fantastic stay fantastic location fantastic stay trip hotel great service hotel great service service great service location amazing amazing great service location amazing stay amazing experience fantastic experience amazing amazing great service fantastic room great service fantastic experience hotel stay great service trip trip great service amazing hotel service location hotel stay amazing location stay fantastic fantastic great service room great service service room hotel hotel room hotel room trip great service service fantastic fantastic experience room amazing hotel great service service location amazing amazing stay location amazing location stay fantastic experience amazing service service room great service stay hotel trip room great service experience great service hotel experience service great service fantastic location fantastic stay great service location stay fantastic great service trip fantastic service,Positive
CUST1005,Goa,App,3,decent service decent decent trip hotel service average hotel location decent decent average average service decent moderate room hotel trip moderate room hotel average moderate decent trip decent average experience trip room location decent moderate average room stay room hotel average location experience service decent moderate service average experience service room hotel stay decent location moderate moderate decent location room average service stay room average stay average experience decent moderate location room stay trip stay stay location decent location location experience service moderate stay moderate moderate trip moderate trip moderate stay decent,Neutral
CUST1006,Goa,Web,5,experience fantastic location fantastic service stay amazing fantastic location stay amazing fantastic fantastic fantastic fantastic room trip fantastic room room room experience room hotel fantastic trip service hotel service fantastic room great service amazing trip room room pleasant hotel pleasant stay amazing location experience pleasant pleasant pleasant service pleasant service fantastic pleasant great service fantastic room pleasant pleasant location fantastic pleasant pleasant room fantastic trip amazing fantastic fantastic fantastic room fantastic hotel amazing fantastic trip amazing trip stay great service experience room fantastic fantastic service pleasant hotel experience stay pleasant service fantastic fantastic room pleasant hotel great service fantastic service stay fantastic stay fantastic fantastic room experience amazing location fantastic stay trip fantastic service location fantastic stay amazing stay service service stay trip location amazing pleasant great service pleasant amazing amazing pleasant trip hotel experience service room trip experience service amazing amazing room hotel fantastic location fantastic trip hotel,Positive
CUST1007,Jaipur,App,2,service location experience terrible unpleasant bad service terrible unpleasant room room hotel experience room trip unpleasant service service experience experience bad location service hotel experience terrible stay stay unpleasant unpleasant trip unpleasant service terrible experience experience terrible trip terrible unpleasant bad bad hotel stay location service unpleasant location location service hotel bad stay stay stay experience stay location unpleasant stay unpleasant experience room stay hotel hotel hotel terrible unpleasant service service bad unpleasant unpleasant bad experience bad room terrible service terrible terrible bad trip bad unpleasant hotel stay room terrible service terrible unpleasant unpleasant terrible trip bad room terrible hotel hotel hotel trip stay hotel stay trip unpleasant terrible room bad unpleasant location terrible stay terrible trip hotel unpleasant terrible terrible hotel service unpleasant experience hotel service trip service experience stay bad location service service room unpleasant unpleasant terrible experience stay experience unpleasant location stay hotel bad terrible service location stay bad trip trip stay location unpleasant hotel trip stay experience bad unpleasant trip experience location bad terrible experience location stay hotel,Negative
CUST1008,Goa,App,3,moderate moderate hotel service moderate trip trip experience service moderate stay moderate location service moderate moderate acceptable room room stay acceptable room service moderate location service location moderate room service moderate acceptable moderate experience moderate experience moderate location hotel experience hotel experience moderate experience trip trip moderate location acceptable acceptable moderate acceptable room moderate service moderate service moderate location trip moderate moderate service hotel stay service experience acceptable moderate service acceptable moderate trip moderate room acceptable hotel hotel moderate experience moderate trip moderate room stay moderate moderate acceptable room trip hotel moderate stay hotel moderate moderate room room trip moderate stay acceptable moderate moderate acceptable,Neutral
CUST1009,Bangalore,Web,4,pleasant hotel pleasant hotel trip recommended pleasant location pleasant fantastic room location pleasant trip room pleasant pleasant fantastic amazing pleasant hotel fantastic pleasant stay pleasant stay fantastic fantastic room amazing hotel fantastic room service trip experience stay pleasant service experience service stay hotel amazing pleasant pleasant stay service amazing experience pleasant stay pleasant pleasant fantastic pleasant amazing experience location service service pleasant service,Positive
CUST1010,Mumbai,App,3,hotel moderate moderate location stay stay experience moderate service location moderate trip hotel moderate service room moderate location okay hotel service service okay okay service moderate experience hotel hotel moderate stay okay stay moderate location trip experience trip location moderate room experience experience hotel moderate room room trip okay stay stay service service trip moderate hotel room trip moderate moderate okay moderate room service moderate experience stay room room hotel moderate hotel okay moderate service okay room okay,Neutral
CUST1011,Goa,App,2,bad unpleasant terrible poor poor experience unpleasant room poor poor stay trip hotel room room room hotel unpleasant hotel terrible hotel hotel service location hotel unpleasant bad unpleasant location trip poor hotel room stay hotel service terrible location trip service hotel stay unpleasant service hotel service unpleasant location terrible service unpleasant location unpleasant terrible terrible location trip location hotel experience location unpleasant stay unpleasant unpleasant bad experience stay unpleasant poor poor poor terrible unpleasant unpleasant stay service location location stay unpleasant experience stay terrible trip hotel poor experience poor service room service bad stay unpleasant unpleasant unpleasant poor unpleasant poor bad location room service hotel experience terrible unpleasant terrible service experience poor bad room hotel location stay trip bad terrible poor location service unpleasant poor room service unpleasant trip terrible location service unpleasant terrible poor experience trip stay service stay service service room room experience service trip poor trip trip poor bad service hotel location hotel experience trip unpleasant unpleasant experience room unpleasant experience location room trip poor hotel service terrible room room,Negative
CUST1012,Delhi,Web,2,service unpleasant poor hotel bad location unpleasant poor service trip unpleasant bad poor poor hotel stay room poor service experience bad poor service poor trip location stay bad poor experience poor service hotel poor service poor poor location hotel poor bad poor stay poor location poor hotel location hotel unpleasant poor bad poor stay bad stay bad room trip poor,Negative
CUST1013,Delhi,App,3,experience service acceptable hotel decent stay hotel room service acceptable experience experience experience room moderate location trip stay service hotel acceptable experience trip acceptable trip location acceptable acceptable hotel stay experience moderate service acceptable service moderate moderate service location hotel decent acceptable stay room acceptable hotel service acceptable moderate acceptable acceptable room acceptable stay service hotel service,Neutral
CUST1014,Goa,App,5,trip experience experience stay fantastic room location fantastic service hotel fantastic enjoyable trip enjoyable room fantastic location service fantastic fantastic service trip service trip recommended enjoyable fantastic enjoyable location room stay enjoyable hotel fantastic trip enjoyable hotel experience enjoyable recommended stay enjoyable enjoyable location fantastic room experience trip stay service location trip recommended location stay recommended stay hotel room enjoyable fantastic stay service hotel trip service fantastic recommended stay hotel service fantastic stay room location fantastic stay trip enjoyable room location trip fantastic room trip enjoyable fantastic trip location fantastic trip location service enjoyable room enjoyable room fantastic enjoyable fantastic trip recommended trip recommended fantastic enjoyable trip recommended enjoyable fantastic enjoyable service fantastic enjoyable recommended room experience enjoyable service service recommended hotel enjoyable trip location trip enjoyable hotel enjoyable recommended enjoyable enjoyable enjoyable enjoyable trip stay recommended experience experience trip enjoyable fantastic room trip fantastic room fantastic location enjoyable hotel trip recommended enjoyable recommended location hotel service fantastic hotel trip location,Positive
CUST1015,Delhi,App,5,pleasant stay recommended experience trip stay enjoyable trip trip trip pleasant location amazing location stay service stay enjoyable stay recommended room hotel hotel amazing pleasant stay recommended stay experience enjoyable pleasant experience room location stay pleasant recommended experience recommended stay stay recommended pleasant recommended recommended service stay location pleasant room room service hotel stay trip recommended stay amazing room pleasant recommended hotel experience stay pleasant hotel experience recommended recommended room hotel pleasant recommended service amazing experience room pleasant trip room experience trip recommended pleasant service stay location enjoyable experience trip trip location experience pleasant experience stay amazing room amazing pleasant hotel hotel location trip room stay location recommended stay pleasant trip recommended recommended pleasant experience amazing amazing room stay location location service amazing location trip recommended experience recommended trip room location amazing trip recommended trip trip experience service enjoyable pleasant pleasant stay trip location pleasant trip enjoyable pleasant recommended recommended service recommended trip room pleasant trip recommended recommended amazing recommended service pleasant recommended recommended enjoyable pleasant recommended room enjoyable enjoyable location trip stay location recommended stay recommended service recommended trip location service pleasant amazing pleasant pleasant experience experience stay,Positive
CUST1016,Bangalore,App,5,hotel hotel room fantastic enjoyable service room pleasant fantastic pleasant enjoyable recommended location hotel recommended amazing service fantastic location recommended enjoyable service enjoyable service hotel experience recommended recommended pleasant service stay room amazing pleasant pleasant fantastic trip room location location stay fantastic room location room fantastic enjoyable location trip pleasant room hotel trip service trip location fantastic amazing pleasant room experience hotel fantastic amazing recommended experience fantastic recommended location stay recommended amazing amazing stay pleasant location location stay fantastic experience fantastic experience pleasant amazing recommended enjoyable pleasant hotel fantastic room trip enjoyable experience amazing trip stay room enjoyable location location trip stay trip experience experience recommended location enjoyable fantastic amazing room recommended stay experience pleasant recommended amazing trip experience room stay fantastic fantastic fantastic location trip location room fantastic enjoyable fantastic experience service fantastic service enjoyable amazing fantastic amazing recommended room room service pleasant enjoyable pleasant service experience trip experience location trip amazing service fantastic fantastic pleasant experience recommended amazing enjoyable fantastic amazing location enjoyable hotel trip hotel hotel trip hotel hotel experience pleasant service fantastic fantastic pleasant experience location,Positive
CUST1017,Goa,App,3,moderate average stay stay service trip hotel experience hotel stay average experience average room experience decent moderate location hotel trip average service room experience room location average average trip location experience trip average average location stay experience average moderate moderate average stay experience hotel moderate service experience location average experience moderate average average average average stay hotel hotel average hotel hotel room hotel decent room service stay experience moderate experience location trip service room location average trip average trip trip location average moderate moderate average trip stay room average moderate experience average room average trip average location average average decent stay average moderate decent moderate experience average experience average hotel room moderate room experience moderate average average average hotel average stay moderate hotel average moderate experience,Neutral
CUST1018,Delhi,App,4,location location trip service fantastic fantastic hotel pleasant enjoyable great service fantastic enjoyable trip stay experience service amazing amazing room fantastic trip location service amazing fantastic amazing room great service experience room amazing service room stay amazing great service pleasant location recommended enjoyable trip stay room recommended location recommended experience experience stay stay stay stay enjoyable stay hotel hotel experience room trip service recommended pleasant trip amazing trip fantastic hotel pleasant service hotel hotel service experience hotel stay service room great service enjoyable location room service trip fantastic trip great service hotel service great service hotel trip location fantastic hotel room hotel stay recommended great service trip service location location trip great service service enjoyable stay hotel hotel amazing service pleasant recommended stay enjoyable amazing amazing experience enjoyable amazing experience service experience amazing experience room hotel location hotel trip room experience fantastic experience room recommended fantastic location stay amazing room room service recommended fantastic fantastic amazing fantastic amazing fantastic hotel fantastic hotel fantastic fantastic recommended pleasant fantastic service stay pleasant pleasant room amazing experience service trip room great service great service great service service trip great service experience room experience service great service fantastic trip experience stay pleasant,Positive
CUST1019,Jaipur,App,5,enjoyable stay service location trip amazing fantastic amazing fantastic trip enjoyable fantastic pleasant room fantastic pleasant service fantastic hotel room amazing amazing location location room fantastic fantastic pleasant trip room experience amazing hotel service stay stay pleasant stay service hotel fantastic amazing trip location service fantastic experience enjoyable service enjoyable room fantastic amazing location experience enjoyable room room enjoyable stay stay room amazing room amazing pleasant pleasant stay fantastic amazing trip room fantastic amazing trip,Positive
CUST1020,Jaipur,Web,5,hotel room hotel experience pleasant enjoyable experience fantastic experience pleasant room pleasant experience hotel experience trip pleasant enjoyable fantastic room great service pleasant great service fantastic stay recommended great service location experience pleasant great service pleasant service experience experience great service great service service trip experience great service experience great service great service room stay trip fantastic room pleasant great service hotel stay great service recommended recommended trip location enjoyable recommended location stay location hotel stay pleasant recommended recommended experience location experience recommended stay stay great service recommended stay recommended hotel experience experience service fantastic fantastic trip fantastic fantastic trip experience room trip,Positive
CUST1021,Jaipur,App,4,recommended location experience amazing fantastic recommended recommended trip amazing service recommended room room fantastic amazing recommended room hotel trip enjoyable room recommended trip enjoyable recommended hotel room service recommended recommended location recommended hotel recommended room service room fantastic stay fantastic recommended recommended hotel enjoyable service experience amazing recommended room fantastic hotel recommended recommended enjoyable amazing recommended experience location experience recommended location recommended amazing recommended room hotel trip service stay enjoyable hotel amazing fantastic service amazing location hotel amazing location recommended recommended service location recommended recommended fantastic stay amazing amazing recommended amazing,Positive
CUST1022,Delhi,Web,5,recommended great service enjoyable great service experience great service pleasant great service pleasant trip trip pleasant room great service trip stay room hotel great service enjoyable location stay pleasant trip great service location trip hotel great service great service great service stay pleasant enjoyable pleasant great service pleasant stay experience location stay hotel experience stay trip location experience stay recommended recommended room service enjoyable hotel pleasant recommended hotel service trip hotel enjoyable great service pleasant great service pleasant trip pleasant great service great service enjoyable great service experience service great service experience great service pleasant recommended experience great service room experience trip great service hotel service enjoyable room great service great service trip great service recommended service experience pleasant service great service great service stay great service experience great service experience pleasant trip great service pleasant pleasant service great service location,Positive
CUST1023,Goa,App,3,stay stay hotel trip experience experience okay trip room okay service decent decent trip decent trip trip location decent experience location room moderate room location decent stay,Neutral
CUST1024,Delhi,Web,1,bad hotel service service unpleasant unpleasant service experience hotel bad unpleasant terrible unpleasant unpleasant experience service bad experience unpleasant room experience unpleasant,Negative
CUST1025,Delhi,App,3,hotel acceptable experience stay acceptable service moderate acceptable moderate service service moderate acceptable moderate moderate hotel moderate room trip moderate room hotel hotel service experience room location acceptable service room decent moderate acceptable acceptable moderate service room acceptable moderate trip decent acceptable location location experience stay stay experience decent stay location moderate decent hotel location decent acceptable location hotel stay stay acceptable,Neutral
CUST1026,Delhi,App,5,trip enjoyable amazing service amazing location enjoyable recommended fantastic service enjoyable room recommended stay enjoyable enjoyable hotel hotel enjoyable hotel enjoyable hotel room stay location stay service stay recommended hotel experience experience stay recommended service location recommended fantastic enjoyable room experience enjoyable recommended recommended enjoyable stay experience room service location stay room service location recommended service stay experience stay location hotel enjoyable trip enjoyable recommended recommended recommended location trip experience enjoyable stay enjoyable service stay location recommended service recommended recommended room hotel recommended trip hotel trip enjoyable amazing experience recommended trip trip hotel stay trip recommended fantastic recommended fantastic stay enjoyable fantastic hotel location room amazing fantastic hotel recommended location trip recommended location enjoyable trip recommended enjoyable service service recommended amazing stay stay trip fantastic enjoyable recommended room enjoyable recommended amazing recommended recommended enjoyable room stay hotel location recommended trip amazing amazing trip service fantastic hotel trip recommended amazing recommended experience stay enjoyable fantastic trip amazing amazing enjoyable service recommended enjoyable location stay recommended enjoyable enjoyable,Positive
CUST1027,Mumbai,Web,1,bad stay unpleasant trip trip stay unpleasant terrible service bad service service experience stay stay bad trip hotel unpleasant service stay experience service bad stay bad room location stay trip experience bad hotel hotel unpleasant location trip experience unpleasant hotel bad location hotel service bad terrible experience unpleasant bad trip bad trip service service unpleasant hotel trip unpleasant bad experience location unpleasant bad unpleasant service bad stay terrible unpleasant hotel trip trip unpleasant room bad unpleasant unpleasant service stay hotel stay stay terrible terrible service trip hotel,Negative
CUST1028,Bangalore,App,3,trip hotel average hotel experience room room acceptable trip room room experience service stay acceptable average acceptable hotel acceptable average experience room stay okay average room experience service average acceptable room okay stay hotel location hotel acceptable room stay trip stay trip location room hotel location service service stay average acceptable service experience average stay location,Neutral
CUST1029,Bangalore,App,1,poor trip trip stay poor experience poor terrible experience not recommended hotel stay service terrible service location room service hotel stay poor room experience room terrible service unpleasant room trip hotel poor trip location terrible unpleasant stay location trip experience not recommended terrible terrible unpleasant location trip not recommended poor experience stay experience terrible hotel trip stay room terrible poor terrible poor terrible trip terrible hotel terrible location room trip service terrible experience terrible unpleasant terrible terrible experience terrible stay room experience stay hotel experience room unpleasant terrible terrible location room terrible experience terrible trip location location unpleasant poor location not recommended room trip location terrible terrible terrible poor terrible hotel experience experience terrible unpleasant experience stay trip not recommended service stay terrible room terrible hotel hotel stay poor room not recommended trip room room terrible not recommended poor trip trip service trip service location service stay experience unpleasant trip unpleasant room hotel unpleasant room unpleasant stay,Negative
CUST1030,Goa,App,4,location enjoyable location fantastic hotel enjoyable great service service amazing hotel location amazing fantastic hotel experience room stay great service enjoyable fantastic amazing enjoyable enjoyable service great service hotel fantastic experience room trip hotel room great service service amazing amazing location enjoyable fantastic amazing experience amazing enjoyable fantastic stay stay amazing service fantastic room fantastic enjoyable room room service great service amazing amazing amazing service room enjoyable fantastic experience service great service hotel amazing service room fantastic room great service experience service location,Positive
CUST1031,Mumbai,App,3,trip location service acceptable okay acceptable okay stay acceptable room decent okay acceptable location location acceptable okay trip stay trip trip trip service location service service location okay decent okay service stay location acceptable room acceptable okay trip room acceptable location okay decent room hotel okay acceptable stay service hotel room hotel hotel acceptable location decent acceptable okay okay acceptable stay hotel stay hotel room okay experience okay location okay okay hotel okay decent room okay decent okay location okay decent decent okay experience acceptable okay hotel room room service experience location stay hotel trip trip okay room location hotel room okay okay location decent service location okay trip experience trip decent room okay service trip trip decent room experience stay acceptable experience service okay service trip service acceptable okay decent stay decent room room decent service okay okay acceptable location stay acceptable okay trip location hotel location acceptable hotel decent room acceptable acceptable experience okay okay decent service trip acceptable stay okay room room stay acceptable experience stay acceptable okay hotel acceptable location room trip service trip okay okay service location decent trip okay decent hotel stay acceptable,Neutral
CUST1032,Bangalore,App,4,room room experience room service great service great service service trip location great service amazing location location great service hotel amazing trip service pleasant recommended trip service location great service location location location amazing room hotel service trip location hotel hotel hotel amazing pleasant great service fantastic experience location amazing service pleasant fantastic stay fantastic service trip room hotel hotel room great service service room pleasant service hotel pleasant room fantastic service experience great service pleasant fantastic trip fantastic great service trip great service fantastic trip recommended trip fantastic service hotel fantastic pleasant amazing stay location pleasant recommended trip trip recommended experience fantastic trip recommended trip stay amazing room pleasant great service hotel location recommended trip service great service room service experience service fantastic stay hotel pleasant trip pleasant stay experience room amazing room location amazing hotel recommended great service room pleasant great service hotel trip trip trip trip stay recommended pleasant experience stay hotel amazing experience great service location room great service great service stay great service fantastic room fantastic room hotel great service amazing pleasant pleasant location hotel great service great service hotel amazing experience amazing recommended service hotel,Positive
CUST1033,Jaipur,App,4,enjoyable room pleasant service recommended trip stay location fantastic pleasant fantastic fantastic fantastic enjoyable experience location experience fantastic fantastic enjoyable stay great service enjoyable service service service great service room pleasant stay great service experience great service great service recommended great service location experience hotel great service hotel pleasant service recommended location enjoyable pleasant pleasant enjoyable great service enjoyable trip service hotel pleasant hotel enjoyable pleasant location room enjoyable enjoyable location room stay experience experience enjoyable location recommended service experience fantastic pleasant hotel experience enjoyable location trip recommended pleasant pleasant service experience trip service pleasant room trip enjoyable hotel service location fantastic trip experience experience fantastic recommended great service hotel fantastic trip stay room fantastic experience stay recommended stay enjoyable enjoyable recommended stay room service experience great service pleasant service service enjoyable hotel enjoyable enjoyable location room hotel fantastic fantastic fantastic room service great service great service pleasant enjoyable recommended enjoyable pleasant fantastic enjoyable service recommended trip room fantastic enjoyable pleasant enjoyable service stay recommended service recommended room trip hotel experience hotel enjoyable recommended pleasant experience service fantastic service great service enjoyable great service service experience fantastic fantastic recommended recommended pleasant recommended experience,Positive
CUST1034,Bangalore,Web,4,trip amazing amazing amazing location room amazing service room amazing service location enjoyable trip room amazing trip stay location amazing enjoyable stay room amazing room hotel service hotel room great service trip service hotel room service room experience amazing amazing experience great service amazing recommended amazing enjoyable location recommended service amazing hotel amazing amazing experience service amazing service amazing great service service experience great service amazing hotel amazing room hotel stay enjoyable service amazing service enjoyable amazing experience recommended amazing recommended stay amazing amazing experience experience amazing great service amazing recommended location recommended location enjoyable amazing amazing trip great service amazing amazing great service amazing trip enjoyable hotel enjoyable great service amazing hotel room location amazing stay amazing recommended location hotel stay stay amazing trip trip great service amazing amazing enjoyable amazing amazing hotel location experience service amazing service room trip great service stay stay room stay trip location location amazing room recommended great service location amazing location amazing recommended amazing enjoyable great service amazing amazing amazing amazing enjoyable enjoyable amazing location room amazing,Positive
CUST1035,Bangalore,App,4,trip great service fantastic enjoyable experience experience trip hotel experience experience great service great service stay service great service service service great service great service fantastic amazing room service location service room trip room great service hotel amazing hotel hotel room fantastic fantastic amazing stay trip fantastic great service amazing hotel fantastic room great service fantastic stay great service location great service experience amazing great service great service experience fantastic enjoyable fantastic stay experience fantastic enjoyable fantastic hotel great service great service hotel trip hotel trip service great service service room great service enjoyable room great service great service hotel hotel great service stay fantastic fantastic room fantastic fantastic fantastic experience service room,Positive
CUST1036,Bangalore,App,4,room experience enjoyable experience service great service trip great service pleasant experience service room trip recommended experience service room room hotel recommended stay recommended enjoyable service recommended experience recommended room experience recommended hotel fantastic recommended great service room enjoyable experience pleasant recommended experience service recommended location pleasant service room recommended stay stay service,Positive
CUST1037,Bangalore,Web,5,great service experience stay enjoyable recommended location great service great service recommended enjoyable service trip great service stay room trip location great service great service great service great service recommended trip recommended great service great service enjoyable great service hotel experience stay experience trip recommended location great service recommended great service location great service hotel recommended great service experience great service location trip great service recommended great service room recommended recommended location room great service room hotel recommended hotel enjoyable stay location trip great service hotel great service recommended recommended great service stay great service recommended recommended great service great service recommended recommended experience enjoyable trip room great service stay great service recommended recommended trip recommended recommended room great service great service room location room great service recommended great service recommended stay room great service,Positive
CUST1038,Jaipur,App,3,hotel service okay decent okay okay location moderate stay hotel okay room okay service location location moderate hotel trip service moderate decent decent experience okay room location,Neutral
CUST1039,Jaipur,Web,2,experience terrible service not recommended room terrible experience bad stay terrible service not recommended hotel terrible terrible not recommended terrible experience not recommended bad terrible experience experience bad terrible terrible terrible not recommended room bad not recommended not recommended not recommended room hotel not recommended hotel trip terrible stay terrible stay not recommended location terrible location stay terrible service not recommended service bad experience terrible trip experience stay not recommended service stay stay terrible experience terrible experience service service service experience location not recommended trip experience terrible location stay stay location stay room not recommended not recommended location service bad bad service service not recommended room service not recommended hotel terrible terrible stay terrible location terrible terrible room not recommended hotel location not recommended service room terrible room location hotel service location experience trip not recommended room terrible experience location stay not recommended service experience stay stay trip terrible terrible bad stay not recommended,Negative
CUST1040,Goa,Web,5,recommended recommended stay location room great service experience pleasant pleasant stay recommended amazing recommended stay experience great service service great service trip experience hotel service recommended service recommended room service service recommended room amazing stay great service location amazing recommended experience great service stay experience great service great service stay service trip location pleasant great service great service service great service great service room room service great service hotel great service hotel amazing stay hotel location great service room pleasant great service room hotel location great service trip experience great service great service great service recommended pleasant great service recommended recommended service great service hotel great service experience recommended experience great service trip great service room recommended great service trip great service great service location room great service great service location great service location great service great service great service trip recommended stay amazing great service location great service room amazing recommended great service great service great service pleasant experience hotel room trip location pleasant room hotel amazing hotel stay stay pleasant great service pleasant great service room location great service pleasant great service,Positive
CUST1041,Goa,App,5,recommended trip room experience enjoyable room recommended enjoyable enjoyable recommended room enjoyable enjoyable location recommended service hotel enjoyable enjoyable amazing recommended enjoyable service enjoyable amazing fantastic service room stay enjoyable trip fantastic recommended stay recommended trip recommended service enjoyable recommended recommended amazing recommended stay trip hotel hotel enjoyable service hotel amazing enjoyable amazing enjoyable hotel enjoyable trip experience stay hotel location,Positive
CUST1042,Goa,App,5,great service room enjoyable location experience fantastic room room enjoyable enjoyable trip trip hotel location pleasant pleasant experience enjoyable great service room enjoyable enjoyable enjoyable pleasant enjoyable location experience room experience stay enjoyable location experience hotel enjoyable great service pleasant service fantastic pleasant enjoyable fantastic enjoyable location room enjoyable fantastic room location pleasant service room enjoyable enjoyable stay experience hotel great service enjoyable fantastic pleasant great service stay fantastic location enjoyable enjoyable enjoyable experience service trip enjoyable service enjoyable enjoyable great service fantastic great service location enjoyable service room enjoyable service pleasant great service stay service enjoyable trip enjoyable fantastic enjoyable hotel experience hotel room service hotel pleasant experience great service pleasant trip enjoyable great service room pleasant great service service trip enjoyable great service enjoyable great service experience stay enjoyable great service great service enjoyable enjoyable enjoyable enjoyable service pleasant location enjoyable experience trip experience stay enjoyable trip service experience great service room service trip stay service hotel enjoyable trip great service service stay experience location location great service hotel,Positive
CUST1043,Mumbai,App,4,experience enjoyable recommended location recommended hotel amazing experience trip stay experience enjoyable service room room great service pleasant hotel recommended room room enjoyable enjoyable experience pleasant hotel enjoyable trip enjoyable experience enjoyable stay hotel enjoyable pleasant enjoyable amazing pleasant location enjoyable enjoyable recommended enjoyable enjoyable room experience trip stay location great service location amazing trip trip location hotel service service enjoyable recommended great service room hotel great service room location room amazing room recommended stay hotel enjoyable stay amazing enjoyable enjoyable enjoyable service amazing great service experience trip enjoyable great service recommended service enjoyable service great service amazing enjoyable trip recommended location stay pleasant service stay great service location great service amazing room service pleasant hotel room stay room room amazing pleasant service,Positive
CUST1044,Mumbai,Web,5,location experience recommended pleasant fantastic pleasant pleasant room room fantastic pleasant hotel pleasant room fantastic recommended fantastic fantastic fantastic amazing trip recommended pleasant pleasant room hotel experience stay pleasant pleasant room hotel stay fantastic experience pleasant fantastic pleasant fantastic pleasant recommended trip stay hotel fantastic fantastic stay hotel hotel stay location recommended pleasant location pleasant hotel stay stay room hotel experience location pleasant service location pleasant service amazing pleasant experience pleasant room trip stay service room recommended location fantastic hotel hotel pleasant location trip stay trip fantastic room trip hotel recommended room recommended location pleasant service amazing location fantastic stay experience experience location fantastic room trip stay pleasant recommended recommended fantastic hotel hotel pleasant fantastic hotel pleasant trip fantastic pleasant recommended experience service pleasant room pleasant trip hotel service location room hotel amazing location fantastic pleasant experience trip room service hotel stay location pleasant,Positive
CUST1045,Mumbai,Web,3,experience hotel service room experience decent location average acceptable room service service moderate trip average decent acceptable decent average room room trip stay decent experience trip decent experience service average decent moderate average experience acceptable trip average moderate moderate hotel location moderate,Neutral
CUST1046,Jaipur,App,4,trip fantastic trip experience stay fantastic room stay location room recommended location fantastic room location recommended location fantastic trip fantastic recommended recommended fantastic fantastic recommended stay room fantastic stay location location recommended amazing enjoyable service room,Positive
CUST1047,Mumbai,App,4,amazing amazing amazing amazing room trip trip fantastic hotel service amazing amazing hotel amazing amazing trip room hotel amazing amazing trip stay amazing service enjoyable experience trip amazing amazing room hotel,Positive
CUST1048,Bangalore,App,4,hotel amazing room room pleasant location room trip stay fantastic trip service pleasant amazing enjoyable hotel trip enjoyable pleasant hotel hotel service stay amazing stay enjoyable location,Positive
CUST1049,Jaipur,Web,2,hotel bad terrible bad trip bad hotel terrible room hotel stay hotel trip terrible trip terrible terrible location experience service bad terrible terrible terrible location bad service location bad hotel terrible stay stay experience stay hotel service service bad location terrible trip location hotel service bad bad room hotel terrible hotel bad terrible service room stay bad terrible experience terrible room room hotel stay location trip bad bad trip room trip bad experience terrible bad bad experience room location room service bad location terrible terrible room service bad trip bad terrible terrible,Negative
CUST1050,Goa,Web,3,stay moderate moderate location stay room location stay moderate trip hotel stay location moderate moderate decent moderate moderate moderate service decent hotel moderate room moderate moderate experience location decent moderate hotel hotel moderate experience hotel moderate moderate moderate decent moderate moderate stay decent okay experience moderate moderate stay okay moderate hotel moderate experience trip decent room location service hotel location trip moderate moderate stay experience decent moderate okay decent moderate experience decent room location moderate service room moderate moderate decent moderate service moderate decent moderate stay service stay moderate stay trip decent location decent service okay hotel moderate okay trip decent,Neutral
CUST1051,Bangalore,App,4,amazing stay fantastic location amazing recommended stay stay experience location stay pleasant trip room experience location amazing location amazing hotel recommended stay stay recommended enjoyable experience location enjoyable enjoyable location fantastic service recommended room recommended trip room experience amazing location service recommended room pleasant experience location hotel recommended location room amazing enjoyable fantastic hotel stay amazing experience experience fantastic recommended fantastic hotel pleasant,Positive
CUST1052,Goa,App,2,not recommended service service trip trip experience experience room poor poor experience poor experience room not recommended trip room trip not recommended hotel not recommended stay room service hotel room room service unpleasant room hotel unpleasant trip poor trip service room room poor unpleasant trip experience service experience experience poor service room hotel unpleasant service room stay stay unpleasant stay location poor poor poor service not recommended hotel not recommended service trip trip not recommended trip stay experience hotel hotel location not recommended stay trip unpleasant not recommended room stay trip experience hotel stay location location poor location not recommended experience poor experience hotel service location service room location service stay stay service poor poor poor poor room hotel trip experience trip service not recommended trip service unpleasant poor poor poor room poor room poor stay poor poor poor experience poor poor stay not recommended stay stay experience service service poor poor room not recommended experience stay location stay poor,Negative
CUST1053,Bangalore,Web,5,fantastic trip experience fantastic service location fantastic room experience stay experience room room hotel pleasant recommended fantastic location service stay fantastic fantastic experience experience trip amazing location stay pleasant service fantastic amazing fantastic stay hotel fantastic fantastic room hotel recommended service fantastic experience recommended location pleasant fantastic fantastic recommended stay recommended experience amazing pleasant hotel fantastic room experience room service hotel experience location room hotel location pleasant hotel room service location fantastic room stay stay fantastic service service service amazing location location service stay stay location hotel experience trip fantastic fantastic fantastic service pleasant hotel fantastic location recommended pleasant hotel fantastic fantastic fantastic fantastic stay fantastic fantastic pleasant fantastic hotel hotel trip fantastic fantastic trip fantastic fantastic trip pleasant fantastic pleasant service fantastic fantastic trip stay room experience recommended stay,Positive
CUST1054,Jaipur,App,5,trip service room service stay location hotel recommended great service room trip location enjoyable hotel trip service great service great service fantastic trip fantastic fantastic pleasant fantastic room fantastic great service fantastic stay fantastic stay experience pleasant pleasant pleasant fantastic fantastic service pleasant fantastic fantastic recommended location enjoyable room location stay enjoyable fantastic hotel fantastic great service trip location stay pleasant stay stay trip fantastic pleasant service room stay fantastic trip enjoyable recommended experience stay stay experience room room pleasant trip great service location experience fantastic hotel great service pleasant stay enjoyable hotel enjoyable hotel room room stay room room hotel enjoyable location pleasant trip hotel service experience service location recommended enjoyable experience service enjoyable stay stay hotel service trip hotel hotel room recommended trip trip great service fantastic recommended experience experience great service experience stay fantastic hotel experience pleasant recommended hotel enjoyable trip recommended great service trip stay enjoyable enjoyable pleasant recommended service service,Positive
CUST1055,Jaipur,App,4,hotel experience stay room amazing pleasant recommended pleasant experience pleasant room stay experience location amazing amazing room fantastic pleasant recommended room room stay trip pleasant stay hotel room hotel pleasant pleasant location pleasant room experience hotel hotel service room pleasant pleasant pleasant pleasant amazing pleasant fantastic recommended stay service service pleasant stay pleasant hotel stay experience room location trip pleasant fantastic hotel pleasant location service stay pleasant room fantastic experience amazing fantastic trip pleasant location amazing experience room recommended amazing hotel room pleasant location hotel recommended recommended location trip stay fantastic recommended pleasant experience room,Positive
CUST1056,Jaipur,Web,5,amazing pleasant recommended room pleasant service pleasant recommended recommended room room pleasant stay fantastic room amazing service fantastic location fantastic recommended room pleasant fantastic experience recommended trip hotel recommended amazing trip recommended location recommended trip recommended service pleasant trip amazing experience recommended hotel pleasant trip room experience room location pleasant trip trip service pleasant amazing service stay recommended recommended stay recommended stay hotel service location recommended room pleasant recommended room experience pleasant room pleasant fantastic room hotel pleasant location fantastic amazing room,Positive
CUST1057,Jaipur,App,4,recommended recommended experience recommended great service fantastic pleasant experience great service amazing recommended trip location experience pleasant amazing trip recommended room recommended recommended hotel hotel amazing recommended experience experience experience location pleasant hotel hotel pleasant hotel hotel stay recommended recommended trip recommended pleasant fantastic pleasant hotel location pleasant experience trip pleasant,Positive
CUST1058,Delhi,App,3,average experience experience stay room location okay moderate stay hotel experience hotel okay moderate moderate room location average moderate okay trip service trip location room trip room stay moderate okay room moderate location moderate trip room trip okay moderate okay moderate room hotel okay trip room average trip service moderate location moderate average okay hotel okay service okay room stay average hotel moderate experience experience hotel service hotel moderate room moderate service room okay stay stay location average okay experience hotel trip location room location moderate experience stay hotel experience service service room moderate location service stay okay room experience okay service moderate okay okay okay moderate hotel average stay experience location hotel average hotel okay service room moderate location location average moderate okay location average experience average average moderate average okay moderate okay moderate service stay average service room okay service moderate moderate service okay okay okay average moderate okay stay stay moderate okay moderate moderate room room moderate service moderate,Neutral
CUST1059,Bangalore,App,4,hotel pleasant pleasant stay great service enjoyable enjoyable stay enjoyable location service trip amazing pleasant trip pleasant enjoyable pleasant pleasant great service hotel enjoyable service service experience stay pleasant experience service great service pleasant hotel enjoyable room experience room service pleasant experience great service hotel enjoyable experience pleasant service location service hotel hotel enjoyable room enjoyable trip enjoyable enjoyable location location location experience pleasant enjoyable stay trip stay service pleasant service hotel experience pleasant trip location experience pleasant pleasant experience room amazing pleasant service hotel enjoyable hotel hotel service trip hotel service enjoyable experience pleasant location location great service enjoyable pleasant pleasant enjoyable location enjoyable enjoyable pleasant room great service stay amazing location hotel location room stay amazing service amazing amazing enjoyable great service amazing pleasant enjoyable enjoyable experience pleasant room amazing pleasant room enjoyable great service service amazing pleasant service experience enjoyable experience room enjoyable room amazing,Positive
CUST1060,Bangalore,Web,3,experience stay experience room acceptable okay experience room okay room location trip acceptable average acceptable hotel trip stay hotel acceptable room acceptable acceptable acceptable acceptable okay acceptable hotel stay okay hotel hotel experience acceptable average acceptable stay service average location acceptable hotel average stay location service acceptable hotel location hotel service okay trip acceptable acceptable okay okay location trip hotel trip okay acceptable average average service okay average trip location acceptable acceptable okay room trip hotel trip service trip stay experience stay acceptable service trip acceptable stay average average experience okay average service room hotel trip average location okay acceptable acceptable acceptable room okay acceptable acceptable acceptable average trip acceptable room service experience acceptable experience acceptable experience acceptable service experience service experience okay room experience stay acceptable average experience average okay experience room acceptable room experience acceptable experience room average stay location okay stay room room experience acceptable okay acceptable trip acceptable acceptable hotel trip service,Neutral
CUST1061,Goa,Web,3,decent stay experience moderate stay average stay stay trip moderate decent average hotel experience decent experience average decent trip decent room location trip hotel decent trip trip decent trip average service decent average decent room decent average stay service trip room decent location trip average location trip decent moderate location average stay trip decent trip room decent experience service experience trip decent experience room average room experience average hotel,Neutral
CUST1062,Jaipur,App,5,fantastic trip enjoyable enjoyable fantastic service amazing trip service enjoyable stay service service amazing trip location fantastic experience amazing service hotel fantastic enjoyable recommended stay service recommended trip room amazing fantastic trip recommended experience hotel fantastic enjoyable amazing room location trip fantastic experience enjoyable hotel amazing fantastic recommended service amazing service fantastic location experience fantastic service enjoyable stay fantastic hotel trip amazing recommended experience hotel service experience location experience amazing amazing amazing trip hotel recommended experience room enjoyable service hotel stay fantastic room hotel enjoyable fantastic trip service room amazing hotel fantastic stay experience service amazing recommended location amazing hotel experience service hotel service stay recommended experience enjoyable experience fantastic service amazing service fantastic amazing fantastic stay service recommended experience location room trip fantastic amazing location experience service amazing fantastic service room fantastic amazing stay fantastic recommended trip trip enjoyable stay amazing enjoyable experience fantastic service fantastic fantastic experience recommended room fantastic fantastic fantastic amazing location experience recommended amazing amazing stay enjoyable fantastic room room,Positive
CUST1063,Delhi,App,1,location experience not recommended room location stay not recommended not recommended trip poor poor service hotel service room hotel trip unpleasant unpleasant room location bad not recommended service not recommended bad hotel location service room room bad room not recommended location poor bad location not recommended service service room room experience room hotel room location not recommended not recommended unpleasant room bad service experience not recommended room experience not recommended location location unpleasant poor location not recommended location not recommended location unpleasant poor unpleasant bad experience stay location bad service unpleasant service experience room stay unpleasant poor experience not recommended unpleasant trip experience stay poor not recommended poor not recommended stay location room hotel location room unpleasant unpleasant experience stay bad experience service experience bad service poor stay service unpleasant trip service location,Negative
CUST1064,Goa,App,5,service room trip room stay fantastic service amazing hotel pleasant service fantastic room amazing fantastic fantastic hotel trip location fantastic amazing fantastic amazing fantastic experience fantastic stay service hotel pleasant experience amazing fantastic trip service amazing trip experience fantastic amazing experience pleasant service location fantastic hotel experience hotel fantastic location amazing room service trip pleasant fantastic fantastic fantastic fantastic stay trip pleasant fantastic room pleasant amazing service fantastic experience room fantastic stay amazing stay pleasant trip pleasant fantastic experience service service fantastic room stay pleasant pleasant trip fantastic hotel fantastic room stay fantastic pleasant fantastic fantastic amazing location room service pleasant fantastic hotel experience service fantastic fantastic pleasant stay fantastic stay hotel pleasant fantastic location pleasant fantastic location experience,Positive
CUST1065,Goa,App,2,stay experience hotel unpleasant stay hotel hotel unpleasant not recommended location stay service stay location unpleasant location location trip service unpleasant trip service not recommended poor service unpleasant unpleasant unpleasant unpleasant unpleasant unpleasant room not recommended stay unpleasant room stay poor unpleasant poor room trip unpleasant poor unpleasant unpleasant location unpleasant unpleasant experience stay stay not recommended unpleasant not recommended poor unpleasant unpleasant,Negative
CUST1066,Goa,Web,3,hotel room average average stay decent decent experience average service acceptable hotel trip hotel average hotel acceptable location decent trip acceptable experience hotel trip acceptable decent stay stay acceptable acceptable service experience trip acceptable acceptable average stay decent service room experience decent experience stay acceptable service hotel hotel stay location average trip average location service acceptable location average room average service service acceptable decent decent acceptable hotel acceptable acceptable hotel acceptable average acceptable average experience trip trip trip average average stay room service decent average decent acceptable hotel stay decent trip experience acceptable service experience decent room acceptable acceptable service decent acceptable location average trip room trip room service experience trip acceptable decent trip average room decent location decent decent acceptable stay trip average decent acceptable service acceptable acceptable trip room experience average experience experience trip service acceptable acceptable experience stay decent location service service trip hotel decent stay acceptable decent location service hotel acceptable hotel stay decent hotel stay experience decent room stay trip stay room room service trip decent trip stay decent hotel average decent hotel average trip trip trip decent acceptable service hotel average trip,Neutral
CUST1067,Mumbai,App,5,hotel recommended room recommended recommended stay location hotel room experience recommended room room pleasant enjoyable location enjoyable recommended recommended hotel hotel recommended experience recommended enjoyable service hotel trip trip location stay room recommended recommended location fantastic experience hotel pleasant enjoyable experience experience enjoyable enjoyable service fantastic location fantastic fantastic enjoyable trip location enjoyable recommended location location trip fantastic recommended trip enjoyable stay pleasant room experience fantastic room trip enjoyable fantastic experience recommended recommended hotel location enjoyable service hotel stay location pleasant pleasant enjoyable recommended stay location service recommended service stay fantastic recommended service experience recommended enjoyable stay fantastic fantastic trip experience enjoyable service enjoyable stay location stay stay experience service trip location hotel enjoyable enjoyable enjoyable recommended location pleasant location experience recommended room enjoyable fantastic recommended service fantastic enjoyable hotel enjoyable stay trip stay service enjoyable enjoyable room experience location enjoyable pleasant enjoyable recommended hotel room pleasant hotel enjoyable location enjoyable enjoyable room recommended stay stay trip recommended room service enjoyable room stay pleasant experience pleasant location pleasant stay recommended,Positive
CUST1068,Jaipur,App,1,experience location unpleasant hotel unpleasant unpleasant hotel experience room location trip unpleasant unpleasant hotel experience stay unpleasant unpleasant unpleasant service experience location service bad service stay trip hotel terrible unpleasant experience trip unpleasant room hotel stay stay terrible terrible location trip service location trip trip unpleasant unpleasant unpleasant service experience service hotel bad location service room unpleasant unpleasant room terrible room experience stay trip hotel room unpleasant unpleasant unpleasant room bad stay unpleasant service room stay unpleasant room experience experience service terrible location unpleasant location experience stay room stay unpleasant unpleasant experience room trip service bad unpleasant hotel bad unpleasant unpleasant location unpleasant stay unpleasant terrible trip room stay experience unpleasant stay bad trip unpleasant hotel location hotel unpleasant terrible bad unpleasant trip trip service stay service experience unpleasant unpleasant experience terrible hotel stay terrible service terrible terrible location hotel trip unpleasant room stay trip trip location hotel unpleasant bad hotel stay room stay service hotel location trip terrible room stay terrible trip trip bad trip unpleasant experience unpleasant unpleasant service terrible terrible trip unpleasant experience stay stay unpleasant unpleasant unpleasant hotel unpleasant hotel unpleasant bad unpleasant service terrible terrible unpleasant hotel experience trip room,Negative
CUST1069,Mumbai,Web,5,fantastic fantastic pleasant hotel enjoyable stay service fantastic enjoyable location trip pleasant fantastic pleasant stay hotel pleasant pleasant amazing fantastic pleasant enjoyable fantastic experience amazing experience pleasant stay stay pleasant pleasant pleasant hotel experience location hotel fantastic room location hotel fantastic pleasant pleasant service location amazing location pleasant experience trip pleasant fantastic pleasant trip experience amazing room pleasant location enjoyable location stay fantastic hotel hotel amazing service amazing stay pleasant fantastic enjoyable trip fantastic hotel stay service trip fantastic hotel fantastic enjoyable service service trip hotel hotel experience fantastic fantastic location service fantastic room hotel pleasant pleasant fantastic service amazing pleasant hotel stay experience hotel room pleasant amazing pleasant enjoyable amazing fantastic service fantastic trip stay fantastic pleasant fantastic service hotel fantastic fantastic stay service pleasant service hotel location service fantastic experience fantastic stay pleasant fantastic pleasant location room location experience pleasant pleasant pleasant pleasant trip fantastic experience pleasant location stay hotel stay pleasant hotel fantastic amazing experience enjoyable pleasant room pleasant pleasant amazing pleasant room fantastic enjoyable service trip amazing location hotel stay pleasant enjoyable enjoyable fantastic fantastic pleasant location trip pleasant trip amazing fantastic pleasant service room location amazing location fantastic,Positive
CUST1070,Bangalore,App,4,trip experience location experience recommended service recommended trip recommended fantastic trip location recommended fantastic recommended recommended hotel experience room experience,Positive
CUST1071,Goa,App,5,room pleasant stay fantastic stay service location fantastic hotel great service room pleasant hotel pleasant hotel experience great service trip fantastic pleasant trip amazing great service fantastic hotel amazing pleasant experience stay room pleasant pleasant amazing stay fantastic amazing room room fantastic pleasant fantastic room trip hotel stay trip hotel amazing service service room fantastic stay hotel location pleasant pleasant pleasant stay pleasant room service stay great service hotel stay hotel experience service amazing fantastic room service room amazing pleasant fantastic stay fantastic,Positive
CUST1072,Jaipur,Web,5,fantastic fantastic service enjoyable room fantastic service fantastic enjoyable service location enjoyable fantastic enjoyable stay hotel location enjoyable recommended location trip enjoyable fantastic enjoyable fantastic recommended enjoyable stay stay service enjoyable experience room fantastic recommended fantastic fantastic recommended fantastic stay location fantastic trip enjoyable stay experience room recommended enjoyable recommended fantastic location enjoyable enjoyable enjoyable trip trip enjoyable hotel enjoyable enjoyable hotel room stay enjoyable enjoyable experience enjoyable enjoyable trip stay service enjoyable recommended fantastic fantastic enjoyable room stay enjoyable stay hotel service service recommended enjoyable trip recommended enjoyable recommended enjoyable enjoyable stay room room fantastic room stay location enjoyable experience hotel recommended service room location room trip enjoyable hotel enjoyable recommended recommended trip stay experience fantastic enjoyable service service location fantastic hotel experience fantastic service recommended trip location trip hotel stay trip location room location enjoyable enjoyable enjoyable fantastic enjoyable enjoyable enjoyable enjoyable stay trip hotel service fantastic enjoyable room fantastic location hotel location fantastic recommended room stay room service hotel hotel fantastic fantastic experience fantastic experience enjoyable enjoyable hotel enjoyable stay enjoyable service,Positive
CUST1073,Bangalore,App,4,location hotel hotel experience fantastic trip recommended recommended fantastic experience room stay location trip fantastic experience pleasant stay experience trip service trip room trip service great service hotel location experience fantastic stay great service great service great service room experience stay fantastic great service fantastic experience room service experience fantastic service stay room great service hotel hotel great service pleasant experience fantastic great service fantastic fantastic location fantastic fantastic stay recommended hotel experience stay stay hotel fantastic room stay hotel room fantastic hotel recommended pleasant great service fantastic service trip hotel service great service recommended trip fantastic location fantastic fantastic fantastic fantastic hotel stay great service fantastic great service hotel great service fantastic hotel stay fantastic room hotel location location trip location location hotel stay hotel pleasant experience great service recommended room great service trip trip experience stay recommended fantastic hotel room room experience great service experience recommended pleasant fantastic trip hotel fantastic stay location great service service great service recommended fantastic experience fantastic location room pleasant stay fantastic pleasant experience trip experience recommended stay service great service fantastic hotel fantastic hotel fantastic,Positive
CUST1074,Delhi,Web,1,service poor unpleasant location unpleasant unpleasant experience experience bad experience poor service bad hotel bad experience poor hotel poor room poor unpleasant unpleasant stay room room trip unpleasant poor experience poor bad location experience room experience room experience poor room unpleasant room room location room bad stay location location hotel stay bad location hotel hotel room poor stay unpleasant location bad experience service room stay poor location bad hotel hotel service poor poor location stay bad poor hotel poor hotel poor stay poor unpleasant poor experience room location poor poor poor poor hotel poor hotel unpleasant location location location experience room location room location bad experience unpleasant trip poor location trip hotel trip service location poor trip unpleasant experience location trip unpleasant location,Negative
CUST1075,Mumbai,App,1,poor poor stay poor unpleasant bad stay bad trip unpleasant unpleasant stay service trip poor poor experience bad unpleasant location poor bad poor trip bad room trip poor hotel trip trip poor location poor bad stay poor room unpleasant stay room unpleasant poor stay service location experience stay location room hotel poor poor experience poor trip room service service bad poor poor trip room unpleasant stay experience hotel unpleasant poor bad room room experience experience service room location poor experience experience experience experience poor service service poor experience unpleasant room room hotel trip bad room bad unpleasant experience location stay stay unpleasant bad service poor poor stay trip service bad experience poor poor poor experience poor poor stay stay experience experience trip stay bad bad hotel room trip poor poor stay experience poor stay bad unpleasant service room location trip bad bad experience stay room poor experience unpleasant poor room bad poor,Negative
CUST1076,Mumbai,App,1,poor unpleasant terrible poor room stay terrible experience experience location terrible stay terrible unpleasant poor unpleasant terrible unpleasant terrible service terrible trip trip stay poor poor trip location trip terrible trip room terrible terrible service location stay experience terrible room terrible trip room experience service service service unpleasant poor terrible experience unpleasant poor poor hotel terrible room terrible poor trip poor room poor poor unpleasant unpleasant unpleasant terrible room terrible location poor unpleasant unpleasant terrible service hotel experience experience poor hotel service trip room experience poor terrible hotel unpleasant service poor service terrible poor hotel service location experience stay unpleasant unpleasant location room location poor poor service experience poor unpleasant trip service room hotel stay unpleasant terrible hotel hotel poor service poor trip stay poor service hotel poor terrible service room experience hotel service location terrible service terrible stay poor hotel service trip location stay,Negative
CUST1077,Bangalore,App,4,enjoyable trip recommended pleasant pleasant experience fantastic fantastic experience great service experience trip trip enjoyable fantastic hotel great service pleasant stay pleasant stay recommended experience room recommended enjoyable room service experience enjoyable enjoyable room experience location stay room experience great service room service service stay pleasant service recommended pleasant great service great service location location trip recommended enjoyable experience trip service location fantastic service pleasant experience experience stay pleasant enjoyable hotel trip location hotel location pleasant recommended amazing pleasant amazing enjoyable experience enjoyable room enjoyable great service location amazing trip enjoyable hotel experience location great service pleasant experience service amazing room pleasant pleasant recommended hotel great service room pleasant amazing trip trip experience enjoyable enjoyable great service amazing amazing enjoyable amazing pleasant great service service trip recommended trip experience pleasant amazing trip fantastic service location hotel room amazing experience enjoyable room trip,Positive
CUST1078,Bangalore,Web,2,stay hotel experience unpleasant bad bad location room terrible experience unpleasant unpleasant service bad location not recommended not recommended service not recommended not recommended hotel trip stay room terrible trip service trip not recommended trip not recommended stay stay trip stay terrible location not recommended not recommended location room service experience not recommended hotel terrible trip service not recommended room location bad room hotel experience location stay service not recommended service room not recommended hotel room trip bad terrible not recommended trip not recommended experience trip location not recommended trip bad terrible room room hotel room unpleasant terrible hotel not recommended service terrible location trip room room unpleasant terrible unpleasant service not recommended trip not recommended hotel not recommended not recommended hotel not recommended service hotel terrible unpleasant experience hotel room hotel not recommended terrible terrible bad bad terrible room bad location location hotel trip not recommended not recommended not recommended terrible hotel service service trip experience terrible service unpleasant stay terrible hotel stay,Negative
CUST1079,Jaipur,App,3,trip experience acceptable trip location room trip hotel trip experience average hotel average hotel acceptable room average experience hotel service location experience acceptable service room trip hotel trip trip hotel okay service okay acceptable hotel experience hotel acceptable acceptable experience experience acceptable okay service acceptable acceptable room okay acceptable room acceptable acceptable average room hotel service trip acceptable average room trip okay location acceptable average acceptable service experience room trip acceptable hotel average room hotel room acceptable hotel hotel experience room stay average acceptable location acceptable okay service stay room acceptable experience experience trip room service hotel room acceptable room,Neutral
CUST1080,Delhi,App,1,room service not recommended hotel terrible service experience experience not recommended room stay hotel stay service experience bad bad terrible not recommended bad bad room service bad bad experience bad not recommended experience bad terrible experience bad bad terrible not recommended bad bad,Negative
CUST1081,Goa,Web,4,trip amazing experience pleasant pleasant pleasant pleasant stay fantastic fantastic fantastic stay pleasant trip pleasant location stay stay room amazing hotel pleasant great service room location service service location experience fantastic location experience hotel fantastic stay trip pleasant pleasant pleasant fantastic location pleasant room pleasant hotel pleasant trip pleasant room fantastic great service stay room pleasant pleasant amazing service service pleasant trip pleasant great service pleasant service service trip great service service stay fantastic trip pleasant great service stay hotel hotel great service pleasant room hotel great service pleasant trip location room pleasant amazing fantastic location hotel stay trip service hotel experience amazing great service trip room great service pleasant great service room pleasant trip pleasant service room great service stay great service trip great service amazing stay location experience great service stay hotel great service service amazing fantastic pleasant location service pleasant fantastic,Positive
CUST1082,Mumbai,Web,3,location average location room service moderate service hotel average stay average service experience moderate trip moderate average average room decent okay experience room okay average trip okay decent hotel decent decent hotel service okay trip moderate okay okay average service location trip hotel room stay stay average moderate service service trip experience experience decent okay average service hotel okay stay location trip service moderate room location experience hotel service stay decent okay moderate experience decent experience room room service experience location decent average average location decent average average service average location okay average location location trip hotel decent average service experience stay stay decent trip stay moderate service hotel stay experience decent location stay trip location service location okay moderate location location decent okay trip experience average stay hotel decent service stay average room moderate decent trip room,Neutral
CUST1083,Mumbai,App,3,room hotel average hotel trip location okay location average okay experience average room okay average hotel room okay room average stay room location trip location,Neutral
CUST1084,Goa,Web,5,recommended location room hotel recommended room service service fantastic great service enjoyable experience recommended location great service fantastic fantastic hotel hotel fantastic service fantastic fantastic amazing hotel fantastic amazing hotel room experience stay hotel hotel hotel location fantastic trip great service great service fantastic stay room hotel service enjoyable great service experience fantastic location stay great service fantastic room great service amazing stay recommended enjoyable hotel great service trip experience trip trip amazing fantastic amazing trip location hotel location hotel enjoyable hotel service fantastic service service experience amazing experience room fantastic location hotel location location room experience fantastic stay amazing enjoyable experience great service fantastic service service stay hotel fantastic amazing amazing room stay location recommended fantastic hotel fantastic stay enjoyable,Positive
CUST1085,Bangalore,App,3,trip room moderate location average location hotel service room decent hotel experience service decent acceptable decent room service average hotel moderate hotel acceptable decent room trip location room location decent room stay average experience acceptable moderate moderate service stay acceptable average hotel moderate moderate room moderate decent experience moderate service trip experience hotel room acceptable average service experience stay service trip average moderate experience experience service moderate experience decent experience moderate decent experience service stay service experience room location decent room room moderate room trip moderate stay experience moderate decent trip moderate moderate stay room location hotel moderate stay room moderate trip acceptable location location room decent moderate service service location trip moderate experience trip stay location trip decent moderate stay average room decent moderate stay trip hotel experience hotel acceptable moderate acceptable room average average location service acceptable trip stay average service location moderate stay room trip stay acceptable trip acceptable service moderate location moderate hotel room trip,Neutral
CUST1086,Bangalore,Web,5,amazing room fantastic recommended fantastic room recommended location stay room stay fantastic room stay service room experience experience stay service experience recommended great service room amazing amazing amazing room amazing great service service room trip trip stay stay room service location hotel experience location trip stay service hotel location fantastic room recommended service room fantastic hotel stay hotel fantastic trip location recommended fantastic recommended great service stay service amazing fantastic trip fantastic service service great service trip fantastic fantastic experience stay stay location pleasant stay hotel room service recommended experience great service fantastic experience great service trip fantastic stay experience service fantastic fantastic great service great service stay location great service amazing fantastic hotel recommended fantastic stay location location service fantastic experience stay amazing hotel room fantastic experience pleasant fantastic experience hotel experience great service trip room great service stay service hotel amazing experience location location experience hotel recommended location pleasant service stay trip experience,Positive
CUST1087,Delhi,App,5,great service experience fantastic enjoyable experience location room great service recommended service recommended amazing amazing fantastic recommended trip hotel room location enjoyable service trip stay,Positive
CUST1088,Mumbai,App,1,trip experience poor room not recommended not recommended trip not recommended unpleasant room poor hotel experience location location hotel poor room poor not recommended room trip service unpleasant poor room not recommended stay unpleasant trip unpleasant room experience not recommended location stay not recommended location poor hotel not recommended not recommended room stay poor poor not recommended unpleasant not recommended room unpleasant room room location poor not recommended trip unpleasant location room trip poor room not recommended unpleasant stay location hotel trip trip location trip not recommended not recommended poor location room not recommended trip not recommended trip hotel trip location stay experience unpleasant not recommended location stay service not recommended trip experience location room trip stay experience stay service not recommended experience room hotel not recommended service trip not recommended not recommended poor not recommended experience trip room unpleasant not recommended trip room not recommended room trip stay location poor hotel location poor unpleasant hotel unpleasant room service hotel not recommended experience not recommended trip service experience,Negative
CUST1089,Delhi,Web,2,hotel trip not recommended hotel experience experience trip not recommended not recommended bad bad not recommended stay poor location not recommended location poor poor room service trip location location service trip service service room poor not recommended service not recommended not recommended poor hotel service trip poor room hotel poor experience poor location poor poor poor poor location stay room not recommended poor poor trip bad trip not recommended trip room trip trip hotel stay experience not recommended trip trip bad poor stay room bad poor not recommended stay poor experience location location not recommended hotel trip experience stay location poor room not recommended,Negative
CUST1090,Mumbai,Web,5,location enjoyable trip enjoyable hotel experience enjoyable stay trip location room room great service experience experience experience recommended experience room experience hotel location great service pleasant enjoyable recommended experience stay trip recommended location pleasant great service room location room great service room service recommended service great service location recommended great service service service great service room service great service service service great service service location enjoyable hotel great service experience hotel experience enjoyable location great service experience enjoyable stay room hotel location experience experience experience recommended stay great service service location pleasant service recommended location great service service recommended great service stay stay stay stay pleasant recommended recommended room service recommended great service stay pleasant great service great service great service trip great service great service experience great service stay pleasant trip hotel location service service great service recommended service enjoyable great service room trip hotel room recommended enjoyable great service experience great service great service great service hotel trip location hotel location recommended service enjoyable great service great service service experience service great service experience trip location location great service,Positive
CUST1091,Goa,App,5,location room recommended experience recommended service trip service experience trip trip experience location recommended location hotel service service location hotel amazing room experience amazing room amazing amazing trip trip trip trip recommended recommended experience service location location service experience amazing experience hotel recommended room room experience service service hotel pleasant experience location experience amazing recommended stay recommended room,Positive
CUST1092,Mumbai,Web,5,great service trip amazing experience pleasant great service pleasant recommended stay location service amazing location great service recommended great service room recommended room pleasant room hotel recommended hotel location recommended experience recommended amazing amazing experience stay stay recommended stay experience pleasant room experience recommended experience room location room room recommended stay experience hotel recommended recommended recommended stay stay hotel room experience stay experience hotel experience great service recommended stay recommended recommended amazing service stay trip experience recommended recommended stay pleasant location great service pleasant room amazing great service recommended stay amazing service amazing recommended room recommended amazing recommended recommended pleasant recommended recommended recommended recommended trip recommended recommended trip service trip recommended recommended pleasant recommended recommended trip recommended trip great service recommended trip experience location service recommended recommended recommended recommended pleasant hotel pleasant recommended recommended stay great service location experience service experience trip location hotel hotel recommended hotel recommended hotel amazing great service hotel service pleasant,Positive
CUST1093,Goa,App,4,recommended location room room location recommended fantastic location enjoyable fantastic location trip experience hotel great service recommended room room recommended service enjoyable enjoyable stay room enjoyable enjoyable location room location great service trip experience fantastic service room trip location trip service trip service recommended trip great service recommended room fantastic room enjoyable enjoyable great service service fantastic enjoyable pleasant trip service hotel enjoyable great service hotel service recommended stay great service experience trip trip pleasant great service service fantastic trip pleasant recommended great service fantastic enjoyable enjoyable great service hotel trip location enjoyable stay recommended trip stay experience,Positive
CUST1094,Delhi,App,4,pleasant pleasant trip experience pleasant recommended service hotel location recommended pleasant trip hotel location recommended fantastic service amazing recommended amazing stay recommended service amazing recommended fantastic service trip recommended room amazing fantastic amazing amazing recommended hotel amazing amazing pleasant fantastic fantastic amazing trip fantastic location service service experience service amazing amazing location pleasant fantastic amazing hotel location amazing amazing stay amazing trip pleasant service location amazing amazing recommended amazing experience amazing amazing recommended stay location amazing location experience trip recommended location service room experience fantastic trip amazing recommended hotel amazing service amazing stay hotel fantastic amazing room service location location amazing pleasant pleasant pleasant fantastic service location recommended amazing amazing hotel trip experience experience amazing experience amazing hotel amazing pleasant amazing amazing amazing amazing service amazing amazing amazing fantastic fantastic amazing experience location trip room amazing room room stay amazing recommended stay experience hotel amazing fantastic hotel pleasant pleasant amazing recommended amazing amazing pleasant amazing location service stay location amazing pleasant location amazing service stay hotel trip hotel,Positive
CUST1095,Goa,Web,3,location hotel decent hotel trip room experience stay okay decent experience trip hotel trip okay trip average moderate room hotel experience average okay average hotel room decent okay location trip average average service average service stay location stay experience moderate decent trip average location okay stay location trip location stay decent decent decent room service okay room okay trip average experience room stay service service average location experience experience average room room location hotel stay hotel location average trip okay experience okay hotel experience service okay okay okay room experience decent average moderate decent location okay service trip service okay stay,Neutral
CUST1096,Bangalore,App,3,trip average location decent location location hotel service hotel service okay location okay location hotel hotel average moderate room service service average experience average hotel experience moderate okay hotel moderate trip hotel experience experience average hotel location room average hotel service hotel experience moderate average service,Neutral
CUST1097,Delhi,App,4,pleasant pleasant room pleasant fantastic fantastic trip great service room trip stay pleasant fantastic experience great service trip great service great service fantastic experience hotel experience trip location hotel great service location location hotel fantastic stay pleasant fantastic location great service location great service fantastic fantastic location great service location fantastic fantastic service great service experience service fantastic room pleasant experience great service fantastic stay fantastic stay room fantastic pleasant fantastic great service pleasant service trip service fantastic stay fantastic great service service fantastic fantastic fantastic room fantastic stay location fantastic stay hotel service location great service stay service service fantastic pleasant trip location fantastic hotel service room location pleasant stay hotel room experience room fantastic fantastic service service location fantastic service room hotel hotel great service service location trip location room pleasant room room hotel trip room great service pleasant fantastic fantastic hotel service fantastic experience pleasant fantastic great service stay great service fantastic,Positive
CUST1098,Jaipur,Web,3,average location location okay location service hotel trip location moderate average trip moderate average room moderate trip decent trip stay decent service service average okay hotel room decent trip hotel decent okay service hotel hotel hotel,Neutral
CUST1099,Goa,Web,1,unpleasant service hotel stay trip not recommended bad service service location room stay room location location bad unpleasant experience unpleasant unpleasant not recommended hotel stay not recommended location location bad experience location service room experience unpleasant unpleasant hotel hotel bad hotel unpleasant bad hotel not recommended unpleasant experience bad trip bad not recommended experience trip room location location location room bad stay bad unpleasant room location stay hotel unpleasant bad not recommended stay trip unpleasant trip stay service stay not recommended hotel experience experience stay service stay service bad not recommended trip location unpleasant unpleasant trip bad experience experience experience experience hotel trip hotel room stay bad stay stay stay room stay room bad unpleasant experience unpleasant unpleasant location unpleasant room not recommended not recommended room service bad unpleasant stay hotel bad stay not recommended hotel hotel location location unpleasant service not recommended hotel bad room hotel trip hotel trip bad unpleasant unpleasant unpleasant service not recommended hotel room stay stay not recommended not recommended location stay trip bad trip trip stay room experience experience experience service not recommended trip unpleasant experience location trip room service not recommended not recommended experience unpleasant room unpleasant unpleasant bad bad unpleasant hotel,Negative
CUST1100,Jaipur,Web,5,fantastic fantastic experience fantastic location pleasant great service trip great service stay experience trip stay great service fantastic fantastic stay experience fantastic trip service fantastic hotel trip location great service great service location great service hotel great service hotel fantastic service fantastic great service hotel fantastic stay fantastic experience fantastic great service pleasant great service location service service pleasant fantastic stay fantastic location experience great service fantastic hotel room stay fantastic stay great service recommended stay location hotel trip great service experience experience service room pleasant service fantastic location fantastic hotel great service fantastic room location recommended great service stay recommended great service trip location room service experience recommended great service trip stay hotel recommended recommended fantastic trip location experience recommended great service room recommended stay hotel recommended fantastic,Positive
CUST1101,Goa,App,1,location not recommended experience experience experience bad not recommended experience poor location trip hotel stay hotel trip not recommended location bad stay poor trip experience stay stay location not recommended experience poor service service hotel room not recommended stay experience experience poor location poor bad stay experience hotel poor poor experience bad stay not recommended experience hotel room stay hotel experience room trip stay service experience poor poor not recommended trip poor poor poor stay stay service location experience experience poor not recommended experience stay not recommended poor service poor poor location trip poor service hotel poor poor bad poor room poor experience poor bad bad service not recommended trip,Negative
CUST1102,Goa,Web,1,experience experience hotel not recommended experience not recommended unpleasant unpleasant location experience trip bad not recommended bad stay bad trip service service not recommended poor not recommended not recommended bad stay trip hotel service experience unpleasant hotel service room poor room not recommended room location trip unpleasant room room poor location location experience location not recommended trip experience experience unpleasant experience poor unpleasant not recommended poor not recommended stay location trip stay trip service not recommended experience service not recommended experience hotel location poor experience trip trip not recommended unpleasant not recommended not recommended location not recommended bad trip experience hotel experience stay poor trip service experience trip trip room service unpleasant unpleasant unpleasant not recommended room experience trip poor location bad location not recommended experience location unpleasant not recommended unpleasant unpleasant bad bad not recommended service poor experience trip service experience room experience poor stay stay stay poor bad not recommended stay room trip experience not recommended not recommended trip experience bad trip,Negative
CUST1103,Bangalore,App,5,location experience room pleasant trip stay pleasant experience fantastic trip fantastic fantastic service hotel hotel amazing fantastic experience service service hotel trip service pleasant pleasant room amazing fantastic room amazing amazing trip service pleasant hotel trip pleasant experience fantastic location location stay experience amazing pleasant stay trip location pleasant experience amazing trip service location location hotel amazing amazing fantastic pleasant fantastic pleasant stay stay amazing location amazing pleasant amazing stay experience room pleasant stay pleasant amazing fantastic amazing fantastic stay hotel trip amazing fantastic fantastic pleasant trip pleasant location pleasant hotel fantastic experience service fantastic trip location fantastic amazing room room trip fantastic pleasant room hotel hotel amazing pleasant experience room amazing hotel room fantastic fantastic hotel pleasant pleasant trip service service trip room stay pleasant hotel amazing amazing amazing fantastic service experience trip hotel service location trip hotel service amazing stay pleasant amazing fantastic amazing amazing fantastic room amazing fantastic location amazing amazing amazing location room amazing amazing fantastic fantastic hotel room amazing amazing location amazing,Positive
CUST1104,Mumbai,App,5,pleasant location stay amazing pleasant experience amazing pleasant amazing recommended trip pleasant trip pleasant location hotel stay location hotel pleasant stay service pleasant pleasant pleasant amazing trip enjoyable recommended stay service enjoyable pleasant location pleasant room location enjoyable location room amazing service pleasant stay room amazing room amazing recommended enjoyable pleasant pleasant room experience experience trip stay location experience room experience amazing stay experience pleasant recommended experience enjoyable location location location stay hotel experience stay stay trip room service pleasant amazing trip amazing location trip amazing service enjoyable location hotel pleasant amazing enjoyable location recommended location pleasant stay pleasant stay hotel enjoyable service room stay pleasant stay pleasant room pleasant stay pleasant service amazing amazing experience enjoyable amazing hotel stay amazing recommended location pleasant recommended room recommended amazing location experience trip trip pleasant enjoyable trip enjoyable room hotel service pleasant experience room amazing trip stay stay room hotel pleasant amazing pleasant location hotel trip hotel pleasant amazing service hotel,Positive
CUST1105,Goa,App,1,unpleasant service hotel terrible location room hotel experience unpleasant service stay experience hotel stay trip room unpleasant stay unpleasant trip terrible poor stay terrible service poor trip trip trip service experience hotel stay stay experience trip room hotel poor unpleasant unpleasant location experience hotel experience room unpleasant terrible unpleasant experience poor terrible terrible location trip trip terrible terrible experience poor experience experience hotel unpleasant terrible trip terrible service trip trip terrible terrible service unpleasant unpleasant experience location experience trip stay terrible service experience trip terrible stay unpleasant unpleasant poor experience hotel stay poor stay terrible service location experience room terrible stay hotel terrible service poor terrible poor trip unpleasant terrible unpleasant location location hotel unpleasant service room experience stay room terrible experience trip location unpleasant poor experience unpleasant hotel hotel terrible room terrible experience experience location unpleasant unpleasant hotel poor service unpleasant trip trip trip location experience,Negative
CUST1106,Bangalore,Web,5,amazing fantastic room pleasant room amazing fantastic location recommended trip hotel fantastic room hotel location amazing experience pleasant fantastic recommended service trip location amazing pleasant fantastic room pleasant recommended fantastic pleasant experience pleasant room service room pleasant location location pleasant amazing experience service room pleasant room amazing stay trip,Positive
CUST1107,Mumbai,App,3,experience hotel location room decent service room experience decent room stay stay okay okay stay average room hotel acceptable experience acceptable decent experience service stay stay decent hotel hotel acceptable trip average stay okay okay acceptable service average decent room experience decent service stay service decent hotel,Neutral
CUST1108,Jaipur,App,4,trip enjoyable location pleasant fantastic experience location stay pleasant experience experience stay service enjoyable enjoyable hotel enjoyable hotel great service trip recommended location hotel great service trip enjoyable location enjoyable room pleasant pleasant pleasant service service enjoyable hotel stay fantastic enjoyable service stay hotel location experience room pleasant service enjoyable trip enjoyable room room location enjoyable enjoyable enjoyable fantastic room trip experience recommended location hotel fantastic recommended enjoyable experience enjoyable enjoyable experience trip hotel hotel recommended enjoyable great service trip enjoyable experience enjoyable hotel fantastic service room trip enjoyable room trip great service service experience great service service location enjoyable trip enjoyable location great service recommended enjoyable recommended great service experience enjoyable enjoyable enjoyable enjoyable fantastic great service recommended hotel recommended location experience pleasant experience pleasant enjoyable fantastic stay pleasant hotel location service room experience trip room trip fantastic service trip service trip enjoyable great service great service experience recommended recommended stay pleasant room service trip great service,Positive
CUST1109,Goa,App,5,enjoyable location service room pleasant stay pleasant trip pleasant room room experience pleasant location trip fantastic pleasant enjoyable trip enjoyable fantastic stay location experience room recommended enjoyable room recommended trip location stay hotel experience enjoyable stay trip enjoyable hotel hotel trip recommended fantastic room,Positive
CUST1110,Bangalore,App,2,service bad experience terrible unpleasant stay service stay unpleasant terrible experience experience unpleasant bad bad room unpleasant hotel location stay service bad bad terrible service trip terrible experience experience bad terrible hotel stay unpleasant unpleasant unpleasant service service stay location terrible trip unpleasant room terrible room unpleasant bad service bad terrible unpleasant bad experience terrible terrible stay terrible experience service bad experience terrible service unpleasant unpleasant bad experience terrible terrible experience terrible experience stay stay room unpleasant hotel experience bad location experience trip room hotel unpleasant service,Negative
CUST1111,Goa,Web,3,acceptable decent moderate decent service room service trip acceptable room acceptable service decent service decent room hotel experience trip moderate hotel acceptable acceptable moderate stay decent trip acceptable room stay location moderate decent room room trip location decent trip trip hotel acceptable location acceptable location hotel moderate decent location moderate acceptable trip hotel acceptable service acceptable stay stay stay acceptable trip location acceptable stay,Neutral
CUST1112,Jaipur,App,4,enjoyable great service great service trip amazing recommended stay pleasant enjoyable experience enjoyable hotel pleasant amazing location experience amazing experience amazing room amazing amazing experience location experience recommended amazing service great service recommended amazing amazing enjoyable recommended service recommended service trip pleasant amazing stay great service hotel enjoyable recommended location recommended amazing room service trip location stay hotel stay great service recommended stay recommended trip recommended experience location recommended amazing pleasant room great service pleasant enjoyable pleasant amazing hotel experience location room enjoyable enjoyable pleasant enjoyable recommended recommended hotel recommended room pleasant experience enjoyable amazing room trip enjoyable great service location pleasant enjoyable service experience enjoyable room great service hotel experience trip trip pleasant location room hotel recommended great service stay enjoyable amazing great service trip,Positive
CUST1113,Bangalore,App,1,poor trip experience unpleasant room trip trip hotel service poor service not recommended bad service unpleasant poor stay poor room poor bad experience unpleasant stay service not recommended hotel service room location unpleasant experience service service location experience,Negative
CUST1114,Goa,App,4,stay service great service great service trip fantastic location service fantastic fantastic fantastic room great service trip enjoyable great service great service service hotel hotel fantastic fantastic service great service stay fantastic service experience fantastic hotel location fantastic fantastic,Positive
CUST1115,Bangalore,App,5,fantastic service experience location amazing fantastic hotel hotel enjoyable location amazing experience amazing recommended enjoyable enjoyable recommended trip enjoyable trip fantastic trip trip amazing enjoyable fantastic enjoyable recommended fantastic fantastic recommended stay service room amazing service recommended recommended experience stay service enjoyable trip hotel amazing enjoyable location stay enjoyable enjoyable room service trip stay amazing hotel room stay stay room hotel enjoyable amazing trip stay service amazing fantastic recommended room experience enjoyable service service amazing enjoyable enjoyable amazing enjoyable enjoyable enjoyable location amazing location service stay trip enjoyable recommended room stay amazing trip fantastic fantastic room experience amazing service experience hotel amazing enjoyable enjoyable hotel enjoyable fantastic fantastic trip service,Positive
CUST1116,Goa,Web,5,pleasant amazing great service great service pleasant trip pleasant service great service pleasant service experience amazing stay trip great service trip amazing enjoyable hotel great service stay stay enjoyable trip pleasant service pleasant pleasant room pleasant location room enjoyable room great service great service great service amazing pleasant trip trip stay service great service trip experience pleasant room amazing experience room hotel hotel room stay,Positive
CUST1117,Delhi,Web,5,room location recommended recommended trip great service trip experience fantastic great service trip fantastic service hotel trip experience location recommended pleasant trip hotel hotel service great service fantastic pleasant fantastic great service recommended great service recommended service trip location stay recommended service location recommended experience recommended great service stay fantastic recommended trip experience service great service recommended recommended fantastic pleasant experience fantastic recommended hotel great service pleasant service stay hotel experience trip recommended location experience service fantastic recommended fantastic service room recommended room recommended room room recommended pleasant recommended stay hotel experience stay room recommended recommended service recommended hotel experience pleasant location fantastic fantastic trip service fantastic location trip room pleasant fantastic fantastic experience pleasant experience great service stay room experience recommended hotel recommended fantastic location pleasant trip pleasant recommended trip trip fantastic fantastic great service recommended service recommended great service stay service location stay great service fantastic hotel fantastic hotel trip recommended fantastic hotel stay stay recommended location room trip room recommended great service recommended stay stay pleasant service pleasant hotel trip great service pleasant recommended recommended service experience fantastic recommended great service hotel trip recommended great service fantastic hotel experience recommended stay stay recommended hotel,Positive
CUST1118,Delhi,App,5,experience pleasant fantastic location enjoyable stay trip service fantastic pleasant amazing enjoyable enjoyable pleasant stay room trip hotel amazing room experience enjoyable fantastic,Positive
CUST1119,Jaipur,Web,5,hotel amazing fantastic location location enjoyable enjoyable enjoyable experience service hotel hotel fantastic room stay hotel room enjoyable fantastic hotel enjoyable stay stay fantastic hotel enjoyable amazing service hotel room fantastic hotel room enjoyable experience service enjoyable room hotel amazing enjoyable hotel hotel enjoyable amazing trip fantastic service enjoyable trip service enjoyable stay enjoyable amazing trip amazing fantastic location service amazing fantastic stay hotel experience room service service service enjoyable fantastic enjoyable enjoyable fantastic enjoyable enjoyable stay experience hotel hotel service enjoyable experience hotel stay trip hotel location fantastic enjoyable amazing trip amazing enjoyable amazing amazing location location enjoyable hotel amazing amazing enjoyable hotel amazing enjoyable service fantastic amazing enjoyable amazing enjoyable amazing amazing enjoyable stay enjoyable room enjoyable amazing service room enjoyable service amazing hotel room hotel enjoyable hotel enjoyable room enjoyable service enjoyable stay location experience fantastic location fantastic location amazing stay enjoyable stay experience,Positive
CUST1120,Mumbai,Web,1,room bad stay bad hotel stay terrible hotel service terrible location service room bad not recommended location room terrible location experience experience stay stay unpleasant experience location hotel trip stay stay experience unpleasant experience room stay terrible hotel experience room service location location experience bad terrible experience room not recommended not recommended not recommended service terrible unpleasant service location terrible terrible service terrible bad location bad hotel experience not recommended room location not recommended not recommended service terrible experience not recommended service service hotel room terrible terrible not recommended location bad not recommended trip room terrible location terrible trip bad experience terrible hotel hotel service trip terrible service bad trip unpleasant experience location bad location location trip hotel not recommended trip service hotel service hotel hotel location bad location hotel unpleasant terrible trip experience experience unpleasant service location location bad stay hotel hotel service terrible terrible not recommended unpleasant hotel unpleasant terrible bad not recommended bad terrible hotel trip terrible stay terrible experience trip service unpleasant service bad experience trip hotel room experience not recommended experience stay stay terrible stay hotel terrible service service room location not recommended,Negative
CUST1121,Delhi,App,5,fantastic fantastic room hotel pleasant pleasant service experience pleasant amazing recommended service room recommended fantastic room fantastic stay pleasant room location amazing experience,Positive
CUST1122,Mumbai,App,3,decent trip trip trip location trip service stay service acceptable trip decent acceptable decent location hotel decent trip moderate experience room hotel trip experience moderate room experience experience decent service stay room okay hotel moderate room acceptable service acceptable moderate acceptable okay room trip hotel hotel acceptable decent location hotel experience location stay stay trip acceptable location room experience stay hotel service decent okay stay trip acceptable hotel hotel decent room moderate moderate stay acceptable service decent okay hotel decent moderate trip acceptable acceptable okay decent location room trip acceptable trip location room decent service room acceptable location experience experience okay okay moderate decent okay trip location room location location hotel trip decent location okay stay decent stay room hotel hotel decent trip location hotel okay okay acceptable acceptable acceptable experience decent location okay experience moderate okay room experience decent experience decent moderate location experience room acceptable acceptable location hotel stay location trip acceptable stay trip room acceptable,Neutral
CUST1123,Mumbai,App,5,great service room pleasant service great service pleasant great service stay amazing service location service location pleasant hotel amazing great service service location great service experience great service great service experience amazing hotel hotel great service stay great service amazing great service trip amazing experience great service great service pleasant great service room location amazing service great service hotel location pleasant stay great service great service pleasant service great service trip great service service location great service amazing location great service hotel stay experience trip pleasant stay stay stay,Positive
CUST1124,Delhi,Web,4,service experience hotel room great service pleasant great service stay hotel great service enjoyable great service trip great service service hotel hotel experience location hotel enjoyable recommended hotel recommended room room enjoyable hotel recommended location room recommended great service stay hotel service recommended location recommended hotel stay stay amazing service room experience amazing location amazing room trip great service great service stay room amazing amazing recommended recommended recommended trip experience great service great service location great service location enjoyable amazing enjoyable room service service enjoyable trip amazing,Positive
CUST1125,Delhi,App,2,hotel terrible hotel location stay experience service room not recommended experience service room unpleasant terrible service not recommended poor poor location terrible stay experience service terrible hotel stay terrible location unpleasant trip trip not recommended trip unpleasant room room stay service service room poor location stay stay service not recommended location stay trip terrible poor hotel poor poor location experience terrible location hotel poor service stay service room location not recommended unpleasant stay room poor terrible trip trip hotel room room room stay trip experience hotel room experience location hotel poor service stay room trip stay hotel stay trip service unpleasant room poor room trip experience poor location stay terrible room terrible terrible not recommended experience location experience poor experience stay trip poor location unpleasant service poor location unpleasant trip location trip poor terrible hotel experience not recommended room trip stay hotel stay poor terrible experience room trip location poor poor location unpleasant location stay room service not recommended experience location terrible service hotel stay trip room,Negative
CUST1126,Mumbai,Web,3,location acceptable service stay room trip moderate acceptable acceptable trip acceptable experience hotel stay acceptable hotel experience acceptable location moderate acceptable experience trip acceptable stay acceptable acceptable experience experience acceptable acceptable acceptable average average acceptable hotel moderate room moderate trip room acceptable service acceptable trip location experience service acceptable service average acceptable trip average acceptable room trip experience average trip experience,Neutral
CUST1127,Bangalore,App,4,hotel stay great service great service great service fantastic great service great service location pleasant great service great service experience trip room trip great service experience experience recommended trip pleasant location stay location pleasant great service recommended stay experience trip fantastic fantastic hotel location experience great service location fantastic fantastic great service trip fantastic fantastic location pleasant great service pleasant room great service great service experience service experience room service fantastic service great service hotel fantastic fantastic pleasant fantastic trip fantastic stay service hotel location location pleasant service experience trip hotel pleasant great service service trip experience pleasant experience hotel pleasant service room hotel room recommended fantastic hotel recommended hotel fantastic pleasant fantastic service stay experience pleasant service pleasant pleasant recommended stay pleasant,Positive
CUST1128,Jaipur,App,4,trip room great service amazing amazing great service trip great service location hotel amazing enjoyable hotel great service location stay experience room trip location amazing great service stay stay great service enjoyable experience great service experience enjoyable recommended experience service great service trip amazing trip trip great service location trip room trip hotel enjoyable hotel room experience pleasant location enjoyable room pleasant stay great service stay recommended enjoyable great service great service pleasant location room experience service hotel hotel hotel trip great service great service location stay great service location enjoyable amazing location great service great service stay great service location recommended stay recommended great service stay room stay amazing location service trip great service enjoyable amazing great service trip experience enjoyable amazing location trip amazing experience room trip trip recommended recommended recommended recommended great service experience trip stay room,Positive
CUST1129,Delhi,Web,1,location room trip stay room stay room hotel experience stay service hotel stay terrible stay stay trip location bad service terrible trip poor terrible bad stay service terrible stay hotel terrible service room bad service room bad location poor poor bad location bad stay service experience experience bad location stay experience room stay hotel hotel poor bad experience poor bad location terrible bad experience trip room experience trip service location bad experience bad hotel poor room terrible bad experience service poor hotel experience trip stay location location service bad trip bad experience room room bad terrible terrible hotel room bad room trip poor bad stay stay poor service room bad trip location bad location bad bad stay location bad hotel bad poor poor trip bad trip experience hotel bad bad bad stay experience experience service room room service poor poor terrible bad trip service terrible service location poor poor service poor room terrible room terrible bad service stay trip stay experience experience bad bad location room poor room poor location hotel,Negative
CUST1130,Bangalore,App,3,acceptable moderate okay trip hotel location service acceptable okay location stay experience stay service moderate trip location acceptable acceptable service okay moderate okay okay experience acceptable experience room acceptable service hotel service okay location service acceptable trip experience room moderate okay acceptable hotel stay location hotel location hotel service moderate trip acceptable service moderate room acceptable trip hotel service service location okay location okay service moderate trip okay acceptable moderate location trip acceptable acceptable service stay acceptable hotel okay okay service stay acceptable service room moderate location moderate okay location acceptable trip service trip moderate trip room okay okay moderate experience okay room moderate okay location acceptable hotel moderate room hotel acceptable location acceptable service acceptable room location stay okay okay service acceptable acceptable okay service,Neutral
CUST1131,Goa,Web,4,great service room great service hotel pleasant hotel service experience room experience recommended great service trip stay recommended great service location great service service recommended pleasant service location hotel enjoyable great service great service hotel fantastic recommended enjoyable experience room room service recommended room great service location stay fantastic enjoyable hotel hotel location fantastic enjoyable trip enjoyable trip pleasant location great service room great service experience enjoyable service trip recommended pleasant enjoyable stay recommended great service experience trip pleasant fantastic service pleasant great service hotel great service experience pleasant recommended trip enjoyable stay location fantastic,Positive
CUST1132,Goa,Web,5,location recommended pleasant pleasant recommended enjoyable room service pleasant recommended room location pleasant location experience trip experience recommended service pleasant pleasant pleasant amazing recommended pleasant service amazing pleasant hotel enjoyable pleasant location room recommended service room service room service pleasant room enjoyable experience amazing amazing pleasant amazing hotel pleasant stay enjoyable trip enjoyable stay experience recommended amazing stay amazing amazing recommended hotel pleasant hotel location stay service stay service experience enjoyable room service amazing hotel recommended amazing room service recommended experience service pleasant experience recommended amazing location recommended amazing room experience recommended room enjoyable hotel amazing pleasant recommended recommended room stay enjoyable enjoyable hotel pleasant pleasant pleasant location enjoyable trip amazing trip service trip room service enjoyable recommended experience location trip service recommended pleasant pleasant enjoyable location pleasant service service pleasant experience service service pleasant amazing amazing recommended hotel recommended enjoyable location experience recommended recommended amazing hotel trip experience hotel hotel stay service pleasant experience pleasant service experience location service amazing location pleasant stay recommended recommended experience recommended enjoyable pleasant location trip location trip amazing experience amazing hotel recommended amazing,Positive
CUST1133,Jaipur,App,3,trip decent acceptable room service experience location acceptable hotel stay trip stay average stay trip trip decent average average room room room average average room,Neutral
CUST1134,Bangalore,App,5,enjoyable great service service location pleasant stay recommended recommended great service amazing amazing great service pleasant service amazing pleasant stay stay service recommended room pleasant pleasant experience location experience enjoyable service trip service service service recommended experience room recommended great service service experience location pleasant hotel experience,Positive
CUST1135,Mumbai,App,3,room room trip service stay stay acceptable acceptable okay room okay okay okay experience room average okay experience hotel hotel okay stay stay stay decent stay experience average experience service room service acceptable hotel service location experience trip stay stay decent decent average stay experience stay acceptable okay hotel acceptable okay okay room location trip hotel room stay okay hotel acceptable service stay average average stay acceptable hotel average hotel room service okay decent room hotel service okay experience average trip experience room location stay average okay decent stay experience room okay hotel location stay average okay average service experience experience okay okay trip average stay average trip hotel decent hotel room decent location okay acceptable trip decent room service acceptable service average okay stay location hotel trip okay service service location service room okay service okay okay acceptable experience decent experience average stay hotel okay room room acceptable stay,Neutral
CUST1136,Mumbai,Web,1,stay room poor location hotel hotel bad poor bad bad poor stay trip stay experience stay service stay room room bad poor location poor hotel bad location location experience stay experience bad location service service location stay bad terrible stay terrible stay service room bad room bad poor stay poor stay poor room location service poor stay room room room experience service poor terrible stay bad location poor terrible service room room trip bad poor service trip poor location room trip trip location location trip poor hotel service room bad room bad poor hotel stay poor hotel hotel room bad stay stay experience trip bad bad hotel poor hotel room poor experience stay poor trip bad room bad trip experience room trip poor location experience hotel poor experience bad bad bad service trip location terrible bad hotel hotel hotel location trip stay stay trip trip terrible location terrible poor room hotel stay poor poor location trip poor experience stay bad service poor poor bad terrible room bad poor,Negative
CUST1137,Delhi,App,5,location fantastic service amazing location great service trip pleasant great service service stay amazing amazing location enjoyable great service room amazing location experience service enjoyable trip hotel enjoyable stay amazing enjoyable room pleasant great service trip great service trip room experience location amazing fantastic fantastic fantastic room amazing stay amazing pleasant fantastic service hotel hotel pleasant room amazing great service fantastic fantastic enjoyable location enjoyable location pleasant fantastic amazing service hotel fantastic service great service fantastic stay pleasant pleasant enjoyable location location stay service service great service service enjoyable trip hotel fantastic amazing fantastic amazing great service hotel room stay fantastic pleasant pleasant service experience,Positive
CUST1138,Mumbai,App,5,service great service pleasant pleasant room room pleasant location fantastic fantastic pleasant room stay hotel fantastic location service hotel amazing great service fantastic trip amazing room service amazing stay fantastic trip location hotel amazing service experience service fantastic amazing trip pleasant location experience hotel hotel fantastic room amazing service location amazing hotel amazing hotel room hotel stay service fantastic stay service fantastic pleasant amazing room room location amazing hotel room great service location location experience location amazing experience trip amazing pleasant stay great service fantastic trip location experience room experience amazing location fantastic pleasant hotel room amazing experience service great service trip pleasant pleasant pleasant hotel room hotel room service room fantastic amazing location fantastic amazing location fantastic location stay stay fantastic amazing pleasant hotel amazing stay experience experience fantastic,Positive
CUST1139,Goa,App,5,hotel pleasant pleasant amazing fantastic pleasant room service fantastic pleasant hotel recommended experience hotel amazing stay recommended fantastic great service recommended great service great service location service location location amazing hotel fantastic recommended room fantastic stay stay fantastic great service service pleasant room experience trip location experience room amazing amazing amazing fantastic service hotel fantastic service recommended service room location pleasant trip great service trip fantastic fantastic trip pleasant great service,Positive
CUST1140,Jaipur,Web,5,recommended pleasant service stay pleasant stay hotel hotel recommended recommended pleasant room recommended great service recommended pleasant pleasant hotel service experience room hotel trip pleasant stay recommended location stay hotel room room service pleasant experience trip pleasant great service pleasant recommended trip stay pleasant pleasant great service trip pleasant pleasant pleasant pleasant pleasant,Positive
CUST1141,Bangalore,App,5,service location amazing trip great service room location room stay pleasant recommended amazing recommended experience pleasant amazing amazing recommended great service recommended service great service great service room pleasant pleasant great service recommended room stay amazing pleasant great service recommended pleasant hotel service experience location pleasant hotel great service recommended room room hotel room trip pleasant recommended room pleasant pleasant,Positive
CUST1142,Bangalore,App,4,recommended recommended trip enjoyable recommended fantastic amazing service fantastic experience hotel recommended service recommended stay recommended recommended service trip hotel fantastic location enjoyable trip trip recommended trip trip fantastic enjoyable fantastic trip stay amazing recommended trip room experience hotel fantastic enjoyable service fantastic stay trip location recommended experience recommended enjoyable hotel trip recommended amazing enjoyable amazing stay service amazing recommended fantastic recommended trip recommended stay experience fantastic experience location location hotel recommended enjoyable service enjoyable amazing trip service room location recommended recommended experience recommended amazing,Positive
CUST1143,Goa,App,5,amazing trip great service great service stay location amazing service fantastic fantastic enjoyable room trip fantastic room great service experience hotel amazing great service fantastic great service service fantastic experience trip fantastic fantastic amazing trip fantastic hotel fantastic enjoyable hotel amazing great service enjoyable great service location,Positive
CUST1144,Jaipur,Web,1,bad unpleasant location trip unpleasant terrible room hotel terrible experience hotel stay experience service service bad bad stay terrible service bad room location service stay terrible bad stay experience unpleasant trip trip terrible location terrible service experience experience terrible terrible terrible terrible trip terrible bad stay experience terrible terrible service terrible trip service bad hotel service stay trip location unpleasant unpleasant service terrible room terrible terrible hotel experience unpleasant room trip location terrible terrible unpleasant bad terrible location service stay terrible room terrible terrible location bad service unpleasant trip unpleasant stay trip location terrible room room bad terrible experience trip hotel terrible room unpleasant terrible terrible location experience terrible unpleasant location hotel service terrible stay,Negative
CUST1145,Mumbai,App,5,amazing amazing amazing enjoyable hotel location enjoyable experience service location hotel location service experience hotel trip amazing trip amazing fantastic location amazing location service experience fantastic stay room service enjoyable room fantastic service trip experience room trip hotel stay enjoyable service room amazing fantastic location amazing location service hotel service enjoyable service service fantastic experience enjoyable trip enjoyable room trip room amazing amazing stay hotel amazing room experience enjoyable amazing amazing service experience experience amazing service enjoyable trip stay stay hotel hotel amazing hotel location stay amazing amazing trip stay amazing location hotel experience enjoyable hotel fantastic fantastic fantastic amazing amazing experience enjoyable location enjoyable fantastic room amazing trip service service amazing amazing amazing amazing enjoyable trip amazing amazing hotel amazing enjoyable enjoyable enjoyable fantastic amazing amazing stay location enjoyable enjoyable trip amazing amazing fantastic trip trip experience service enjoyable fantastic service enjoyable amazing enjoyable enjoyable trip hotel location amazing enjoyable amazing stay enjoyable hotel amazing location fantastic enjoyable enjoyable,Positive
CUST1146,Bangalore,App,5,enjoyable recommended location location location hotel hotel stay recommended enjoyable room recommended recommended service enjoyable stay recommended pleasant room stay hotel hotel service location service pleasant stay enjoyable location experience experience enjoyable trip recommended room pleasant location recommended location room room recommended location enjoyable pleasant room stay location hotel pleasant hotel location room pleasant service enjoyable room recommended room pleasant enjoyable trip trip room location stay pleasant hotel enjoyable pleasant location enjoyable experience room location service recommended experience location room service location enjoyable enjoyable stay enjoyable service trip recommended room recommended trip recommended room enjoyable location location recommended enjoyable recommended hotel recommended stay recommended enjoyable experience recommended stay service recommended enjoyable recommended service hotel service recommended recommended trip room recommended pleasant enjoyable room recommended experience stay service service hotel service stay trip experience stay stay recommended service experience enjoyable room stay pleasant room hotel recommended stay stay enjoyable stay stay service trip enjoyable service recommended experience room stay recommended trip enjoyable recommended pleasant recommended pleasant pleasant location enjoyable service room enjoyable trip service recommended recommended enjoyable stay enjoyable location pleasant room hotel pleasant location trip room service,Positive
CUST1147,Delhi,App,2,hotel bad hotel unpleasant bad location bad unpleasant stay bad unpleasant room bad unpleasant location location bad service room service not recommended experience bad location trip bad hotel not recommended location stay poor trip room experience hotel service not recommended hotel room service hotel bad not recommended bad location trip service service bad poor location room hotel bad bad hotel not recommended room location bad experience service bad trip hotel trip hotel location not recommended unpleasant trip location poor stay unpleasant room experience bad service experience poor not recommended not recommended poor bad location bad trip experience unpleasant service hotel hotel location unpleasant not recommended unpleasant trip stay experience hotel stay room stay poor bad location poor hotel room location bad room location stay location experience room bad stay stay unpleasant trip location location not recommended bad bad poor unpleasant stay location room not recommended service poor room stay trip service bad bad location unpleasant bad service bad poor bad experience bad bad bad room room location hotel poor stay bad room unpleasant experience room bad service bad stay hotel bad not recommended,Negative
CUST1148,Delhi,Web,5,room great service service stay fantastic stay recommended hotel room service hotel fantastic room recommended pleasant enjoyable experience recommended enjoyable trip enjoyable hotel fantastic service room stay location location service experience recommended great service room stay service recommended stay fantastic experience hotel recommended fantastic fantastic pleasant room stay experience recommended trip location room experience location great service recommended stay pleasant stay enjoyable room hotel hotel great service pleasant recommended recommended trip hotel pleasant pleasant great service fantastic hotel service enjoyable location enjoyable recommended trip recommended hotel pleasant stay recommended room location trip pleasant service enjoyable recommended location recommended pleasant trip stay great service,Positive
CUST1149,Goa,App,4,stay service location stay great service trip great service great service great service great service experience hotel experience hotel great service stay great service great service great service trip great service great service great service recommended service pleasant great service recommended great service service room service hotel great service service great service great service hotel hotel pleasant trip stay stay great service recommended great service room great service trip great service experience pleasant great service location room great service hotel recommended great service great service service experience recommended great service stay recommended room great service great service location hotel location great service trip pleasant room room stay recommended location great service room great service great service room service room great service experience trip great service recommended trip trip trip room pleasant recommended service trip experience service experience room trip location great service stay location great service trip great service service recommended stay,Positive
CUST1150,Goa,Web,2,not recommended hotel experience terrible trip service terrible not recommended room trip stay unpleasant hotel hotel room stay terrible location unpleasant location not recommended room service unpleasant stay stay experience trip trip room not recommended not recommended not recommended service not recommended unpleasant unpleasant hotel experience terrible location room experience location trip not recommended unpleasant not recommended experience not recommended hotel terrible service unpleasant unpleasant unpleasant not recommended stay terrible service service hotel unpleasant location hotel trip hotel terrible not recommended unpleasant,Negative
CUST1151,Bangalore,App,4,pleasant recommended experience hotel location enjoyable recommended stay trip great service trip pleasant service enjoyable pleasant service recommended room hotel recommended service enjoyable pleasant trip enjoyable experience recommended enjoyable room hotel pleasant hotel recommended pleasant room enjoyable enjoyable recommended recommended great service experience experience recommended recommended stay enjoyable,Positive
CUST1152,Delhi,App,3,trip experience moderate acceptable acceptable experience trip acceptable service hotel acceptable acceptable acceptable service acceptable decent decent moderate decent decent service moderate service decent decent moderate hotel trip decent decent trip location acceptable moderate decent decent trip moderate stay decent experience decent service decent room acceptable location decent acceptable moderate acceptable decent stay decent decent acceptable service acceptable trip hotel acceptable,Neutral
CUST1153,Bangalore,Web,1,not recommended not recommended stay trip bad room not recommended room bad bad stay unpleasant not recommended unpleasant unpleasant room unpleasant experience unpleasant hotel trip experience unpleasant not recommended room not recommended terrible stay stay location service not recommended service unpleasant room terrible room hotel unpleasant stay hotel terrible trip stay trip hotel terrible bad stay not recommended not recommended service location bad experience bad not recommended terrible hotel service service terrible trip not recommended service experience not recommended not recommended room not recommended hotel location stay service service trip location not recommended location service not recommended terrible service location location hotel hotel terrible bad unpleasant experience stay location service unpleasant location not recommended experience stay location terrible location location room hotel bad room terrible not recommended trip not recommended unpleasant hotel stay not recommended terrible service service terrible stay stay bad hotel service not recommended trip location hotel stay service bad trip not recommended hotel trip trip terrible terrible trip terrible service terrible experience bad location trip room not recommended location trip terrible location terrible bad bad experience service bad,Negative
CUST1154,Jaipur,Web,5,enjoyable hotel great service fantastic location service trip fantastic great service stay trip amazing room hotel recommended service location trip experience enjoyable recommended hotel hotel location stay enjoyable recommended hotel amazing trip recommended experience stay recommended experience experience experience enjoyable trip enjoyable room hotel room hotel location great service room recommended experience location great service room location location stay experience recommended location stay location service trip experience room enjoyable amazing trip recommended experience amazing great service room trip hotel amazing room hotel enjoyable service recommended experience recommended recommended enjoyable experience enjoyable recommended recommended experience enjoyable recommended location experience amazing great service hotel location amazing service,Positive
CUST1155,Goa,App,3,acceptable service moderate acceptable moderate experience stay trip experience hotel service moderate moderate service decent moderate trip stay service experience service okay stay room trip stay moderate hotel experience location experience service room moderate room hotel trip trip decent trip location decent okay okay moderate service moderate okay okay moderate decent trip,Neutral
CUST1156,Mumbai,Web,5,room amazing recommended recommended fantastic experience recommended amazing hotel room pleasant recommended experience recommended enjoyable room recommended service hotel service service trip trip experience trip recommended experience hotel pleasant experience pleasant recommended hotel enjoyable amazing experience room recommended amazing location location trip pleasant recommended recommended recommended pleasant room recommended amazing recommended fantastic fantastic experience experience fantastic room amazing experience pleasant fantastic room recommended enjoyable enjoyable service trip recommended recommended experience amazing pleasant recommended amazing location location fantastic recommended room hotel trip amazing trip stay amazing trip amazing pleasant pleasant recommended stay service trip service location amazing service recommended hotel service location recommended hotel stay hotel enjoyable fantastic experience recommended amazing recommended service location recommended stay fantastic location stay recommended location experience hotel location amazing location recommended amazing trip location recommended service pleasant hotel room recommended location stay fantastic stay service recommended recommended room recommended experience experience recommended stay hotel room fantastic stay experience experience hotel enjoyable recommended fantastic trip service location hotel recommended fantastic recommended room recommended recommended pleasant experience experience recommended,Positive
CUST1157,Mumbai,App,2,terrible hotel unpleasant terrible bad unpleasant location bad bad service room stay bad terrible service unpleasant terrible experience experience experience terrible terrible trip stay terrible terrible bad experience unpleasant terrible bad location terrible terrible unpleasant experience room terrible stay service,Negative
CUST1158,Bangalore,App,5,location great service room hotel great service room fantastic great service amazing fantastic trip experience fantastic recommended hotel fantastic amazing stay amazing recommended amazing fantastic fantastic great service service recommended recommended recommended location stay service recommended location hotel location service fantastic fantastic fantastic hotel fantastic recommended fantastic great service experience hotel trip location stay fantastic recommended hotel room recommended location room stay fantastic great service recommended recommended experience recommended service recommended fantastic experience amazing recommended recommended fantastic location great service amazing recommended fantastic hotel trip stay fantastic room experience fantastic location trip amazing recommended amazing location experience service service hotel room stay fantastic great service trip stay location great service hotel fantastic room recommended service recommended experience fantastic stay stay hotel fantastic fantastic great service location room amazing location service recommended hotel hotel stay hotel great service amazing location experience great service trip stay hotel trip service location hotel great service amazing amazing recommended stay hotel fantastic location recommended location recommended trip fantastic fantastic fantastic fantastic stay fantastic great service trip trip amazing trip recommended great service recommended amazing location great service hotel room trip fantastic recommended location recommended amazing location fantastic fantastic amazing stay recommended service great service room fantastic hotel room amazing hotel room great service room service stay experience experience,Positive
CUST1159,Jaipur,App,5,service room experience experience trip amazing amazing room stay great service amazing stay amazing amazing amazing hotel amazing location trip stay amazing stay hotel hotel location enjoyable location room amazing trip amazing stay trip amazing great service great service amazing amazing trip experience amazing stay amazing experience experience location location amazing amazing amazing hotel trip service amazing enjoyable room amazing great service service amazing trip amazing amazing service stay room amazing trip amazing trip amazing service great service stay room enjoyable trip amazing location recommended enjoyable stay great service amazing experience room stay experience location stay recommended enjoyable location great service room enjoyable amazing service amazing hotel enjoyable stay amazing room location room enjoyable experience hotel amazing room amazing,Positive
CUST1160,Bangalore,App,1,service location location room unpleasant poor stay poor unpleasant location service experience experience terrible service bad unpleasant experience poor stay location service hotel stay room location unpleasant poor room stay hotel experience bad terrible hotel trip location poor trip stay terrible location location poor service bad unpleasant poor hotel hotel terrible poor experience poor terrible poor location room trip stay poor terrible unpleasant stay stay terrible location poor poor trip poor trip terrible hotel hotel terrible hotel stay hotel poor location poor hotel room stay service trip bad experience poor room room service poor room experience experience poor location trip unpleasant trip stay unpleasant unpleasant unpleasant unpleasant terrible room hotel service service experience trip stay unpleasant location poor terrible experience bad room terrible unpleasant trip trip experience,Negative
CUST1161,Mumbai,Web,1,stay location room bad bad stay terrible trip service bad trip hotel room stay location hotel stay bad bad location room location room trip service hotel poor trip service trip service bad location bad bad terrible service service stay poor service service room experience bad bad hotel stay stay trip bad location poor stay experience trip stay service room service bad experience poor room poor experience location room terrible bad poor stay poor bad room service experience poor experience hotel location bad location hotel terrible stay experience service hotel experience trip room trip service location poor stay bad bad room room location bad bad bad bad service location bad terrible hotel bad location poor service terrible stay experience room service bad trip bad stay bad trip bad trip location room bad trip trip poor location stay bad bad hotel bad bad bad poor terrible experience location bad trip stay trip location bad stay location terrible bad bad experience room location location poor bad experience room poor bad service trip bad stay bad bad poor stay room room experience stay room stay hotel,Negative
CUST1162,Delhi,Web,5,amazing service recommended amazing amazing experience amazing hotel recommended recommended recommended recommended recommended location hotel location amazing location recommended trip service enjoyable experience fantastic amazing amazing enjoyable stay experience room trip experience fantastic trip stay service stay amazing trip experience hotel amazing fantastic recommended location stay fantastic recommended recommended fantastic location fantastic stay room stay service experience hotel recommended fantastic location stay service hotel location service stay amazing experience trip room hotel fantastic trip location room enjoyable experience stay service stay trip fantastic fantastic recommended stay,Positive
CUST1163,Goa,App,2,experience experience room room poor poor not recommended poor not recommended bad trip location stay trip not recommended hotel bad experience bad location not recommended stay not recommended terrible terrible experience not recommended hotel stay bad bad stay not recommended not recommended stay location poor terrible terrible not recommended terrible service hotel poor not recommended terrible terrible terrible stay room hotel experience stay experience service trip trip service trip experience experience trip poor experience not recommended not recommended room service bad not recommended not recommended location stay trip hotel,Negative
CUST1164,Delhi,App,5,room experience great service stay service recommended room recommended service enjoyable recommended stay room recommended hotel room trip hotel pleasant location hotel enjoyable location hotel recommended experience pleasant service great service service experience trip recommended great service recommended room recommended enjoyable hotel service experience recommended trip pleasant enjoyable great service pleasant experience location enjoyable recommended location room location stay stay pleasant trip hotel pleasant enjoyable experience great service room hotel great service enjoyable room enjoyable recommended recommended recommended recommended room trip recommended experience enjoyable experience location location room experience pleasant recommended great service recommended trip experience room great service recommended experience enjoyable hotel service experience location enjoyable stay enjoyable hotel experience stay room stay recommended recommended experience stay trip hotel great service great service service experience stay enjoyable recommended recommended location hotel room stay great service recommended pleasant recommended recommended recommended great service location service experience recommended service service recommended trip pleasant trip hotel great service enjoyable recommended stay enjoyable recommended stay service stay enjoyable stay great service stay stay hotel,Positive
CUST1165,Jaipur,Web,4,enjoyable stay trip service stay service trip enjoyable stay fantastic room experience fantastic stay room room trip enjoyable fantastic great service experience recommended great service location great service recommended location room enjoyable,Positive
CUST1166,Goa,Web,5,enjoyable trip amazing location trip experience experience great service service great service location experience location enjoyable room enjoyable trip great service enjoyable service enjoyable enjoyable hotel service enjoyable room hotel amazing enjoyable hotel room trip amazing service great service stay stay service great service hotel amazing hotel stay trip stay enjoyable room enjoyable recommended great service location hotel hotel enjoyable location enjoyable enjoyable enjoyable recommended stay trip experience stay amazing stay recommended hotel recommended enjoyable trip stay enjoyable location service great service experience experience enjoyable amazing enjoyable location service service great service stay stay location recommended amazing room hotel enjoyable room enjoyable amazing room room enjoyable hotel stay room hotel stay experience enjoyable service enjoyable stay great service recommended location experience hotel amazing recommended amazing experience room recommended experience amazing room location amazing amazing trip stay location enjoyable trip great service enjoyable enjoyable experience enjoyable service great service room stay experience hotel recommended great service stay hotel room amazing amazing amazing trip stay hotel stay amazing experience stay service experience service location,Positive
CUST1167,Bangalore,App,3,stay decent experience room trip service stay hotel decent trip room decent decent location experience stay acceptable decent experience hotel decent service experience acceptable okay acceptable location service stay hotel decent decent trip acceptable hotel experience experience okay decent decent hotel experience stay okay decent room trip decent location service decent decent experience decent decent decent room experience acceptable location service decent service trip decent decent experience service room service trip decent acceptable trip hotel decent trip stay decent decent location trip room service decent acceptable room trip decent okay stay trip stay decent decent decent location okay experience acceptable acceptable stay decent location okay,Neutral
CUST1168,Mumbai,App,2,hotel location trip bad unpleasant trip unpleasant unpleasant room experience location experience stay unpleasant location trip room unpleasant service hotel unpleasant bad bad unpleasant stay bad service not recommended not recommended poor service trip bad service poor stay trip experience hotel service room service stay service room bad hotel hotel stay unpleasant service room hotel bad bad hotel room experience room hotel poor room not recommended service unpleasant location trip stay service hotel bad not recommended room experience experience not recommended poor location trip service stay not recommended hotel unpleasant room not recommended stay not recommended bad not recommended poor stay poor poor unpleasant poor unpleasant bad stay poor bad stay location not recommended poor room room location service unpleasant unpleasant stay location service stay experience unpleasant trip trip stay unpleasant unpleasant unpleasant trip trip bad hotel hotel trip location poor trip hotel location stay unpleasant service unpleasant bad room hotel bad service unpleasant not recommended room not recommended trip service room trip hotel stay stay not recommended hotel experience poor location unpleasant room bad experience service stay room unpleasant service trip stay,Negative
CUST1169,Delhi,App,4,enjoyable enjoyable stay location pleasant trip pleasant room great service enjoyable recommended location service recommended trip recommended great service location great service service enjoyable recommended room enjoyable service stay great service enjoyable enjoyable recommended great service experience hotel room enjoyable hotel great service location experience fantastic enjoyable enjoyable room room room pleasant enjoyable hotel enjoyable trip enjoyable experience hotel pleasant service recommended enjoyable pleasant location location hotel room location fantastic fantastic hotel stay great service hotel service great service recommended enjoyable great service stay recommended recommended recommended hotel enjoyable stay location room stay trip room pleasant recommended great service great service service enjoyable stay room enjoyable room enjoyable hotel location enjoyable location enjoyable pleasant pleasant great service service enjoyable recommended trip location room location great service fantastic trip stay hotel location trip service service enjoyable location room fantastic stay hotel room trip great service experience room experience enjoyable fantastic pleasant hotel pleasant trip stay pleasant location experience great service great service recommended service location service recommended trip hotel room service hotel service pleasant fantastic service recommended enjoyable trip enjoyable pleasant enjoyable hotel service hotel service hotel pleasant room pleasant experience location hotel enjoyable recommended pleasant enjoyable hotel pleasant experience fantastic service great service room,Positive
CUST1170,Jaipur,App,5,recommended amazing recommended great service amazing amazing trip experience room recommended hotel trip great service amazing enjoyable amazing experience location great service enjoyable service location experience location amazing great service trip amazing hotel amazing room experience recommended service recommended experience recommended great service room service amazing location location amazing room location enjoyable trip great service hotel trip recommended experience enjoyable trip service amazing recommended great service amazing experience experience experience service enjoyable trip trip room trip service great service amazing enjoyable great service trip great service amazing recommended service great service experience amazing amazing recommended trip recommended trip experience amazing hotel great service location recommended service hotel trip room service stay amazing experience trip amazing recommended experience location room stay room enjoyable service recommended amazing recommended great service amazing recommended service experience experience hotel experience amazing trip recommended recommended location room hotel amazing trip location amazing stay recommended service location enjoyable trip experience enjoyable hotel great service recommended recommended great service,Positive
CUST1171,Mumbai,App,3,okay stay room trip room service moderate hotel decent okay okay service trip okay okay moderate moderate moderate location experience room trip moderate service moderate okay decent okay trip room hotel decent moderate service experience service trip experience room room stay decent stay experience trip room stay trip average moderate average average moderate location moderate trip service average decent okay experience hotel average moderate location service decent okay location location moderate room service trip service room moderate trip moderate room okay service moderate okay trip average moderate okay moderate average room okay hotel location stay hotel moderate moderate moderate hotel moderate trip service service hotel room room service moderate room okay experience trip average room service okay hotel service stay moderate location stay moderate trip average room trip hotel moderate stay hotel moderate room moderate experience moderate moderate moderate moderate room moderate experience hotel service stay decent service service experience stay experience trip stay location stay average okay service moderate hotel experience location service okay decent trip stay moderate moderate hotel stay service service moderate trip average decent hotel average decent location trip stay moderate experience stay stay stay okay service average decent hotel stay hotel service okay average,Neutral
CUST1172,Mumbai,Web,1,not recommended location hotel service room not recommended service bad bad unpleasant unpleasant location service trip unpleasant hotel service room location hotel unpleasant trip not recommended bad room unpleasant hotel stay stay stay unpleasant bad trip hotel not recommended unpleasant bad unpleasant,Negative
CUST1173,Bangalore,App,5,room enjoyable great service great service experience experience great service stay fantastic service enjoyable service great service service experience location room stay service experience great service fantastic service great service room great service great service location fantastic fantastic stay great service stay great service location fantastic fantastic fantastic service location trip trip service fantastic fantastic fantastic enjoyable trip trip fantastic fantastic great service enjoyable hotel service service stay service great service experience fantastic fantastic hotel fantastic stay service room room location fantastic enjoyable stay stay room location enjoyable fantastic service great service fantastic experience location room enjoyable experience fantastic location location great service stay fantastic fantastic great service enjoyable room enjoyable experience hotel fantastic experience stay experience enjoyable enjoyable service enjoyable great service great service location service stay stay experience stay fantastic service stay service,Positive
CUST1174,Bangalore,Web,3,moderate stay experience hotel moderate trip acceptable stay room acceptable acceptable moderate stay acceptable service hotel moderate hotel acceptable service trip stay stay okay location trip,Neutral
CUST1175,Mumbai,Web,4,pleasant stay great service service experience pleasant recommended pleasant room great service recommended trip room recommended great service service amazing trip great service experience service great service location great service great service service stay great service experience trip room pleasant stay room pleasant trip amazing room service recommended location hotel hotel room pleasant room trip service amazing experience amazing pleasant service experience stay pleasant pleasant trip pleasant experience great service room amazing great service great service experience amazing trip amazing experience pleasant experience trip service great service pleasant stay location recommended recommended pleasant pleasant recommended experience experience room recommended trip service stay great service great service great service room hotel location amazing location room service great service recommended great service recommended great service pleasant stay trip experience amazing location stay recommended experience great service pleasant trip recommended location great service location great service pleasant room service service great service location great service recommended trip amazing location great service pleasant stay room recommended recommended trip trip pleasant amazing pleasant service great service service pleasant stay pleasant experience amazing pleasant trip stay experience amazing room pleasant experience service location pleasant great service location amazing great service amazing,Positive
CUST1176,Goa,App,5,enjoyable great service stay service room room fantastic fantastic service room location amazing fantastic room trip enjoyable location pleasant enjoyable stay stay great service experience fantastic enjoyable amazing stay experience location amazing experience room fantastic location enjoyable great service amazing location fantastic fantastic trip experience fantastic fantastic enjoyable fantastic pleasant hotel fantastic service service amazing experience fantastic location fantastic hotel hotel room amazing hotel room enjoyable amazing room location amazing trip stay hotel fantastic stay pleasant pleasant hotel great service enjoyable trip fantastic service great service trip hotel hotel fantastic fantastic fantastic service service experience pleasant enjoyable pleasant pleasant room fantastic experience fantastic fantastic service room fantastic service pleasant hotel pleasant service location fantastic fantastic pleasant,Positive
CUST1177,Bangalore,Web,2,service experience terrible hotel hotel unpleasant location not recommended terrible experience not recommended not recommended hotel location not recommended not recommended room terrible stay experience stay unpleasant terrible location location room trip unpleasant location room not recommended trip not recommended stay experience not recommended unpleasant not recommended experience not recommended room location service service room unpleasant unpleasant service room terrible hotel not recommended not recommended trip unpleasant experience room location not recommended room terrible not recommended trip stay trip experience trip stay terrible terrible stay unpleasant trip room hotel not recommended room trip not recommended not recommended unpleasant experience trip trip experience room terrible trip room stay experience unpleasant location stay not recommended trip unpleasant trip location unpleasant not recommended not recommended stay location not recommended terrible trip stay not recommended trip not recommended unpleasant location trip experience trip not recommended not recommended not recommended unpleasant,Negative
CUST1178,Goa,Web,3,service service decent experience moderate room stay service decent decent decent experience location service room room location decent okay moderate stay location stay location decent service location experience moderate hotel service okay decent moderate moderate hotel hotel decent location service location moderate decent moderate service location stay experience hotel stay trip moderate decent moderate location room experience okay moderate okay decent decent okay trip moderate decent hotel decent trip room stay stay stay okay service decent stay experience stay hotel decent decent hotel location stay moderate service hotel decent moderate moderate decent location moderate moderate hotel hotel experience okay moderate stay experience location room hotel decent service stay decent stay hotel decent okay experience decent hotel trip experience stay experience hotel service decent experience moderate trip experience experience okay decent location decent service hotel moderate experience okay stay experience location service decent room room decent room trip decent okay decent decent moderate decent room stay decent moderate location okay hotel stay hotel moderate service hotel okay moderate moderate decent room moderate trip,Neutral
CUST1179,Goa,App,4,location trip experience amazing fantastic fantastic fantastic pleasant stay trip room location amazing experience fantastic room hotel trip room pleasant service location pleasant fantastic fantastic enjoyable location pleasant hotel service pleasant service experience stay pleasant fantastic hotel experience pleasant fantastic enjoyable fantastic pleasant fantastic hotel location amazing trip service amazing fantastic trip stay room service room amazing pleasant trip stay amazing fantastic hotel experience room trip stay pleasant service enjoyable stay fantastic enjoyable hotel fantastic amazing enjoyable enjoyable service pleasant pleasant location room pleasant room fantastic service pleasant fantastic service experience hotel,Positive
CUST1180,Goa,App,1,unpleasant poor unpleasant unpleasant experience stay location experience service hotel unpleasant location service bad bad terrible stay location bad trip experience terrible trip unpleasant poor trip stay experience service service room unpleasant stay terrible unpleasant location poor experience poor terrible bad poor trip unpleasant unpleasant unpleasant hotel experience trip stay bad room terrible bad bad unpleasant service unpleasant bad poor bad poor unpleasant room service location location experience trip unpleasant poor location stay location service room unpleasant hotel terrible poor room unpleasant stay trip room,Negative
CUST1181,Jaipur,App,4,trip recommended experience room experience fantastic fantastic hotel experience recommended recommended amazing service amazing stay stay hotel recommended hotel service great service experience fantastic hotel service location fantastic amazing amazing recommended location fantastic great service room service room hotel recommended amazing room trip recommended great service trip stay location location hotel experience great service room great service recommended recommended room room trip experience recommended location amazing recommended stay trip recommended recommended recommended stay location recommended location room hotel great service service stay hotel fantastic location stay recommended recommended great service trip hotel experience great service location stay hotel trip fantastic hotel service recommended location recommended recommended recommended recommended fantastic experience room trip recommended amazing location experience stay trip room recommended amazing trip recommended experience great service great service hotel room recommended experience amazing recommended room service stay location recommended trip trip trip recommended hotel service experience location service trip stay fantastic service great service experience fantastic experience trip recommended recommended service recommended fantastic trip recommended service great service service fantastic recommended stay experience amazing service great service hotel experience service fantastic location location stay,Positive
CUST1182,Mumbai,App,4,fantastic location stay room fantastic stay trip trip amazing trip pleasant experience room amazing stay recommended room fantastic fantastic room service fantastic amazing room hotel fantastic fantastic pleasant fantastic location stay recommended amazing fantastic fantastic amazing stay room stay experience location trip service room pleasant experience fantastic pleasant recommended room fantastic fantastic fantastic hotel hotel pleasant location pleasant service room fantastic hotel fantastic fantastic fantastic experience pleasant stay fantastic trip room service stay experience recommended pleasant experience service fantastic room amazing stay stay stay recommended service experience recommended,Positive
CUST1183,Mumbai,Web,4,location experience pleasant pleasant hotel pleasant room room trip pleasant trip experience trip location fantastic hotel fantastic pleasant service room location pleasant location enjoyable pleasant recommended pleasant experience recommended experience stay pleasant stay trip stay hotel room recommended experience location pleasant pleasant service enjoyable experience location stay trip trip service enjoyable enjoyable recommended pleasant recommended trip hotel service enjoyable location hotel service room pleasant location service experience location pleasant location hotel stay pleasant location pleasant fantastic pleasant trip room trip fantastic stay stay trip trip service enjoyable service recommended hotel recommended pleasant location fantastic location fantastic location trip stay pleasant location pleasant trip hotel enjoyable experience location service recommended fantastic room recommended pleasant stay stay room enjoyable experience trip enjoyable hotel enjoyable trip enjoyable pleasant pleasant service fantastic pleasant recommended hotel pleasant enjoyable stay stay service fantastic room room pleasant trip service trip pleasant pleasant pleasant pleasant enjoyable pleasant location location location pleasant experience location service fantastic room experience recommended fantastic recommended experience pleasant pleasant pleasant enjoyable pleasant room pleasant service trip pleasant recommended trip experience,Positive
CUST1184,Delhi,App,3,hotel acceptable hotel okay average trip trip service acceptable acceptable stay acceptable experience location experience service hotel stay trip acceptable okay average hotel room experience okay experience okay hotel stay acceptable experience okay hotel okay hotel acceptable acceptable location hotel room hotel trip stay acceptable hotel average okay acceptable acceptable stay hotel hotel okay room room acceptable service acceptable stay okay average acceptable trip acceptable trip experience acceptable acceptable,Neutral
CUST1185,Goa,App,1,room location poor location not recommended room experience poor experience stay poor stay stay stay not recommended experience terrible not recommended poor hotel stay service bad trip trip trip stay stay location bad trip location stay poor poor bad trip service hotel trip not recommended service stay experience not recommended experience experience bad service service trip hotel bad stay terrible not recommended hotel poor poor not recommended service trip not recommended poor trip service trip bad not recommended location terrible terrible experience room bad poor not recommended trip not recommended room hotel trip bad hotel experience bad terrible trip not recommended stay poor not recommended hotel poor poor hotel stay experience service bad service poor hotel hotel room trip experience location experience service terrible location bad,Negative
CUST1186,Goa,App,5,stay great service enjoyable hotel location enjoyable enjoyable hotel enjoyable service enjoyable location trip great service pleasant enjoyable service service enjoyable trip enjoyable hotel stay location location trip great service stay enjoyable location experience enjoyable experience enjoyable pleasant hotel hotel fantastic trip fantastic fantastic service hotel stay great service fantastic enjoyable enjoyable trip great service experience experience room enjoyable trip pleasant location enjoyable location fantastic stay enjoyable location pleasant fantastic enjoyable experience enjoyable location great service enjoyable enjoyable enjoyable enjoyable pleasant enjoyable experience room pleasant enjoyable great service fantastic enjoyable enjoyable room enjoyable service stay stay location stay great service room enjoyable enjoyable hotel room enjoyable room pleasant great service hotel stay pleasant enjoyable stay fantastic enjoyable experience service great service service fantastic stay hotel trip pleasant enjoyable service enjoyable enjoyable great service hotel stay room enjoyable hotel location great service enjoyable service stay room enjoyable experience service service trip trip fantastic pleasant great service enjoyable experience enjoyable great service hotel enjoyable enjoyable trip stay pleasant great service service enjoyable enjoyable experience enjoyable fantastic great service room service great service pleasant service pleasant room location trip fantastic stay location pleasant stay pleasant fantastic great service fantastic enjoyable fantastic,Positive
CUST1187,Delhi,Web,4,enjoyable hotel experience room room experience location location enjoyable pleasant fantastic enjoyable room stay room room pleasant enjoyable stay service room fantastic enjoyable location location location enjoyable fantastic pleasant great service stay location fantastic experience pleasant trip room experience room trip hotel hotel location trip trip enjoyable service hotel pleasant service trip enjoyable enjoyable trip location hotel great service service enjoyable trip pleasant stay experience service room pleasant location pleasant great service stay fantastic fantastic enjoyable hotel location experience hotel great service great service experience room pleasant great service pleasant great service room pleasant service great service pleasant service enjoyable great service fantastic enjoyable room experience enjoyable room fantastic hotel service great service service stay pleasant enjoyable hotel enjoyable pleasant location location great service great service enjoyable pleasant trip trip location fantastic pleasant service experience stay enjoyable room location stay enjoyable fantastic trip experience experience room room hotel trip enjoyable service experience experience fantastic pleasant enjoyable pleasant pleasant location pleasant fantastic trip location trip room service,Positive
CUST1188,Bangalore,Web,5,experience hotel fantastic enjoyable trip great service room trip experience service room room hotel trip great service pleasant pleasant service trip pleasant room service pleasant fantastic great service hotel hotel fantastic location hotel amazing amazing pleasant room great service stay amazing enjoyable location pleasant service hotel great service location service stay experience experience room hotel stay trip hotel great service enjoyable great service location hotel amazing great service stay experience trip great service location pleasant amazing trip service pleasant great service service stay hotel room service enjoyable location fantastic great service experience pleasant hotel room fantastic enjoyable experience amazing room trip pleasant experience stay hotel pleasant pleasant room hotel location great service room room amazing experience room enjoyable great service pleasant experience great service service pleasant amazing amazing trip room fantastic trip great service service fantastic trip amazing stay experience enjoyable location great service stay great service room great service pleasant pleasant enjoyable stay stay hotel hotel experience service amazing stay great service trip experience room service amazing hotel amazing service trip amazing pleasant pleasant pleasant service amazing hotel amazing location trip enjoyable amazing great service amazing experience hotel enjoyable trip stay enjoyable pleasant enjoyable enjoyable great service location location service fantastic experience service fantastic service pleasant,Positive
CUST1189,Bangalore,Web,4,experience location service pleasant room service recommended room pleasant service pleasant service recommended pleasant room recommended recommended stay recommended experience pleasant stay stay room trip trip recommended stay enjoyable recommended recommended service hotel hotel recommended location pleasant stay enjoyable enjoyable pleasant location location trip trip pleasant pleasant location location room service recommended trip location room recommended stay,Positive
CUST1190,Bangalore,Web,4,trip recommended service room experience recommended hotel enjoyable amazing pleasant pleasant experience service room recommended hotel experience room service location service amazing experience recommended pleasant recommended hotel amazing pleasant stay enjoyable stay hotel enjoyable pleasant enjoyable service amazing amazing location pleasant recommended pleasant amazing experience experience stay service recommended room amazing location stay experience service pleasant pleasant recommended amazing experience amazing recommended location recommended hotel hotel,Positive
CUST1191,Mumbai,App,4,trip service great service hotel hotel stay trip trip location enjoyable great service room experience fantastic enjoyable enjoyable location trip location enjoyable hotel experience stay enjoyable location enjoyable room stay trip enjoyable hotel fantastic great service enjoyable fantastic experience fantastic location great service fantastic stay service fantastic stay stay fantastic stay great service stay enjoyable fantastic fantastic service great service fantastic enjoyable hotel room enjoyable enjoyable stay fantastic enjoyable enjoyable experience location location fantastic enjoyable stay trip enjoyable great service great service trip location service trip trip stay enjoyable fantastic stay enjoyable room great service enjoyable trip great service great service room fantastic enjoyable trip great service hotel trip service room enjoyable hotel stay service fantastic room fantastic fantastic hotel fantastic enjoyable room fantastic fantastic service location great service enjoyable fantastic hotel great service great service location stay trip stay stay trip service room hotel location enjoyable service location room fantastic fantastic enjoyable fantastic great service fantastic great service fantastic stay service fantastic stay hotel location location service service room hotel enjoyable fantastic fantastic great service enjoyable fantastic experience fantastic experience room location experience,Positive
CUST1192,Bangalore,App,5,experience room recommended recommended service location stay recommended experience trip recommended fantastic fantastic service fantastic stay pleasant room pleasant recommended recommended recommended enjoyable pleasant stay location enjoyable recommended pleasant location recommended service stay trip recommended enjoyable experience pleasant pleasant pleasant trip stay room recommended service service recommended recommended recommended recommended service fantastic recommended trip enjoyable stay trip hotel service trip enjoyable stay pleasant service trip service service recommended stay hotel stay fantastic enjoyable hotel location recommended recommended experience stay location room hotel pleasant service enjoyable enjoyable pleasant stay stay trip recommended room experience recommended recommended stay experience trip hotel pleasant pleasant enjoyable hotel service stay pleasant pleasant hotel service pleasant stay fantastic fantastic recommended fantastic stay pleasant trip fantastic fantastic trip fantastic room pleasant enjoyable pleasant service trip trip pleasant hotel service pleasant location location room trip service recommended trip enjoyable enjoyable recommended recommended pleasant stay,Positive
CUST1193,Delhi,App,3,trip service okay okay hotel stay service trip experience decent decent decent decent room okay location decent room moderate okay location stay location room decent service service experience moderate hotel location room decent okay room average experience okay moderate experience room hotel okay room room trip moderate moderate decent moderate stay moderate moderate experience okay trip service decent hotel okay experience experience hotel decent service okay hotel room moderate moderate stay stay trip location decent location hotel service hotel hotel moderate location hotel service moderate decent experience location room trip room location hotel room stay service hotel average moderate moderate average decent okay okay room service stay average location moderate okay experience moderate trip room decent trip moderate service okay stay moderate okay hotel room stay trip moderate okay okay moderate average experience okay service hotel experience decent location trip service okay okay average room moderate stay location stay okay experience average okay average experience hotel experience decent moderate stay average okay average average okay decent decent room decent service okay trip okay decent average stay okay okay average moderate location location experience trip location okay service moderate hotel trip room average average location decent,Neutral
CUST1194,Mumbai,Web,3,average service stay room decent room decent location stay service trip experience service okay stay decent okay location trip decent decent decent hotel average okay location trip trip location okay trip service okay decent decent location decent decent decent okay okay room service room average service average trip average decent decent room average average room location average service location hotel service hotel okay okay hotel service average experience location decent room decent stay stay experience okay stay room decent experience decent room service service room stay room location okay okay decent stay service location stay okay okay stay okay trip stay stay room location experience decent decent hotel okay service decent room decent average stay service location room okay experience room room decent decent decent room okay okay average service hotel trip average decent experience okay location okay average service experience average hotel trip service okay decent average experience decent okay okay location average decent stay okay service service experience stay experience average location decent okay location average room experience experience trip okay okay okay decent trip okay okay service room,Neutral
CUST1195,Jaipur,Web,4,hotel great service enjoyable trip pleasant room enjoyable stay service stay amazing stay fantastic great service amazing hotel stay pleasant service hotel great service enjoyable fantastic recommended hotel fantastic stay amazing hotel pleasant trip,Positive
CUST1196,Goa,App,3,stay service experience stay trip stay acceptable decent acceptable stay experience trip trip acceptable location hotel decent acceptable decent acceptable service service trip room experience trip decent acceptable hotel hotel decent trip location acceptable room service decent trip decent room location decent hotel service decent decent decent acceptable decent hotel experience location room location service decent trip decent hotel decent room trip service service hotel service decent decent experience decent service location decent decent decent stay experience experience location acceptable decent decent acceptable acceptable service location location decent,Neutral
CUST1197,Mumbai,App,3,service service average location decent room average moderate experience service moderate experience hotel stay decent room moderate average experience average room decent moderate average moderate moderate room service hotel service location experience average average room moderate stay trip average decent average hotel room moderate average trip moderate service stay hotel experience hotel trip location moderate room room moderate trip decent decent experience hotel trip service experience moderate experience stay experience hotel trip moderate decent moderate trip decent location location average average room stay trip moderate moderate stay room stay hotel hotel moderate decent experience service location moderate average moderate average hotel trip moderate room service hotel moderate decent hotel experience experience stay moderate moderate moderate decent room trip room experience experience moderate trip average experience stay hotel service moderate stay average average experience moderate moderate hotel trip room hotel average experience moderate average experience moderate moderate room stay room hotel service room room stay room service stay decent hotel experience service trip stay hotel average stay decent location trip experience moderate moderate moderate hotel moderate hotel decent average moderate trip location stay moderate service location location room average room hotel service location decent stay service moderate location experience,Neutral
CUST1198,Bangalore,App,5,location location recommended service pleasant experience great service great service location room pleasant pleasant location hotel stay pleasant trip location great service stay great service pleasant location pleasant pleasant pleasant pleasant enjoyable service location recommended pleasant enjoyable stay service pleasant stay trip experience pleasant hotel hotel pleasant room,Positive
CUST1199,Delhi,Web,5,stay amazing location service stay service fantastic great service room experience fantastic great service location trip enjoyable fantastic great service enjoyable great service amazing trip location recommended trip stay room great service room service enjoyable enjoyable fantastic enjoyable enjoyable great service fantastic service recommended experience fantastic service recommended experience trip experience fantastic great service service location amazing amazing service room room experience great service service amazing experience service fantastic enjoyable fantastic hotel location hotel fantastic recommended trip location room great service location experience hotel room location service stay service great service stay trip enjoyable enjoyable amazing trip amazing great service great service great service great service trip experience fantastic location enjoyable hotel experience stay room location fantastic fantastic trip amazing location stay enjoyable service fantastic room fantastic room fantastic fantastic stay recommended recommended service recommended recommended fantastic stay amazing stay enjoyable enjoyable experience hotel location location location recommended fantastic service location room location great service enjoyable fantastic great service hotel hotel,Positive
CUST1200,Goa,App,4,trip hotel experience recommended room room recommended recommended stay location recommended hotel great service great service service fantastic pleasant recommended recommended fantastic experience experience recommended recommended fantastic hotel fantastic service service great service trip location fantastic location recommended service trip recommended room recommended fantastic fantastic room experience trip pleasant recommended pleasant fantastic pleasant room great service recommended fantastic fantastic pleasant pleasant service fantastic trip experience stay great service experience,Positive
CUST1201,Jaipur,App,2,terrible hotel experience hotel bad terrible hotel poor hotel trip poor not recommended bad location bad trip room not recommended room service not recommended trip bad hotel experience not recommended experience hotel trip room location bad poor trip experience terrible room bad experience experience not recommended trip bad hotel hotel room experience stay not recommended terrible room bad service poor bad hotel location bad terrible bad poor service terrible trip service bad location location bad bad trip poor bad experience service location not recommended not recommended location terrible not recommended bad trip terrible not recommended location terrible experience location terrible,Negative
CUST1202,Goa,Web,4,enjoyable stay hotel enjoyable room stay location stay enjoyable service recommended fantastic stay recommended hotel amazing service hotel stay recommended amazing experience recommended location fantastic location trip stay recommended fantastic amazing location fantastic trip hotel room service recommended stay amazing service experience enjoyable fantastic trip experience experience stay room fantastic enjoyable recommended hotel recommended recommended experience amazing recommended stay experience enjoyable location enjoyable enjoyable stay recommended recommended fantastic recommended fantastic service recommended hotel trip experience trip fantastic stay enjoyable enjoyable recommended recommended trip enjoyable room enjoyable hotel location hotel trip fantastic service enjoyable location enjoyable location service enjoyable hotel experience,Positive
CUST1203,Jaipur,Web,5,stay stay stay experience location great service service great service experience amazing location great service service location hotel amazing great service stay recommended service pleasant service stay great service recommended hotel trip room recommended great service service great service location amazing great service great service pleasant hotel amazing stay hotel great service experience trip amazing room location service room room hotel recommended pleasant experience location location location recommended service hotel recommended great service hotel experience hotel stay pleasant great service stay great service room recommended room trip location pleasant great service experience service trip service great service great service experience service hotel great service recommended location great service location experience experience trip pleasant location stay stay trip hotel great service recommended great service recommended stay great service great service experience great service amazing room hotel experience trip location stay trip service recommended great service great service great service experience great service experience trip stay great service pleasant recommended great service room great service experience trip hotel room pleasant great service experience great service recommended hotel great service stay great service room pleasant pleasant trip great service location great service trip location pleasant recommended room room great service great service,Positive
CUST1204,Mumbai,Web,3,decent location decent service service room trip trip decent decent decent stay service service decent decent location service experience room stay stay decent decent hotel hotel experience stay average average trip decent room average room stay decent moderate decent hotel decent decent stay decent room decent average decent decent experience average stay trip experience experience room stay room service decent,Neutral
CUST1205,Delhi,App,4,trip recommended stay trip enjoyable stay enjoyable enjoyable location trip stay amazing experience recommended recommended location enjoyable service enjoyable stay service stay trip amazing recommended amazing enjoyable hotel enjoyable amazing experience hotel recommended room,Positive
CUST1206,Jaipur,App,4,service location stay trip stay fantastic recommended location experience location stay recommended recommended service fantastic hotel room recommended room recommended recommended location experience recommended service location trip trip great service hotel pleasant recommended recommended recommended recommended recommended great service hotel great service recommended location trip great service location stay recommended room hotel pleasant recommended location room fantastic stay experience location recommended recommended stay recommended pleasant trip great service hotel great service location great service room experience pleasant recommended room trip stay service great service stay recommended recommended location great service experience pleasant room great service great service fantastic trip room service location trip location pleasant recommended experience pleasant service location location recommended pleasant trip room recommended service experience hotel recommended experience location fantastic fantastic service service pleasant fantastic experience recommended fantastic recommended service recommended room trip experience stay service experience great service stay pleasant great service hotel location recommended fantastic hotel hotel service service recommended room recommended experience pleasant recommended room recommended recommended pleasant pleasant recommended recommended pleasant hotel service recommended fantastic trip recommended stay recommended recommended great service fantastic stay recommended recommended location location fantastic trip hotel recommended room service hotel location service great service location trip recommended hotel recommended pleasant pleasant,Positive
CUST1207,Mumbai,Web,3,stay experience moderate location average average experience room service hotel service stay trip average location stay average moderate location moderate location average average average location stay experience stay average experience average average hotel average average average service room hotel average average average average hotel average service average average room service average average service trip average hotel average room average room trip moderate service trip experience average service average experience service average moderate service average hotel service average stay average moderate hotel service stay room average location hotel service average average average average hotel average average average average hotel trip trip average average room average moderate average stay experience room average average trip experience location room trip room stay average service average average experience room hotel average average average service hotel experience service average experience location moderate trip hotel average average service trip trip average trip moderate hotel moderate average average stay trip moderate trip service average average average average room moderate location service average average experience location average average location hotel average room stay average moderate stay service trip stay hotel experience moderate room,Neutral
CUST1208,Mumbai,App,3,location experience service moderate trip hotel trip stay moderate trip average decent moderate stay service hotel hotel location stay average service service decent service average trip hotel trip stay service moderate room trip moderate stay room decent hotel room average average,Neutral
CUST1209,Bangalore,App,4,recommended fantastic location pleasant fantastic location recommended hotel pleasant pleasant service recommended recommended room fantastic location fantastic room experience hotel room fantastic recommended service trip stay recommended fantastic location trip location pleasant recommended hotel hotel recommended experience stay experience pleasant pleasant location trip trip recommended fantastic location stay recommended recommended experience hotel fantastic hotel experience room pleasant hotel room room location pleasant stay recommended stay fantastic stay pleasant fantastic trip stay pleasant pleasant fantastic location service room stay recommended service pleasant trip stay fantastic stay location,Positive
CUST1210,Mumbai,Web,5,service stay enjoyable trip room hotel amazing pleasant experience hotel room hotel service pleasant experience enjoyable pleasant enjoyable pleasant service pleasant pleasant enjoyable pleasant stay room pleasant stay fantastic hotel location enjoyable enjoyable fantastic fantastic fantastic experience fantastic location enjoyable enjoyable location pleasant enjoyable experience pleasant experience amazing amazing trip room stay amazing hotel enjoyable room enjoyable pleasant enjoyable stay experience experience pleasant hotel service trip fantastic location room experience amazing room fantastic fantastic experience pleasant service service pleasant enjoyable enjoyable stay enjoyable room fantastic pleasant pleasant trip stay stay stay stay experience stay stay room enjoyable amazing stay amazing experience location pleasant fantastic pleasant enjoyable pleasant location enjoyable amazing fantastic fantastic pleasant fantastic hotel pleasant service amazing fantastic enjoyable stay pleasant pleasant pleasant experience,Positive
CUST1211,Jaipur,App,5,service recommended service pleasant amazing service room recommended pleasant location recommended recommended experience trip recommended hotel stay room amazing recommended recommended amazing stay location recommended hotel hotel experience recommended pleasant pleasant service experience service recommended stay recommended experience experience recommended recommended experience amazing hotel recommended service stay stay location amazing recommended recommended room recommended recommended hotel stay hotel amazing pleasant service recommended room trip amazing stay recommended hotel experience stay room recommended location service location location recommended pleasant recommended location recommended recommended stay stay hotel service hotel pleasant recommended amazing stay pleasant service room pleasant recommended recommended service recommended experience location stay stay location location room hotel room pleasant recommended trip amazing recommended room location hotel trip recommended recommended recommended recommended room room pleasant experience recommended pleasant experience recommended stay recommended experience recommended experience experience hotel hotel recommended experience pleasant stay location stay amazing recommended amazing stay recommended stay trip,Positive
CUST1212,Mumbai,App,1,hotel poor poor poor unpleasant terrible terrible service hotel terrible trip room service service hotel terrible unpleasant terrible poor location poor service stay stay terrible poor poor room experience bad poor trip service bad unpleasant hotel room terrible experience poor stay trip stay poor room service stay stay unpleasant room terrible poor location hotel hotel bad terrible poor hotel trip experience service unpleasant bad unpleasant unpleasant location unpleasant hotel unpleasant unpleasant stay location poor hotel terrible location unpleasant trip hotel bad poor terrible unpleasant location unpleasant service poor service stay unpleasant poor room stay room room room service room trip service hotel experience trip terrible location poor experience unpleasant poor bad bad service bad hotel service location hotel unpleasant trip bad room hotel,Negative
CUST1213,Bangalore,Web,4,great service enjoyable location recommended experience recommended great service enjoyable location stay amazing trip hotel amazing location enjoyable amazing amazing enjoyable enjoyable enjoyable amazing stay enjoyable experience amazing hotel recommended recommended experience enjoyable trip stay trip enjoyable experience service recommended amazing hotel recommended experience location enjoyable room hotel trip amazing recommended recommended great service recommended room enjoyable location amazing experience hotel location amazing service recommended location enjoyable amazing amazing amazing recommended enjoyable recommended stay location amazing trip enjoyable service enjoyable,Positive
CUST1214,Delhi,Web,4,great service stay trip location room great service stay location location fantastic trip pleasant fantastic trip great service great service room experience service great service hotel pleasant great service fantastic trip room service hotel pleasant stay experience fantastic service fantastic experience room pleasant fantastic amazing great service amazing trip stay experience great service great service fantastic great service fantastic amazing experience trip stay great service experience amazing trip great service stay stay trip fantastic great service hotel stay pleasant pleasant pleasant stay service fantastic location great service fantastic great service stay stay trip service,Positive
CUST1215,Delhi,App,3,stay location acceptable acceptable stay hotel hotel location room room experience trip acceptable hotel acceptable moderate acceptable acceptable acceptable acceptable hotel average stay room average experience moderate trip experience trip moderate stay moderate room average experience hotel experience service service trip average average service trip moderate location service experience moderate location acceptable service experience average trip acceptable moderate experience stay acceptable average moderate acceptable hotel hotel stay hotel service experience moderate average average average stay service room acceptable average experience acceptable experience moderate service average stay experience average average acceptable service moderate experience trip moderate service acceptable average average hotel trip acceptable experience acceptable location hotel acceptable average moderate acceptable average service trip service hotel service average room acceptable average acceptable acceptable moderate,Neutral
CUST1216,Delhi,Web,4,fantastic fantastic location fantastic hotel recommended service experience fantastic experience experience experience fantastic service service trip location service experience amazing hotel service experience recommended room fantastic fantastic recommended experience service fantastic fantastic fantastic trip location hotel room hotel hotel fantastic amazing amazing amazing amazing amazing fantastic fantastic recommended recommended location fantastic trip trip fantastic stay service trip room amazing fantastic amazing service service room amazing location location recommended service recommended recommended recommended room fantastic recommended hotel room hotel fantastic recommended recommended room hotel room experience experience amazing hotel fantastic stay location experience service room location stay amazing fantastic fantastic hotel location fantastic stay experience stay fantastic stay amazing room experience amazing fantastic experience recommended fantastic hotel fantastic fantastic trip stay fantastic recommended room hotel hotel amazing amazing room recommended fantastic amazing fantastic fantastic stay service fantastic fantastic trip amazing fantastic experience trip fantastic fantastic room trip experience fantastic location fantastic service room amazing location fantastic amazing,Positive
CUST1217,Delhi,Web,4,experience pleasant pleasant amazing amazing recommended experience stay experience hotel great service fantastic great service trip great service great service fantastic experience recommended fantastic amazing stay fantastic recommended room service location service recommended great service trip service experience great service experience trip great service room fantastic great service room pleasant service location great service room service experience experience service location stay recommended fantastic trip amazing hotel location pleasant trip location amazing hotel amazing recommended service great service recommended fantastic experience amazing stay great service stay recommended trip service amazing fantastic service hotel location experience location pleasant location recommended service hotel experience service trip service amazing experience pleasant experience great service amazing great service great service experience stay stay service stay fantastic great service room great service service stay location service service recommended fantastic recommended fantastic pleasant amazing service location amazing room amazing great service trip experience great service pleasant,Positive
CUST1218,Bangalore,Web,3,decent trip moderate stay acceptable experience trip okay decent service location hotel acceptable trip room decent trip decent stay service trip okay service acceptable stay decent trip decent acceptable service location okay trip decent stay room acceptable moderate okay trip decent hotel okay decent okay hotel experience experience experience acceptable experience service moderate service trip okay moderate hotel trip experience room moderate moderate decent trip stay room hotel stay location trip decent service room location location moderate stay moderate trip decent hotel trip room stay trip moderate decent okay acceptable experience moderate decent acceptable decent service trip experience acceptable decent trip moderate moderate acceptable experience hotel trip trip trip decent experience decent okay experience decent moderate trip hotel moderate decent okay decent decent stay experience moderate decent acceptable trip service trip okay acceptable stay,Neutral
CUST1219,Delhi,App,5,experience recommended amazing service location experience hotel fantastic stay great service enjoyable amazing fantastic fantastic great service recommended enjoyable recommended service enjoyable amazing experience room stay room amazing service service trip location room fantastic amazing great service enjoyable amazing fantastic great service enjoyable service enjoyable great service hotel great service room room recommended experience trip hotel recommended stay room room recommended service fantastic fantastic,Positive
CUST1220,Jaipur,App,2,hotel terrible terrible terrible service terrible hotel experience location room hotel stay trip trip terrible hotel terrible terrible room location location room terrible terrible hotel terrible hotel terrible trip room terrible hotel trip terrible hotel unpleasant terrible stay terrible room terrible hotel location hotel service trip location room room hotel unpleasant hotel service terrible hotel room hotel terrible experience unpleasant terrible experience experience terrible room room trip stay terrible stay location unpleasant stay terrible terrible experience hotel unpleasant,Negative
CUST1221,Delhi,App,4,pleasant location stay location service stay hotel stay recommended experience enjoyable trip hotel pleasant service pleasant pleasant hotel enjoyable experience service room experience recommended recommended stay service experience location recommended pleasant enjoyable pleasant room hotel experience enjoyable pleasant service room stay pleasant service recommended hotel recommended service enjoyable trip hotel pleasant,Positive
CUST1222,Goa,App,2,not recommended hotel location trip location not recommended bad service bad service location room not recommended service bad not recommended hotel bad bad room not recommended bad hotel bad room experience stay room service not recommended bad not recommended bad not recommended not recommended hotel room room not recommended room location trip trip not recommended not recommended room not recommended not recommended not recommended service room stay experience not recommended location location not recommended not recommended stay bad bad not recommended not recommended,Negative
CUST1223,Bangalore,App,2,service location stay location location poor location experience hotel location poor hotel service experience experience service trip experience poor service terrible stay hotel poor not recommended location poor not recommended location hotel poor stay stay stay hotel location location not recommended stay experience not recommended experience stay stay hotel service not recommended trip stay poor not recommended poor stay poor not recommended service not recommended not recommended poor experience not recommended service location not recommended hotel trip poor hotel terrible room stay room poor not recommended hotel poor not recommended hotel hotel poor experience not recommended hotel hotel not recommended not recommended location trip experience stay trip terrible poor stay location stay not recommended terrible service stay not recommended poor location trip trip location room trip room poor room not recommended poor hotel service experience service terrible not recommended stay location terrible not recommended not recommended location trip not recommended hotel room room poor service not recommended service experience room service trip poor service poor location not recommended room terrible service poor stay terrible not recommended hotel hotel experience terrible terrible trip not recommended location hotel poor room poor service room not recommended location room terrible poor not recommended location not recommended trip experience experience not recommended experience not recommended stay poor terrible experience trip location not recommended trip room service service location service not recommended room,Negative
CUST1224,Bangalore,Web,3,okay experience moderate decent trip decent experience okay decent decent location decent location hotel okay trip room decent experience service room location trip decent experience location okay stay stay okay stay room okay okay hotel location location trip service okay okay,Neutral
CUST1225,Mumbai,App,4,experience fantastic enjoyable trip stay amazing fantastic amazing room stay amazing room trip room amazing enjoyable stay location enjoyable service trip room location fantastic amazing room stay fantastic pleasant amazing pleasant amazing enjoyable trip enjoyable stay pleasant amazing stay service location location amazing enjoyable location stay amazing amazing location amazing enjoyable great service hotel enjoyable fantastic service room stay experience amazing stay room service stay amazing service amazing stay pleasant trip amazing service pleasant amazing experience service great service amazing room experience pleasant room service trip room enjoyable experience trip room great service stay fantastic hotel location great service amazing stay service hotel pleasant enjoyable stay stay experience trip stay hotel amazing amazing amazing fantastic amazing stay great service stay great service experience fantastic pleasant hotel fantastic service fantastic experience service amazing trip pleasant room amazing amazing enjoyable experience enjoyable stay amazing hotel hotel enjoyable enjoyable enjoyable pleasant hotel fantastic amazing amazing great service pleasant amazing room room room enjoyable hotel fantastic fantastic experience enjoyable room amazing amazing enjoyable location service enjoyable hotel stay service service stay hotel service pleasant hotel room room service service amazing service service stay amazing trip location amazing pleasant pleasant great service hotel amazing trip trip room trip trip room,Positive
CUST1226,Jaipur,Web,1,room terrible poor stay service experience location bad hotel stay service room bad experience stay trip room service experience location poor room bad terrible service hotel location location hotel poor poor bad trip location terrible service stay bad room poor room hotel not recommended experience hotel bad poor location location poor poor location terrible experience terrible poor hotel trip bad experience room experience experience service experience trip hotel bad not recommended bad location bad location trip stay stay service bad poor service bad room bad poor not recommended poor stay trip terrible location terrible stay poor hotel room experience terrible bad location location stay poor bad not recommended bad bad terrible experience experience bad hotel experience poor room bad trip experience terrible not recommended hotel trip location not recommended terrible experience service location room stay room stay terrible poor bad poor stay location stay experience bad room room hotel experience bad,Negative
CUST1227,Delhi,Web,5,hotel fantastic fantastic fantastic experience fantastic pleasant service hotel pleasant service pleasant enjoyable trip experience fantastic enjoyable pleasant room pleasant location enjoyable location great service enjoyable room pleasant trip room room fantastic experience room trip location experience service hotel recommended service room recommended fantastic room enjoyable service fantastic room service service fantastic fantastic pleasant fantastic location pleasant room pleasant recommended trip stay stay pleasant room service pleasant service service fantastic location location fantastic pleasant hotel recommended hotel trip service pleasant location stay great service enjoyable fantastic recommended location experience pleasant pleasant enjoyable enjoyable service fantastic stay fantastic stay stay fantastic hotel room recommended service great service service fantastic fantastic pleasant recommended trip location hotel location trip room experience enjoyable fantastic stay enjoyable service fantastic pleasant experience experience location stay enjoyable hotel great service hotel enjoyable experience hotel trip trip stay location recommended service service service service location enjoyable location stay service location location enjoyable location fantastic hotel stay service room recommended service location location stay,Positive
CUST1228,Bangalore,App,4,pleasant amazing fantastic pleasant recommended experience trip fantastic recommended hotel location amazing stay recommended experience amazing service recommended amazing stay amazing room pleasant stay service pleasant trip amazing trip trip recommended trip service pleasant trip fantastic pleasant pleasant hotel trip recommended recommended experience service amazing recommended recommended recommended pleasant experience recommended service hotel amazing hotel pleasant stay recommended location stay experience trip amazing stay pleasant trip recommended room experience recommended experience fantastic pleasant amazing experience room hotel amazing fantastic fantastic hotel amazing recommended hotel recommended fantastic room hotel recommended amazing pleasant service amazing hotel experience amazing room amazing hotel recommended trip recommended location stay experience amazing amazing recommended recommended recommended trip location location amazing experience location pleasant,Positive
CUST1229,Mumbai,Web,3,room okay okay stay stay room trip hotel acceptable hotel okay service decent experience decent location decent experience acceptable stay room experience room location room acceptable room acceptable trip,Neutral
CUST1230,Jaipur,Web,3,hotel stay location room average service room room location average hotel decent room moderate okay location experience trip experience experience average service experience average decent stay experience stay stay average average location moderate stay decent location experience location location moderate service okay service hotel average room average room experience moderate trip stay trip stay okay decent average hotel average moderate location trip okay stay average room average room average moderate average location service service service hotel location average decent trip average decent stay average average hotel decent average average average service trip location room hotel okay trip service location stay room room okay experience service decent trip room experience average trip experience service trip service trip location average,Neutral
CUST1231,Delhi,Web,5,location room hotel room trip enjoyable fantastic enjoyable enjoyable enjoyable experience trip enjoyable location experience stay fantastic enjoyable location experience location enjoyable stay trip location fantastic enjoyable room enjoyable experience trip enjoyable recommended recommended location recommended fantastic fantastic location fantastic location fantastic experience trip recommended service fantastic fantastic service stay enjoyable room fantastic enjoyable stay enjoyable recommended room service trip stay trip experience fantastic room enjoyable recommended room fantastic enjoyable location enjoyable location room service service location trip enjoyable trip fantastic fantastic location experience trip enjoyable fantastic fantastic fantastic enjoyable experience location room enjoyable hotel enjoyable service hotel room trip trip fantastic fantastic hotel enjoyable fantastic service enjoyable stay enjoyable enjoyable location recommended fantastic trip trip enjoyable hotel experience fantastic recommended room fantastic room experience service stay hotel enjoyable hotel stay enjoyable stay room trip service enjoyable,Positive
CUST1232,Bangalore,App,4,enjoyable pleasant location location amazing trip amazing enjoyable amazing amazing pleasant amazing trip pleasant trip service amazing pleasant fantastic stay hotel pleasant trip room service fantastic hotel experience amazing trip amazing location amazing experience location fantastic service hotel pleasant stay pleasant pleasant pleasant fantastic room room amazing amazing pleasant room fantastic experience experience fantastic service trip trip enjoyable trip experience amazing amazing amazing trip trip fantastic stay amazing service service room fantastic fantastic amazing room amazing fantastic amazing location pleasant amazing amazing trip pleasant experience hotel pleasant pleasant amazing pleasant pleasant location pleasant pleasant location stay pleasant trip enjoyable hotel trip trip experience amazing room location hotel room amazing room amazing pleasant amazing service amazing amazing fantastic stay location fantastic location room pleasant room experience fantastic pleasant pleasant stay trip service enjoyable hotel room experience hotel,Positive
CUST1233,Goa,App,4,room location stay amazing recommended enjoyable fantastic pleasant fantastic fantastic experience great service stay experience service recommended hotel hotel stay room location great service hotel hotel service stay service trip location pleasant recommended great service trip service experience stay hotel location amazing experience enjoyable trip recommended amazing enjoyable room enjoyable trip hotel fantastic trip amazing hotel recommended enjoyable room great service experience pleasant great service trip hotel recommended hotel trip fantastic pleasant trip fantastic room trip room amazing trip room pleasant service stay trip service trip location hotel enjoyable experience hotel enjoyable trip room enjoyable hotel location enjoyable recommended stay enjoyable experience location location great service amazing stay stay room pleasant location hotel enjoyable stay hotel location hotel amazing enjoyable service experience enjoyable recommended location service enjoyable,Positive
CUST1234,Jaipur,App,4,great service great service room hotel service great service location great service fantastic stay room service great service experience trip recommended fantastic hotel great service hotel great service recommended trip great service recommended recommended stay great service recommended room experience room fantastic great service stay great service experience amazing room recommended stay room fantastic great service great service trip service hotel trip recommended service recommended stay service trip fantastic amazing service room room amazing service great service experience room recommended great service great service location experience experience trip room great service service location fantastic room amazing experience room location great service great service location service room stay trip trip stay location service stay great service stay recommended location fantastic great service recommended location location great service hotel great service great service great service recommended fantastic trip room great service trip room room fantastic trip,Positive
CUST1235,Jaipur,App,3,service acceptable room hotel hotel stay moderate service decent experience moderate decent acceptable stay service decent decent experience hotel service moderate acceptable acceptable service location location acceptable room hotel service trip acceptable acceptable hotel trip room hotel service service location stay service moderate service service service experience okay room stay room service moderate location moderate decent hotel room acceptable stay acceptable acceptable okay trip decent acceptable experience service acceptable acceptable hotel okay trip moderate acceptable decent okay stay service experience acceptable service acceptable experience acceptable acceptable hotel okay experience stay acceptable acceptable experience experience experience service experience acceptable okay experience decent moderate hotel okay service stay acceptable room trip service decent stay service okay moderate experience location service acceptable acceptable decent moderate moderate service okay decent trip service moderate acceptable stay location moderate moderate stay trip moderate stay okay okay room stay acceptable experience service acceptable moderate hotel,Neutral
CUST1236,Mumbai,App,5,enjoyable location room enjoyable stay service trip experience location hotel recommended service experience experience enjoyable experience stay experience great service pleasant service enjoyable recommended enjoyable experience great service hotel great service room recommended service great service hotel recommended room great service enjoyable trip hotel enjoyable room pleasant experience recommended recommended great service location service great service recommended recommended room great service service great service service trip recommended location recommended stay recommended recommended great service enjoyable hotel room recommended experience trip hotel trip pleasant hotel room recommended stay recommended location location service hotel recommended service service enjoyable room recommended recommended location enjoyable trip enjoyable great service room hotel location hotel location service pleasant trip recommended location recommended trip pleasant great service room recommended stay service service great service recommended enjoyable recommended great service recommended great service great service recommended service pleasant recommended stay hotel service trip experience enjoyable pleasant great service stay trip room hotel great service hotel location great service great service recommended room enjoyable room pleasant hotel great service enjoyable great service trip recommended recommended hotel recommended enjoyable recommended trip location recommended recommended recommended enjoyable trip service hotel great service recommended great service trip hotel experience great service great service great service recommended service location great service hotel enjoyable room service room,Positive
CUST1237,Bangalore,Web,4,service location pleasant experience great service hotel enjoyable pleasant location recommended location trip stay hotel location stay stay great service service pleasant pleasant room enjoyable recommended location room great service location stay room recommended pleasant location great service hotel stay great service room experience great service room stay great service hotel trip pleasant great service trip room great service pleasant great service trip trip stay recommended location stay great service hotel pleasant great service pleasant trip recommended great service experience pleasant great service experience recommended great service enjoyable recommended great service great service service stay recommended stay experience service room pleasant recommended room enjoyable pleasant trip location enjoyable enjoyable room service stay location pleasant great service stay hotel stay service room pleasant recommended service location recommended stay trip hotel room enjoyable pleasant recommended great service stay great service trip trip great service hotel pleasant experience hotel,Positive
CUST1238,Bangalore,Web,5,pleasant room service fantastic service pleasant location trip service hotel pleasant service great service service recommended room hotel pleasant trip great service experience hotel location recommended location pleasant pleasant amazing recommended trip service location hotel location trip great service fantastic experience room trip location room hotel service pleasant amazing fantastic pleasant location room amazing pleasant great service experience service great service stay great service recommended location fantastic stay stay pleasant stay amazing location fantastic location trip service great service service experience amazing location pleasant recommended hotel pleasant recommended amazing hotel fantastic hotel amazing recommended pleasant fantastic location amazing trip room hotel amazing experience service room trip fantastic hotel pleasant amazing service recommended room experience pleasant service trip experience trip room amazing experience stay fantastic location location service fantastic experience room recommended pleasant recommended experience trip recommended amazing amazing service amazing location trip great service pleasant pleasant fantastic great service fantastic great service service location room location fantastic recommended stay room room fantastic room location experience amazing,Positive
CUST1239,Delhi,App,4,service location location location room fantastic service recommended location great service great service great service great service hotel enjoyable service enjoyable location fantastic great service hotel location service room hotel hotel room great service enjoyable hotel fantastic hotel stay recommended experience trip enjoyable trip location service great service experience fantastic great service experience experience enjoyable recommended experience room service great service recommended location great service service great service enjoyable trip stay room room recommended enjoyable location hotel location trip hotel trip location fantastic recommended fantastic great service experience stay location recommended location stay great service recommended hotel great service fantastic location service room,Positive
CUST1240,Bangalore,Web,3,service trip experience location hotel experience acceptable hotel experience stay location experience average okay decent hotel decent moderate location experience moderate acceptable hotel,Neutral
CUST1241,Goa,Web,2,stay bad service stay bad trip unpleasant location bad terrible hotel service stay bad experience bad bad service room terrible bad bad terrible stay service unpleasant terrible room trip unpleasant unpleasant unpleasant unpleasant bad stay unpleasant,Negative
CUST1242,Jaipur,App,5,stay pleasant fantastic stay stay recommended room trip hotel pleasant fantastic great service experience service room location fantastic enjoyable experience service pleasant great service pleasant great service experience recommended enjoyable recommended stay location stay trip room fantastic enjoyable hotel recommended room,Positive
CUST1243,Goa,Web,3,okay experience location location decent moderate moderate stay trip experience experience location room service acceptable trip acceptable decent acceptable room moderate trip service okay moderate decent moderate room service trip trip acceptable room trip acceptable service stay decent room okay okay decent moderate acceptable decent trip okay experience acceptable decent okay service trip room hotel stay hotel stay hotel decent service location experience moderate acceptable okay okay stay stay room location location hotel acceptable service moderate room stay decent trip decent acceptable,Neutral
CUST1244,Jaipur,Web,4,amazing enjoyable fantastic location trip enjoyable stay fantastic location fantastic enjoyable enjoyable room stay trip enjoyable hotel enjoyable fantastic amazing great service enjoyable great service hotel great service enjoyable room fantastic experience location enjoyable enjoyable location stay enjoyable experience location stay amazing service experience fantastic hotel fantastic experience trip stay stay service location hotel enjoyable fantastic enjoyable great service great service fantastic experience room fantastic stay fantastic experience experience location fantastic great service location fantastic stay enjoyable amazing room experience hotel fantastic stay great service room trip fantastic room amazing service service enjoyable trip service experience location experience fantastic fantastic amazing amazing enjoyable fantastic enjoyable fantastic amazing amazing enjoyable service stay room service service service fantastic fantastic stay fantastic service hotel trip stay stay stay experience enjoyable enjoyable enjoyable amazing enjoyable room hotel stay service room enjoyable trip room enjoyable great service amazing amazing trip experience fantastic fantastic fantastic room fantastic fantastic room stay enjoyable room fantastic amazing stay stay location enjoyable experience amazing stay service trip great service enjoyable fantastic hotel service trip enjoyable experience service enjoyable amazing experience service location room trip stay trip service amazing fantastic fantastic location hotel fantastic enjoyable service hotel service location location fantastic room enjoyable fantastic trip room,Positive
CUST1245,Goa,Web,3,acceptable location acceptable trip average acceptable average trip average room acceptable average decent decent average hotel decent service acceptable location location acceptable average room decent acceptable hotel acceptable acceptable stay room acceptable average trip stay experience experience hotel stay average hotel acceptable room location room stay experience experience average stay hotel room acceptable room stay acceptable average room stay average service acceptable room trip hotel acceptable,Neutral
CUST1246,Delhi,Web,2,not recommended hotel bad hotel location not recommended service not recommended not recommended room experience bad experience experience trip room service hotel not recommended room trip bad not recommended poor room service poor bad trip not recommended experience bad bad stay not recommended not recommended location bad service service trip bad hotel trip service hotel room location bad trip not recommended not recommended location poor not recommended room trip bad not recommended experience not recommended hotel bad service bad experience bad location not recommended not recommended bad hotel service bad room bad room poor bad stay experience not recommended poor not recommended service bad stay bad stay room location stay poor experience room bad trip not recommended stay service not recommended stay hotel bad location not recommended room stay room stay bad stay bad bad bad not recommended service service service poor bad not recommended trip room trip bad not recommended poor trip room trip trip location location stay not recommended hotel service not recommended experience stay service poor not recommended location not recommended location bad service stay trip hotel stay location not recommended not recommended not recommended not recommended stay trip stay poor not recommended location location bad poor trip room hotel stay hotel not recommended hotel room room bad bad bad room not recommended trip hotel bad room location experience stay stay bad location not recommended bad poor hotel poor not recommended bad room,Negative
CUST1247,Mumbai,Web,5,experience great service stay hotel hotel great service pleasant pleasant great service pleasant experience pleasant stay great service room pleasant room great service trip great service location enjoyable pleasant trip great service enjoyable pleasant service enjoyable room great service pleasant great service location great service great service pleasant great service stay pleasant stay room trip pleasant great service hotel experience great service hotel stay pleasant pleasant pleasant trip trip pleasant great service experience service hotel pleasant experience great service stay great service room enjoyable location room hotel room pleasant great service great service room great service stay trip location experience service hotel great service pleasant stay great service pleasant stay room pleasant service great service location stay enjoyable experience location trip pleasant hotel room stay great service pleasant great service pleasant great service stay great service experience enjoyable service stay pleasant trip location pleasant enjoyable service great service enjoyable great service service enjoyable location trip enjoyable hotel trip trip enjoyable great service hotel,Positive
CUST1248,Mumbai,App,4,enjoyable fantastic location experience experience stay hotel enjoyable location pleasant trip recommended service pleasant enjoyable hotel fantastic enjoyable hotel trip hotel amazing amazing experience experience hotel fantastic service location location hotel enjoyable recommended pleasant hotel room pleasant enjoyable room experience room experience location trip enjoyable experience enjoyable trip recommended fantastic enjoyable pleasant stay recommended hotel location recommended enjoyable enjoyable location location stay amazing recommended hotel trip stay stay service stay recommended fantastic fantastic amazing pleasant recommended service service location enjoyable pleasant enjoyable location room enjoyable recommended recommended pleasant location service experience experience service recommended enjoyable experience service trip trip stay service experience amazing stay room location amazing service pleasant experience trip hotel location room recommended recommended service recommended recommended trip recommended enjoyable hotel recommended recommended amazing enjoyable experience recommended pleasant hotel trip recommended stay pleasant recommended hotel stay stay trip stay recommended enjoyable amazing amazing trip room recommended enjoyable trip room experience service service amazing location pleasant pleasant recommended enjoyable room recommended hotel experience room service amazing stay stay service recommended service pleasant amazing amazing experience amazing recommended hotel trip service enjoyable service location experience room recommended recommended,Positive
CUST1249,Bangalore,App,1,bad trip location terrible hotel stay location location stay stay service experience bad service room unpleasant hotel bad stay service terrible terrible hotel terrible location service terrible bad unpleasant unpleasant stay stay terrible stay location location terrible bad hotel trip bad service hotel service stay bad terrible room service terrible unpleasant room location service service terrible service location bad stay room experience terrible terrible hotel room stay hotel trip experience stay location terrible hotel location unpleasant bad room location bad unpleasant service bad unpleasant unpleasant terrible hotel hotel stay experience service stay terrible hotel terrible stay terrible hotel experience room bad,Negative
CUST1250,Jaipur,App,5,pleasant recommended pleasant fantastic hotel great service great service trip fantastic pleasant pleasant pleasant hotel trip fantastic recommended pleasant hotel room room stay experience service stay location location recommended fantastic hotel fantastic room hotel great service pleasant fantastic pleasant fantastic location location trip great service great service hotel trip trip service great service hotel trip fantastic fantastic experience trip recommended room service pleasant trip stay fantastic stay service room room fantastic room location trip trip recommended fantastic experience hotel pleasant pleasant pleasant pleasant recommended recommended hotel service experience fantastic experience experience pleasant fantastic service stay recommended recommended recommended trip fantastic service hotel great service trip fantastic room great service pleasant location service trip service pleasant experience fantastic experience recommended pleasant recommended experience service service fantastic fantastic trip recommended hotel experience hotel hotel room service pleasant pleasant fantastic room hotel trip trip fantastic trip fantastic service room fantastic pleasant stay hotel,Positive
CUST1251,Jaipur,App,4,hotel experience recommended service room room hotel recommended experience trip experience trip recommended service hotel hotel service trip recommended hotel amazing experience hotel recommended room pleasant enjoyable trip experience stay amazing trip hotel recommended trip hotel service enjoyable recommended pleasant trip hotel enjoyable amazing trip recommended stay location room recommended recommended location location recommended recommended recommended room pleasant location recommended recommended room location stay stay amazing location trip trip amazing stay,Positive
CUST1252,Bangalore,Web,2,experience service trip room stay terrible service location service service terrible hotel location location terrible room terrible stay room unpleasant room hotel unpleasant room terrible trip terrible stay terrible stay unpleasant room trip location service unpleasant hotel trip stay service unpleasant terrible location location room location terrible terrible trip stay trip terrible terrible service trip stay experience hotel room unpleasant hotel terrible stay terrible hotel stay service trip stay hotel terrible hotel trip room terrible hotel service terrible room terrible terrible terrible service terrible experience room terrible room terrible trip experience terrible location unpleasant hotel room terrible unpleasant terrible hotel terrible location service trip trip location terrible experience room,Negative
CUST1253,Goa,App,4,enjoyable stay pleasant hotel hotel stay experience stay experience service experience recommended trip recommended recommended stay trip recommended experience service stay service recommended recommended hotel service experience recommended trip amazing recommended pleasant experience stay trip experience recommended service location amazing enjoyable location location hotel room hotel location location room location amazing stay room pleasant pleasant location room service experience recommended room service recommended hotel service enjoyable amazing amazing location enjoyable trip recommended room amazing stay service service pleasant amazing recommended stay recommended recommended experience recommended pleasant experience hotel service experience service pleasant stay recommended pleasant recommended experience location recommended stay recommended room amazing location recommended enjoyable pleasant amazing enjoyable location amazing hotel recommended hotel recommended location trip stay hotel recommended hotel recommended hotel service trip recommended recommended trip trip room experience pleasant experience room room stay recommended,Positive
CUST1254,Mumbai,App,1,room service not recommended bad bad poor poor hotel room bad not recommended experience trip bad trip bad bad poor poor experience poor bad location,Negative
CUST1255,Goa,Web,3,hotel decent location location stay hotel trip moderate moderate room hotel decent hotel trip trip acceptable decent service moderate decent room hotel experience moderate average moderate average experience moderate decent hotel hotel trip moderate acceptable moderate hotel average acceptable location moderate location service moderate average average hotel acceptable trip location experience trip stay acceptable location average location hotel experience moderate stay location experience average acceptable decent decent service moderate moderate hotel moderate stay moderate stay acceptable room average service service trip moderate trip experience experience location service hotel room experience hotel decent service service experience hotel decent moderate experience room average room service decent average location hotel hotel location hotel service average trip stay trip average moderate hotel room trip experience moderate experience trip moderate experience service trip acceptable acceptable experience room acceptable room service moderate location decent trip decent stay hotel room acceptable acceptable moderate decent room acceptable room,Neutral
CUST1256,Goa,App,3,acceptable experience hotel acceptable service average acceptable room trip stay service hotel hotel average trip acceptable room trip location hotel trip acceptable okay service acceptable experience okay location stay okay average okay acceptable acceptable trip trip okay average stay acceptable average acceptable experience trip hotel acceptable trip okay average average service average,Neutral
CUST1257,Mumbai,Web,4,enjoyable recommended enjoyable hotel trip location enjoyable stay pleasant enjoyable enjoyable location trip hotel amazing location experience room recommended location trip enjoyable enjoyable recommended recommended trip enjoyable amazing recommended pleasant service amazing room service experience amazing service room pleasant amazing trip,Positive
CUST1258,Delhi,Web,4,amazing amazing fantastic great service amazing location experience fantastic experience stay trip enjoyable great service trip room enjoyable fantastic enjoyable service trip stay recommended pleasant pleasant trip amazing fantastic service stay enjoyable stay pleasant fantastic hotel pleasant room fantastic pleasant experience pleasant hotel enjoyable pleasant recommended service great service location fantastic stay experience fantastic enjoyable service great service fantastic location pleasant experience amazing hotel service room trip hotel enjoyable location recommended amazing recommended pleasant service pleasant hotel room stay experience room enjoyable great service pleasant pleasant amazing recommended pleasant pleasant room amazing experience stay hotel room room location great service location experience amazing service location service trip pleasant enjoyable fantastic great service experience great service,Positive
CUST1259,Jaipur,Web,4,great service room enjoyable service great service enjoyable service experience service room service stay service experience hotel enjoyable enjoyable enjoyable experience trip service enjoyable stay location great service great service enjoyable enjoyable enjoyable enjoyable stay trip hotel great service trip trip great service stay experience stay hotel experience great service enjoyable recommended enjoyable trip trip enjoyable experience great service experience great service location service stay hotel enjoyable experience great service great service recommended recommended enjoyable location great service great service great service hotel hotel recommended service recommended great service location location recommended great service location enjoyable stay great service hotel recommended service enjoyable service location hotel recommended recommended experience experience hotel trip great service room service service great service enjoyable stay hotel enjoyable trip service experience,Positive
CUST1260,Mumbai,Web,4,fantastic experience location room trip trip hotel amazing trip trip enjoyable trip service room room service experience amazing location hotel amazing fantastic experience service location recommended trip location hotel room location trip location enjoyable trip fantastic stay fantastic experience experience service location fantastic location stay hotel recommended location fantastic recommended fantastic experience service recommended enjoyable location amazing fantastic room recommended service amazing fantastic pleasant hotel enjoyable experience service pleasant recommended fantastic fantastic fantastic amazing trip fantastic room enjoyable fantastic recommended trip amazing hotel stay enjoyable trip,Positive
CUST1261,Mumbai,App,5,great service recommended amazing location service great service service enjoyable amazing location stay enjoyable enjoyable great service stay recommended enjoyable service recommended service enjoyable great service stay service room location enjoyable experience great service great service enjoyable experience hotel amazing experience enjoyable experience location service great service great service hotel room experience hotel trip amazing trip recommended trip trip amazing service room enjoyable stay recommended great service trip recommended great service service great service enjoyable amazing great service location amazing hotel great service great service enjoyable great service stay recommended trip amazing trip trip stay enjoyable hotel great service room experience service great service hotel room hotel stay experience service trip room amazing enjoyable service recommended stay recommended service trip room stay location amazing recommended service great service great service trip great service location great service recommended great service trip amazing amazing recommended service location great service enjoyable recommended trip enjoyable location enjoyable enjoyable great service location stay amazing experience hotel enjoyable recommended location amazing location recommended,Positive
CUST1262,Mumbai,Web,3,room trip moderate trip service okay service trip experience service stay location location moderate service okay location decent location trip average okay okay location room moderate trip okay experience decent hotel stay service location trip room trip trip location location okay room room location trip okay service trip hotel stay decent okay moderate moderate decent room stay moderate moderate experience stay okay room okay experience room service okay moderate moderate moderate service average trip room experience service experience hotel hotel location location moderate room decent room room experience trip room trip location hotel stay hotel average stay moderate experience stay service decent service trip okay moderate average moderate hotel experience trip decent decent service service moderate room moderate okay room stay average okay okay average stay average hotel room decent okay okay hotel moderate service trip decent room okay moderate stay okay okay experience room average room location stay okay hotel moderate decent decent average,Neutral
CUST1263,Mumbai,Web,1,unpleasant unpleasant experience unpleasant poor poor poor experience not recommended experience unpleasant not recommended stay service service unpleasant unpleasant not recommended not recommended unpleasant unpleasant location stay room experience poor poor unpleasant experience location unpleasant unpleasant experience trip service experience not recommended not recommended unpleasant service not recommended stay trip unpleasant service unpleasant unpleasant service service hotel unpleasant not recommended hotel not recommended poor room unpleasant stay stay hotel service service unpleasant room service unpleasant location hotel unpleasant hotel unpleasant service stay stay,Negative
CUST1264,Mumbai,App,1,unpleasant terrible bad experience trip bad stay poor hotel bad stay unpleasant poor unpleasant poor service service service bad room location bad experience room bad terrible stay experience experience experience experience experience bad experience bad terrible location bad service hotel terrible stay room hotel bad terrible service bad unpleasant bad stay unpleasant unpleasant unpleasant bad bad room terrible service service room service location bad trip experience trip unpleasant location room bad unpleasant experience experience location trip bad stay stay trip experience poor hotel experience stay stay stay trip bad unpleasant hotel trip terrible trip experience location experience hotel service hotel stay bad location location stay experience stay unpleasant hotel stay location service service stay bad poor trip experience bad location terrible bad location hotel hotel terrible location hotel stay poor location hotel bad bad service room poor hotel unpleasant bad service trip trip bad terrible terrible unpleasant poor room terrible hotel,Negative
CUST1265,Mumbai,Web,4,room enjoyable enjoyable trip recommended experience trip stay fantastic recommended enjoyable stay fantastic great service trip stay enjoyable fantastic enjoyable experience service trip stay recommended fantastic recommended great service room location recommended recommended enjoyable great service fantastic service trip location experience service room experience great service location experience trip great service enjoyable experience location fantastic great service service stay enjoyable great service great service room trip experience enjoyable experience hotel hotel hotel stay enjoyable enjoyable enjoyable enjoyable recommended location great service location experience service hotel room fantastic great service service trip recommended enjoyable room trip service enjoyable experience enjoyable location room stay great service great service trip enjoyable experience service great service recommended location enjoyable enjoyable experience great service trip experience service recommended fantastic trip enjoyable stay enjoyable recommended recommended room hotel location fantastic location enjoyable trip great service trip great service great service enjoyable enjoyable stay location enjoyable service service experience enjoyable enjoyable experience location hotel service service trip location location enjoyable stay service service enjoyable enjoyable great service enjoyable enjoyable enjoyable trip enjoyable enjoyable fantastic enjoyable enjoyable service hotel hotel service enjoyable room service great service fantastic fantastic enjoyable fantastic location fantastic fantastic enjoyable recommended enjoyable location location experience hotel fantastic hotel hotel enjoyable fantastic fantastic hotel stay experience enjoyable location enjoyable enjoyable enjoyable,Positive
CUST1266,Jaipur,App,4,recommended room room enjoyable great service great service service experience trip service fantastic trip room room trip trip enjoyable service experience stay trip stay stay location trip stay experience amazing stay hotel enjoyable location stay room room experience recommended experience enjoyable trip service experience trip room great service fantastic stay fantastic great service amazing recommended room amazing amazing stay enjoyable service trip recommended great service hotel stay trip amazing great service great service amazing room location experience experience amazing room trip location experience enjoyable room great service recommended service service room great service fantastic trip great service enjoyable fantastic enjoyable location fantastic enjoyable fantastic stay amazing recommended hotel location room fantastic experience recommended room recommended experience great service great service stay great service amazing room trip amazing location stay enjoyable location recommended recommended recommended fantastic great service enjoyable fantastic location amazing great service service service trip amazing stay trip great service enjoyable recommended amazing recommended great service recommended service great service amazing service experience stay fantastic room stay stay trip fantastic experience fantastic amazing hotel enjoyable fantastic fantastic stay room room hotel great service hotel trip trip trip experience stay great service service,Positive
CUST1267,Jaipur,App,4,fantastic trip amazing experience hotel room service hotel stay amazing amazing amazing location room room amazing room enjoyable stay hotel stay stay amazing stay amazing enjoyable service service amazing amazing service enjoyable enjoyable hotel fantastic service enjoyable enjoyable experience trip trip amazing,Positive
CUST1268,Delhi,Web,3,room location average average service location stay service moderate decent decent service stay decent moderate average average average average trip decent location average hotel hotel average experience decent moderate trip room okay,Neutral
CUST1269,Mumbai,Web,4,great service amazing trip enjoyable enjoyable service amazing trip location stay room location room enjoyable great service amazing enjoyable hotel great service hotel amazing great service trip great service enjoyable stay stay location pleasant stay experience great service amazing enjoyable service hotel hotel location experience experience trip stay location experience experience amazing experience room service great service amazing great service experience room pleasant pleasant great service trip amazing amazing experience trip amazing great service amazing stay pleasant trip hotel amazing great service room great service enjoyable room hotel trip service great service service hotel room stay hotel enjoyable room stay enjoyable hotel great service trip service amazing experience experience location hotel hotel great service great service great service location pleasant stay hotel stay experience,Positive
CUST1270,Delhi,App,5,great service recommended location trip amazing enjoyable great service amazing location great service pleasant stay pleasant pleasant great service enjoyable location hotel location enjoyable pleasant enjoyable location room experience room pleasant experience room recommended stay trip location room trip trip great service amazing enjoyable location room recommended enjoyable enjoyable stay stay trip experience hotel great service room experience stay service great service service recommended great service stay pleasant enjoyable recommended stay great service trip amazing amazing enjoyable enjoyable enjoyable recommended room amazing trip pleasant enjoyable enjoyable enjoyable stay enjoyable hotel hotel trip stay service great service amazing hotel stay location service enjoyable recommended enjoyable enjoyable trip trip service great service trip stay location stay trip recommended enjoyable hotel experience stay enjoyable pleasant stay stay stay room location room recommended pleasant service service location experience location recommended service enjoyable stay pleasant location location amazing service experience enjoyable great service great service great service enjoyable trip enjoyable recommended great service enjoyable hotel enjoyable hotel amazing pleasant amazing enjoyable trip enjoyable recommended great service stay pleasant trip hotel stay stay enjoyable hotel service enjoyable stay service experience stay location trip enjoyable amazing experience location great service hotel hotel room service trip experience service enjoyable room recommended stay hotel location stay service great service trip service trip enjoyable,Positive
CUST1271,Mumbai,App,4,location service pleasant trip enjoyable enjoyable great service hotel trip service enjoyable pleasant great service service fantastic trip great service enjoyable trip service fantastic service enjoyable trip room great service experience hotel stay stay experience fantastic enjoyable stay fantastic fantastic enjoyable fantastic location pleasant fantastic fantastic service pleasant pleasant pleasant room fantastic experience enjoyable location experience trip trip enjoyable fantastic pleasant fantastic stay enjoyable trip service stay stay service enjoyable fantastic enjoyable service hotel enjoyable service stay hotel service enjoyable hotel room stay service fantastic pleasant experience enjoyable great service fantastic location great service room hotel enjoyable stay service pleasant room great service trip fantastic experience fantastic location enjoyable room great service pleasant fantastic trip experience enjoyable room enjoyable pleasant great service pleasant fantastic room fantastic enjoyable pleasant hotel experience great service service service experience location fantastic trip enjoyable experience trip location trip location fantastic enjoyable location trip hotel enjoyable location enjoyable fantastic experience trip hotel stay fantastic experience hotel room room enjoyable stay enjoyable great service service great service stay fantastic enjoyable hotel great service,Positive
CUST1272,Bangalore,App,5,trip room great service enjoyable experience pleasant trip room stay pleasant stay room trip great service pleasant great service stay great service service great service trip room great service great service great service great service stay hotel hotel service location great service room great service pleasant experience experience hotel pleasant location experience great service pleasant enjoyable location location room great service great service service location stay experience service great service room enjoyable stay service room trip trip trip great service trip enjoyable trip experience pleasant location pleasant room hotel great service hotel experience stay stay service experience enjoyable hotel location great service hotel enjoyable service great service experience room great service location great service great service great service pleasant experience enjoyable hotel pleasant great service service service hotel trip great service great service stay great service great service trip hotel great service location enjoyable pleasant stay service service stay hotel stay stay great service great service great service great service service location stay experience experience room great service service service experience stay great service service great service experience enjoyable trip hotel hotel service pleasant enjoyable experience great service experience great service room stay pleasant room pleasant pleasant room great service location hotel service great service enjoyable experience experience service room great service enjoyable pleasant stay great service experience great service room pleasant,Positive
CUST1273,Jaipur,Web,2,terrible hotel poor trip room bad location room service bad hotel experience service experience service room experience poor trip poor poor hotel terrible stay bad experience poor terrible terrible room experience service bad trip hotel poor trip bad poor room service poor experience bad experience service room poor experience trip experience terrible location experience stay service hotel service experience room location terrible location terrible bad hotel hotel room poor room bad room poor terrible experience bad bad terrible experience poor terrible trip service poor hotel trip poor poor location poor hotel trip terrible terrible hotel bad service location experience hotel location hotel hotel experience bad experience service terrible experience experience room poor terrible,Negative
CUST1274,Goa,Web,5,enjoyable pleasant trip pleasant great service enjoyable room trip fantastic experience trip fantastic recommended service recommended experience hotel recommended great service experience room enjoyable hotel stay pleasant pleasant recommended service pleasant location stay experience experience stay great service recommended great service hotel recommended stay recommended experience recommended pleasant recommended pleasant experience enjoyable pleasant location great service hotel experience stay service location great service stay enjoyable fantastic trip trip experience fantastic pleasant pleasant trip recommended recommended recommended recommended recommended pleasant location great service stay recommended enjoyable trip fantastic experience fantastic enjoyable trip stay room hotel fantastic location recommended enjoyable experience great service pleasant experience pleasant location service experience recommended recommended hotel location location recommended recommended trip recommended service recommended pleasant hotel great service stay room pleasant great service great service great service stay recommended stay recommended enjoyable service enjoyable pleasant recommended experience trip great service trip room experience great service room stay fantastic fantastic trip stay hotel fantastic recommended,Positive
CUST1275,Mumbai,App,3,service location service room location average trip room stay average acceptable okay okay decent okay service hotel acceptable room location decent hotel okay experience stay stay location service location average location decent okay location service location decent okay experience service trip location acceptable acceptable okay service location average hotel location experience hotel room location location room stay stay acceptable average average decent room location hotel average service okay hotel stay average okay,Neutral
CUST1276,Bangalore,Web,4,great service great service room stay great service enjoyable enjoyable trip trip amazing great service pleasant stay experience trip great service great service room stay pleasant enjoyable pleasant location enjoyable great service amazing location room room amazing enjoyable trip great service great service location pleasant hotel experience service enjoyable pleasant great service trip location enjoyable pleasant hotel trip amazing room experience stay pleasant room enjoyable enjoyable amazing location hotel hotel pleasant trip hotel room enjoyable great service location room hotel enjoyable stay pleasant great service service great service trip great service stay stay hotel great service enjoyable trip location great service location great service enjoyable service enjoyable pleasant enjoyable great service pleasant hotel service trip enjoyable stay enjoyable service great service location great service location experience great service location pleasant room service hotel location room great service enjoyable room,Positive
CUST1277,Delhi,Web,4,great service experience trip hotel room service location great service enjoyable great service great service enjoyable experience great service enjoyable room enjoyable service service great service stay trip service great service great service trip trip trip hotel great service experience location enjoyable room great service enjoyable enjoyable great service room great service room experience enjoyable stay great service hotel location trip location room enjoyable enjoyable experience enjoyable experience enjoyable enjoyable great service great service service experience room trip great service service enjoyable trip trip stay room hotel enjoyable enjoyable room enjoyable location room enjoyable service great service trip enjoyable service great service trip enjoyable hotel great service great service location great service room experience hotel great service great service room hotel hotel,Positive
CUST1278,Delhi,Web,5,great service hotel trip great service pleasant trip service location trip great service location fantastic great service enjoyable hotel location experience great service amazing experience fantastic hotel pleasant location service amazing stay great service amazing enjoyable stay location service fantastic trip room hotel service stay room hotel experience enjoyable enjoyable stay service trip experience enjoyable enjoyable hotel service hotel enjoyable enjoyable amazing fantastic location enjoyable location enjoyable hotel enjoyable trip experience amazing experience hotel trip room pleasant fantastic great service amazing,Positive
CUST1279,Goa,App,3,hotel okay hotel hotel room decent room experience location stay okay decent room okay location stay decent okay decent decent okay okay room decent room okay stay hotel okay decent experience hotel decent hotel service okay hotel experience decent decent location decent decent decent service room decent decent stay okay okay stay okay trip room decent location experience okay stay hotel experience location experience decent okay service stay service experience service decent trip okay decent okay decent location service location hotel location room decent decent experience trip decent okay experience experience trip room okay trip stay service hotel okay experience room decent room hotel experience location decent okay hotel decent trip trip experience experience experience decent trip decent service okay okay service,Neutral
CUST1280,Delhi,App,3,average experience stay experience room moderate location experience decent room room hotel stay average hotel decent stay room location location location trip okay okay hotel experience stay trip service service service trip average average okay experience service room average service okay average moderate experience location average stay stay average service stay okay okay stay experience average stay trip moderate stay trip moderate average average decent stay decent experience service experience location trip average trip average average trip average average stay decent trip experience moderate stay room okay average trip average room trip trip service room room service experience service average location okay room decent average,Neutral
CUST1281,Bangalore,Web,5,location great service service fantastic recommended room hotel recommended service service trip recommended hotel room recommended fantastic great service fantastic recommended great service service experience great service recommended fantastic experience room recommended room location,Positive
CUST1282,Goa,Web,5,experience fantastic pleasant pleasant pleasant fantastic location fantastic experience location pleasant trip experience pleasant fantastic room room pleasant hotel amazing location fantastic trip hotel pleasant fantastic pleasant amazing pleasant experience hotel room fantastic fantastic stay location hotel pleasant trip location pleasant service experience experience fantastic room stay pleasant service location location fantastic service trip trip fantastic fantastic experience pleasant fantastic hotel service room service stay stay fantastic location trip room stay pleasant pleasant pleasant trip fantastic fantastic hotel location fantastic pleasant fantastic fantastic fantastic amazing fantastic hotel hotel pleasant experience fantastic stay pleasant amazing location location location location fantastic fantastic stay service room hotel trip fantastic service fantastic experience trip location fantastic fantastic fantastic pleasant fantastic fantastic service fantastic room pleasant amazing room experience pleasant fantastic stay room fantastic fantastic room service pleasant fantastic pleasant experience pleasant pleasant service pleasant pleasant fantastic fantastic location pleasant service amazing trip fantastic fantastic hotel experience fantastic location trip,Positive
CUST1283,Delhi,App,2,service trip location unpleasant terrible poor terrible terrible hotel stay unpleasant poor service experience room terrible room poor unpleasant terrible unpleasant poor trip poor location hotel poor terrible terrible terrible service room stay experience terrible poor service poor service location service terrible hotel poor poor stay hotel poor poor trip location poor poor trip terrible experience terrible experience terrible hotel poor service experience terrible stay stay experience location unpleasant poor trip hotel poor trip poor location hotel stay terrible terrible room poor poor service stay terrible service trip hotel unpleasant location service unpleasant terrible unpleasant hotel stay stay terrible trip service location trip service poor unpleasant unpleasant poor terrible stay poor hotel terrible location service terrible unpleasant stay poor terrible hotel room poor poor hotel terrible terrible poor experience terrible trip poor stay terrible terrible room location service stay experience service terrible hotel stay poor stay poor experience unpleasant stay stay trip poor location stay location hotel poor service trip unpleasant terrible trip poor terrible room location terrible stay terrible location trip room poor poor poor location terrible poor service room poor unpleasant experience hotel room trip stay trip poor poor hotel,Negative
CUST1284,Goa,Web,5,trip hotel fantastic trip room fantastic trip pleasant experience trip experience service trip pleasant recommended stay pleasant experience service room room trip stay stay location pleasant pleasant service location service service stay amazing fantastic pleasant service location service pleasant hotel room room pleasant location service pleasant trip room experience recommended pleasant pleasant fantastic location stay hotel recommended trip pleasant recommended hotel amazing trip hotel stay amazing amazing pleasant experience recommended trip service service pleasant pleasant fantastic service location recommended experience location amazing recommended experience trip service location trip service recommended stay room pleasant recommended hotel trip service trip stay room hotel pleasant recommended room experience stay pleasant stay fantastic trip trip service trip service room trip experience pleasant room stay location trip stay location hotel pleasant trip stay amazing room room amazing pleasant fantastic,Positive
CUST1285,Delhi,App,1,unpleasant unpleasant unpleasant location room location experience bad unpleasant trip service location unpleasant room bad hotel stay poor location unpleasant unpleasant terrible experience room terrible poor terrible bad trip service terrible unpleasant trip unpleasant trip trip experience hotel location terrible stay stay unpleasant hotel location unpleasant bad poor terrible service room service terrible unpleasant room hotel service hotel bad room bad experience poor location stay unpleasant experience room hotel poor experience unpleasant unpleasant unpleasant unpleasant terrible bad poor unpleasant location room terrible experience bad stay room unpleasant trip location bad poor terrible bad trip bad terrible terrible unpleasant trip experience unpleasant hotel poor trip terrible unpleasant service poor experience unpleasant hotel poor unpleasant trip experience bad bad stay unpleasant service bad unpleasant poor terrible unpleasant experience room service terrible stay location service hotel stay service hotel trip room unpleasant poor unpleasant location hotel trip unpleasant,Negative
CUST1286,Goa,App,5,service trip great service hotel hotel recommended great service hotel great service great service great service amazing great service hotel amazing great service room room recommended stay stay recommended stay location experience recommended stay stay room hotel hotel great service recommended experience stay recommended recommended trip service trip experience location experience room location,Positive
CUST1287,Jaipur,App,5,stay room amazing stay recommended pleasant stay trip fantastic pleasant room trip stay enjoyable stay fantastic stay amazing pleasant location fantastic fantastic room enjoyable pleasant amazing service service amazing recommended recommended enjoyable hotel recommended experience experience service service enjoyable stay fantastic experience stay amazing trip room location enjoyable stay hotel room amazing room amazing fantastic pleasant pleasant amazing fantastic fantastic enjoyable amazing amazing stay fantastic trip amazing pleasant amazing location location hotel room hotel enjoyable trip,Positive
CUST1288,Mumbai,App,5,experience trip pleasant trip stay location amazing great service great service pleasant amazing amazing service experience stay trip experience location location amazing great service service amazing location experience room trip experience amazing room recommended recommended amazing amazing amazing hotel great service amazing location great service stay location great service pleasant great service hotel room amazing amazing recommended room service experience stay amazing service trip trip great service trip,Positive
CUST1289,Mumbai,App,4,service experience service service service recommended recommended amazing enjoyable recommended stay trip amazing recommended recommended stay recommended recommended amazing trip hotel room recommended recommended location trip recommended enjoyable recommended pleasant location pleasant location room stay service location enjoyable trip trip,Positive
CUST1290,Delhi,Web,2,bad location bad service stay poor not recommended hotel poor room bad location hotel bad poor terrible trip terrible poor poor experience location poor trip location bad room bad poor poor experience poor service hotel terrible bad location not recommended trip terrible bad trip bad trip hotel terrible service terrible bad poor experience poor not recommended room experience hotel poor location not recommended service stay location experience bad bad service experience not recommended,Negative
CUST1291,Bangalore,App,3,location hotel acceptable trip acceptable average trip acceptable acceptable hotel average average acceptable service location acceptable acceptable average hotel experience stay trip room experience location experience trip experience room stay room experience okay acceptable location acceptable average okay okay acceptable hotel experience stay location location hotel service stay experience location acceptable acceptable experience hotel hotel room location hotel experience hotel stay okay trip service acceptable stay okay average location experience hotel acceptable okay service service hotel location experience acceptable average location okay okay room average trip location location okay room experience service average experience location okay average acceptable okay trip experience location location okay service okay,Neutral
CUST1292,Goa,Web,5,enjoyable great service enjoyable enjoyable enjoyable enjoyable stay enjoyable trip amazing enjoyable amazing great service great service location enjoyable enjoyable great service enjoyable stay stay hotel great service trip service stay experience room great service experience trip location enjoyable service location amazing great service stay room amazing great service enjoyable amazing room amazing stay service hotel location enjoyable service trip hotel service amazing great service great service enjoyable enjoyable service experience enjoyable great service amazing great service amazing experience service location trip room room great service enjoyable experience enjoyable room room room room great service room great service great service stay enjoyable enjoyable service room service enjoyable enjoyable great service great service room enjoyable stay service stay experience great service great service enjoyable great service location room hotel service trip service great service location room great service room service experience amazing great service enjoyable room great service experience enjoyable enjoyable amazing enjoyable hotel room great service great service enjoyable hotel room room location enjoyable stay stay location room service great service trip service trip enjoyable room experience experience hotel trip enjoyable hotel great service stay service enjoyable service,Positive
CUST1293,Jaipur,App,1,unpleasant bad stay trip room terrible not recommended not recommended service experience bad poor terrible room hotel location poor hotel trip poor service terrible experience location poor experience stay location poor unpleasant service trip terrible experience bad service experience bad service bad not recommended room room room,Negative
CUST1294,Mumbai,App,3,experience room acceptable acceptable okay okay stay acceptable hotel room room service service service acceptable experience trip okay service okay service stay okay average acceptable average okay room average acceptable average stay location okay location service acceptable acceptable stay acceptable okay average acceptable average room hotel okay service okay okay stay experience hotel hotel okay hotel hotel room trip okay experience acceptable stay stay trip okay location room okay average okay service experience room service okay average acceptable acceptable room acceptable hotel trip service okay average stay stay room room stay location experience stay average service room trip average acceptable stay acceptable location location acceptable trip location room room location service acceptable room okay experience stay average trip average average room trip hotel acceptable okay acceptable experience trip acceptable experience acceptable hotel stay hotel acceptable average stay experience stay experience acceptable acceptable trip okay experience location stay trip trip room hotel stay hotel okay acceptable location trip okay okay service experience service stay stay okay average stay hotel stay acceptable trip acceptable stay acceptable,Neutral
CUST1295,Goa,Web,4,stay fantastic location recommended hotel trip experience pleasant room room recommended service trip fantastic trip amazing experience fantastic stay stay room fantastic amazing service experience stay location fantastic fantastic hotel trip recommended experience recommended recommended recommended fantastic experience amazing fantastic location experience fantastic recommended room pleasant trip trip fantastic hotel room fantastic location trip stay service fantastic stay fantastic location trip recommended hotel fantastic,Positive
CUST1296,Mumbai,App,4,experience location amazing amazing service room stay recommended amazing amazing stay amazing experience service hotel experience amazing service enjoyable service trip,Positive
CUST1297,Bangalore,Web,3,location location experience room experience moderate moderate service stay decent experience okay hotel location location moderate hotel hotel room hotel moderate decent moderate average location location hotel location trip stay room stay average okay experience stay okay moderate room experience hotel moderate hotel location room hotel service room moderate moderate hotel room experience trip service experience service decent room moderate average moderate okay average experience decent room service experience stay decent location stay location okay moderate hotel decent decent moderate room room trip stay okay experience average service service decent okay experience experience experience moderate moderate moderate decent room decent moderate location stay decent moderate moderate stay room average room location average experience moderate experience room stay service okay average trip service room room decent trip decent moderate average stay room experience okay experience room moderate decent stay service moderate trip moderate hotel okay okay service stay average average average moderate experience moderate experience experience okay hotel service experience location service moderate,Neutral
CUST1298,Jaipur,Web,4,amazing experience hotel amazing fantastic fantastic experience room location amazing room location amazing amazing location amazing service fantastic hotel amazing trip fantastic room hotel amazing stay amazing fantastic room stay room service stay service recommended recommended service amazing service amazing fantastic room fantastic service recommended fantastic recommended stay service fantastic service fantastic amazing stay room amazing stay amazing amazing room amazing stay amazing room room amazing stay stay experience amazing trip service fantastic service stay trip fantastic room room service service amazing service fantastic trip stay fantastic recommended location recommended amazing amazing amazing amazing experience amazing room stay experience service amazing service amazing stay experience trip location room recommended recommended hotel amazing amazing location amazing location location stay trip recommended recommended fantastic stay fantastic experience room amazing room stay hotel amazing amazing location stay amazing service room amazing experience location hotel amazing amazing stay fantastic amazing service stay amazing amazing trip,Positive
CUST1299,Bangalore,App,5,service amazing trip room amazing great service service hotel room hotel great service great service room trip enjoyable service trip amazing amazing amazing hotel great service enjoyable enjoyable great service stay service location hotel trip location hotel stay great service great service room amazing experience experience great service amazing trip great service room great service room great service service hotel location stay enjoyable room great service service great service enjoyable service great service enjoyable great service enjoyable recommended hotel location enjoyable trip amazing location stay location recommended hotel great service trip great service,Positive
CUST1300,Goa,App,5,service great service enjoyable enjoyable trip fantastic enjoyable experience enjoyable experience hotel fantastic experience enjoyable enjoyable fantastic great service great service location enjoyable enjoyable hotel hotel stay location location enjoyable enjoyable recommended trip enjoyable enjoyable enjoyable enjoyable room stay recommended stay service service great service service room experience service great service great service fantastic enjoyable hotel fantastic location enjoyable service location enjoyable location trip hotel enjoyable fantastic fantastic service room enjoyable fantastic fantastic location experience hotel enjoyable experience location room room hotel great service recommended enjoyable hotel service trip enjoyable enjoyable location location fantastic fantastic trip stay fantastic fantastic enjoyable stay experience trip hotel recommended trip enjoyable hotel experience enjoyable enjoyable room great service enjoyable great service location enjoyable room fantastic fantastic location enjoyable location experience hotel great service enjoyable enjoyable experience recommended stay location service enjoyable enjoyable service fantastic enjoyable great service stay experience hotel experience enjoyable,Positive
CUST1301,Delhi,Web,2,trip bad trip terrible location service bad stay stay hotel location trip not recommended room terrible terrible trip not recommended not recommended terrible terrible terrible bad experience,Negative
CUST1302,Bangalore,Web,3,service acceptable hotel moderate experience location experience service trip experience acceptable okay moderate stay experience acceptable service moderate service moderate okay okay stay moderate acceptable experience location trip acceptable experience moderate location okay moderate acceptable service moderate hotel okay service room moderate trip room experience experience stay trip experience room location trip okay moderate okay okay acceptable room room service acceptable room acceptable okay room okay okay moderate okay moderate experience okay okay location,Neutral
CUST1303,Goa,App,5,great service room fantastic hotel amazing stay hotel room fantastic location stay great service room experience trip hotel recommended room fantastic trip recommended fantastic amazing fantastic stay hotel location trip great service fantastic great service amazing fantastic amazing fantastic experience fantastic room amazing recommended fantastic trip fantastic experience great service trip service fantastic service stay stay stay,Positive
CUST1304,Delhi,App,3,average room trip average decent hotel moderate room average moderate acceptable stay service room moderate hotel room trip location experience room room decent average service acceptable moderate acceptable acceptable service hotel experience location moderate room experience service room moderate trip moderate hotel room room decent service moderate moderate service location moderate stay service trip moderate decent acceptable decent acceptable decent location decent moderate service moderate average acceptable location service acceptable moderate trip average acceptable experience moderate room average stay location average decent location average experience average stay average decent experience moderate moderate experience moderate location location trip average moderate hotel location moderate stay moderate acceptable acceptable trip moderate experience trip trip moderate decent service decent stay service trip moderate moderate location stay service location moderate hotel trip service trip trip acceptable service trip stay acceptable moderate moderate experience room room average trip decent stay moderate stay,Neutral
CUST1305,Goa,App,2,room unpleasant not recommended unpleasant terrible room terrible experience room hotel location service trip not recommended hotel terrible service terrible terrible experience location unpleasant trip location unpleasant terrible hotel experience stay terrible trip service not recommended experience trip service room stay terrible location unpleasant hotel stay terrible experience experience terrible unpleasant terrible terrible experience terrible stay terrible trip terrible experience location service service terrible service hotel not recommended location terrible experience terrible unpleasant experience not recommended service terrible experience stay terrible service terrible unpleasant stay location trip hotel stay stay terrible experience stay trip trip terrible,Negative
CUST1306,Bangalore,Web,5,location service hotel trip room stay trip service stay stay great service great service enjoyable experience enjoyable experience fantastic trip trip great service fantastic experience experience enjoyable trip hotel trip experience stay fantastic great service room location hotel hotel great service stay great service room hotel fantastic stay experience room recommended recommended stay fantastic service fantastic great service great service great service hotel fantastic service location great service location recommended service room great service enjoyable great service fantastic enjoyable experience great service great service fantastic stay experience fantastic trip stay recommended fantastic fantastic great service hotel hotel recommended location fantastic great service great service trip great service trip great service service trip location great service great service hotel trip trip trip location room fantastic fantastic experience service fantastic experience trip location hotel,Positive
CUST1307,Delhi,App,4,great service great service experience location stay room great service location great service service stay stay amazing stay experience recommended recommended recommended amazing great service room recommended great service experience recommended location trip great service trip room stay room hotel service trip experience recommended great service recommended hotel experience amazing trip trip room recommended trip room service recommended hotel recommended great service great service amazing great service recommended great service recommended great service trip room trip amazing service recommended amazing great service recommended hotel amazing recommended experience great service recommended hotel amazing recommended recommended location recommended amazing recommended great service experience amazing stay recommended recommended trip amazing hotel recommended stay trip experience room recommended great service amazing recommended location service amazing recommended great service recommended hotel room hotel recommended location room room service stay amazing room great service trip hotel great service amazing,Positive
CUST1308,Bangalore,Web,5,fantastic experience service pleasant location great service enjoyable pleasant pleasant great service stay hotel experience service trip stay pleasant enjoyable pleasant enjoyable enjoyable experience trip experience pleasant room great service location enjoyable enjoyable room stay enjoyable enjoyable trip hotel stay pleasant trip fantastic hotel experience hotel room pleasant experience room enjoyable enjoyable experience service experience experience location experience pleasant location fantastic room trip fantastic service great service location location great service room enjoyable pleasant location pleasant fantastic,Positive
CUST1309,Bangalore,App,5,hotel experience fantastic trip trip stay location trip trip room experience fantastic hotel great service enjoyable hotel service hotel service recommended enjoyable enjoyable service fantastic fantastic trip stay enjoyable trip hotel recommended fantastic fantastic experience great service fantastic enjoyable trip room trip trip recommended stay recommended stay location fantastic recommended stay service location enjoyable great service service location room fantastic location fantastic hotel,Positive
CUST1310,Bangalore,Web,4,great service amazing room hotel recommended great service hotel location stay service hotel trip great service great service room enjoyable experience location room stay fantastic service trip recommended recommended great service enjoyable room trip amazing location great service experience great service experience great service service enjoyable amazing hotel hotel room experience experience stay trip enjoyable amazing enjoyable experience room hotel great service enjoyable service stay amazing room fantastic fantastic amazing amazing recommended fantastic experience enjoyable stay hotel fantastic trip location great service stay fantastic location great service great service amazing recommended enjoyable great service room stay stay great service experience stay amazing service service great service recommended trip fantastic great service stay stay experience great service great service experience recommended location room location great service recommended enjoyable great service great service trip fantastic amazing stay experience amazing experience enjoyable fantastic great service fantastic room enjoyable great service trip great service amazing experience trip stay recommended great service stay location stay fantastic recommended enjoyable hotel service location great service service location enjoyable recommended hotel room great service stay experience enjoyable trip experience great service enjoyable amazing great service great service recommended great service recommended fantastic trip great service experience room service amazing experience hotel great service stay location amazing enjoyable great service enjoyable location fantastic fantastic fantastic trip great service service experience service stay location great service recommended stay enjoyable fantastic,Positive
CUST1311,Delhi,Web,4,pleasant fantastic great service great service great service great service great service room great service experience experience trip pleasant great service hotel stay room pleasant experience room great service pleasant fantastic fantastic trip pleasant great service great service great service room stay great service hotel service great service experience great service experience great service great service room great service service experience great service fantastic trip great service great service experience service great service experience pleasant pleasant great service fantastic room great service trip great service pleasant service stay fantastic great service room stay fantastic stay hotel stay location experience,Positive
CUST1312,Goa,Web,4,recommended recommended hotel service location hotel pleasant pleasant service pleasant recommended hotel recommended recommended trip trip recommended hotel recommended service service amazing room room recommended amazing,Positive
CUST1313,Goa,App,1,not recommended unpleasant bad not recommended stay hotel unpleasant not recommended bad hotel service not recommended hotel trip not recommended room trip not recommended service trip not recommended bad room not recommended stay hotel unpleasant room room not recommended not recommended location trip not recommended stay experience not recommended location not recommended experience experience bad experience stay hotel location not recommended trip stay service trip unpleasant experience trip trip hotel hotel stay trip location trip unpleasant unpleasant hotel room bad experience trip unpleasant bad trip bad service service unpleasant stay service hotel hotel service unpleasant location service room bad service not recommended unpleasant location stay experience unpleasant not recommended trip location experience hotel service hotel service stay experience trip bad trip stay unpleasant unpleasant not recommended room service unpleasant bad hotel not recommended room trip unpleasant bad unpleasant unpleasant experience bad bad service unpleasant bad unpleasant hotel trip service bad location bad hotel experience bad bad trip location bad room hotel stay location room location bad bad trip room bad experience bad service hotel hotel location experience hotel experience not recommended,Negative
CUST1314,Delhi,Web,3,hotel location acceptable hotel stay trip acceptable experience acceptable hotel experience average location location trip stay acceptable trip acceptable stay acceptable acceptable trip okay hotel experience okay stay hotel acceptable experience acceptable okay okay acceptable okay acceptable acceptable room acceptable acceptable trip okay acceptable stay service hotel experience service hotel location trip stay experience acceptable hotel okay service stay hotel stay room stay room okay experience average trip location okay stay acceptable acceptable stay service experience acceptable okay acceptable stay room stay okay,Neutral
CUST1315,Delhi,App,4,experience fantastic pleasant enjoyable recommended fantastic stay experience great service recommended enjoyable enjoyable stay pleasant enjoyable service room fantastic location enjoyable service enjoyable fantastic service great service stay hotel recommended room room trip experience fantastic recommended stay fantastic pleasant great service location enjoyable location hotel recommended trip stay enjoyable service hotel fantastic trip enjoyable great service enjoyable room enjoyable experience recommended trip fantastic stay enjoyable hotel enjoyable location fantastic recommended great service enjoyable enjoyable experience great service enjoyable stay experience experience trip location experience fantastic fantastic location great service experience room trip fantastic enjoyable great service trip enjoyable service trip great service fantastic trip trip pleasant location pleasant experience trip stay service enjoyable fantastic location great service great service location great service room trip enjoyable service location service hotel stay recommended great service experience,Positive
CUST1316,Goa,App,1,bad room terrible experience experience bad bad bad service terrible service stay bad trip bad hotel experience bad service bad trip experience location trip bad stay bad experience service bad bad trip bad bad bad stay service hotel stay bad experience experience trip bad bad bad bad service trip stay bad bad trip experience location terrible hotel terrible location service bad location terrible service hotel location trip hotel bad room experience experience trip service bad room room stay bad terrible service stay room bad location bad hotel trip bad stay service experience trip trip bad stay stay trip bad bad hotel stay location bad experience trip bad hotel service bad hotel room terrible experience service stay bad bad trip experience bad hotel bad bad service terrible bad terrible room hotel bad terrible bad hotel bad room room bad trip bad bad room service hotel bad hotel bad service trip stay room bad bad bad bad bad hotel bad,Negative
CUST1317,Delhi,Web,3,stay room acceptable stay decent location stay service service average service stay service moderate moderate room average acceptable location acceptable average trip acceptable trip acceptable trip hotel location hotel room acceptable location trip average hotel moderate average room room service acceptable average moderate stay acceptable acceptable experience service stay hotel experience experience experience acceptable service hotel hotel decent hotel location acceptable average trip acceptable acceptable room stay acceptable trip location acceptable room room trip hotel acceptable,Neutral
CUST1318,Bangalore,App,5,service location hotel hotel fantastic hotel stay great service experience trip recommended service stay pleasant fantastic stay pleasant trip fantastic experience pleasant fantastic pleasant service pleasant stay experience trip amazing trip hotel hotel fantastic trip amazing stay fantastic experience amazing location fantastic fantastic stay trip location great service amazing trip amazing fantastic hotel stay experience trip service trip fantastic great service service service pleasant location location experience fantastic fantastic fantastic location service hotel great service stay great service recommended stay service location experience service room great service recommended trip recommended fantastic fantastic hotel recommended room service service hotel amazing trip room great service room room trip stay stay service pleasant location experience experience pleasant stay location service fantastic service fantastic service recommended stay stay fantastic,Positive
CUST1319,Mumbai,App,1,stay room room experience terrible trip terrible trip terrible room room experience hotel poor location trip trip stay room bad hotel hotel service room experience terrible experience poor bad trip experience bad bad service bad hotel terrible experience location bad experience terrible service location service location poor hotel bad bad room hotel terrible trip location location bad service terrible trip room room room location room terrible hotel stay room stay bad bad terrible service bad poor bad location bad stay service bad service hotel hotel room terrible hotel experience location terrible bad,Negative
CUST1320,Delhi,Web,4,fantastic fantastic enjoyable great service recommended trip stay stay stay location room recommended service experience great service enjoyable experience stay fantastic great service great service recommended experience experience recommended hotel trip fantastic recommended fantastic trip experience great service great service hotel great service great service recommended great service room great service fantastic fantastic stay room service hotel great service stay great service experience room enjoyable fantastic hotel hotel location recommended fantastic great service great service location enjoyable hotel fantastic great service trip trip room enjoyable recommended room enjoyable fantastic fantastic service fantastic location experience room trip fantastic trip great service enjoyable trip room location fantastic stay great service stay,Positive
CUST1321,Jaipur,Web,4,fantastic trip great service fantastic hotel enjoyable stay hotel stay fantastic enjoyable fantastic great service enjoyable service enjoyable room pleasant trip trip room experience location trip hotel enjoyable enjoyable enjoyable location enjoyable location enjoyable fantastic enjoyable enjoyable location stay trip pleasant stay enjoyable experience hotel location enjoyable enjoyable experience location stay stay location hotel enjoyable great service hotel enjoyable hotel experience room location trip enjoyable enjoyable location experience pleasant great service experience stay great service location room enjoyable location pleasant service room enjoyable service hotel trip enjoyable location pleasant trip great service fantastic location enjoyable pleasant hotel hotel experience fantastic enjoyable location stay pleasant enjoyable room trip enjoyable location room pleasant trip enjoyable great service enjoyable stay service fantastic service experience experience great service experience experience location fantastic hotel trip experience stay stay trip fantastic hotel trip enjoyable enjoyable enjoyable pleasant service great service stay fantastic enjoyable location experience experience enjoyable service enjoyable pleasant great service enjoyable great service experience hotel great service stay stay pleasant fantastic fantastic enjoyable enjoyable trip fantastic great service location enjoyable location fantastic experience experience fantastic pleasant enjoyable stay service enjoyable location experience,Positive
CUST1322,Delhi,App,4,hotel experience trip stay amazing amazing service location room amazing amazing recommended service location amazing room fantastic fantastic great service amazing amazing fantastic room service room hotel hotel trip amazing fantastic great service experience fantastic room fantastic experience service recommended amazing experience hotel trip amazing amazing trip trip stay amazing amazing location great service location hotel great service stay trip experience amazing fantastic experience recommended stay amazing experience amazing stay hotel trip amazing great service experience recommended amazing amazing amazing recommended hotel amazing amazing fantastic recommended recommended location trip amazing service stay amazing great service experience hotel amazing experience amazing recommended fantastic amazing room amazing amazing trip amazing hotel recommended trip service service amazing trip room amazing trip amazing service hotel amazing fantastic service experience service fantastic service service hotel hotel great service service fantastic fantastic trip service amazing great service amazing amazing experience amazing recommended amazing hotel room amazing fantastic stay location great service amazing stay stay hotel fantastic hotel amazing room trip amazing hotel recommended amazing recommended location stay recommended room experience location stay stay service amazing location,Positive
CUST1323,Goa,App,3,hotel stay average location room experience decent okay average trip room location decent service trip decent average decent decent average room okay trip experience trip average stay room decent average service location hotel location decent average room decent average experience okay experience experience experience location room room experience average decent hotel hotel trip trip location trip stay average decent stay decent decent decent room stay experience room trip decent decent okay average decent room location room decent room service decent room average okay okay room room trip stay hotel okay experience experience service decent experience average decent decent stay average stay okay average decent decent decent experience stay service location service trip stay decent location average decent room experience decent trip decent decent stay trip stay room okay average trip service service trip trip service decent location trip location location average location room okay decent decent okay room average stay room experience stay hotel decent room room average room service okay service average average okay decent decent service location,Neutral
CUST1324,Mumbai,App,2,unpleasant unpleasant terrible terrible experience terrible unpleasant service hotel service terrible unpleasant stay hotel not recommended terrible experience terrible stay experience stay experience room unpleasant terrible terrible trip trip terrible terrible hotel room location terrible hotel room terrible trip terrible not recommended stay service terrible terrible service terrible hotel service room service terrible location experience service stay hotel room unpleasant service not recommended location terrible hotel not recommended stay unpleasant terrible terrible terrible unpleasant terrible not recommended room hotel experience terrible terrible stay not recommended stay terrible room stay service stay terrible unpleasant experience service terrible service,Negative
CUST1325,Mumbai,App,4,trip experience location hotel service amazing experience great service hotel amazing trip great service hotel location service location recommended recommended great service trip experience,Positive
CUST1326,Jaipur,App,3,acceptable acceptable location okay experience service trip okay location hotel location okay average experience okay acceptable acceptable location room acceptable stay okay okay location service acceptable hotel stay average experience okay hotel average service hotel stay room acceptable room service location okay trip stay acceptable average acceptable experience experience acceptable stay acceptable okay experience acceptable service service trip service average stay trip service acceptable,Neutral
CUST1327,Goa,App,5,great service great service pleasant experience room amazing service great service hotel great service fantastic stay great service stay great service great service trip experience great service hotel service room fantastic location great service location experience great service service location amazing pleasant great service stay great service stay fantastic great service experience location great service location fantastic location service pleasant great service service hotel great service fantastic stay room trip room great service trip pleasant trip great service stay amazing great service hotel great service service fantastic amazing amazing hotel service great service trip great service trip trip great service fantastic hotel experience location great service experience amazing trip hotel location room great service stay stay amazing trip amazing stay stay fantastic stay experience hotel pleasant great service stay great service amazing service stay service room location service service great service stay pleasant service fantastic location great service fantastic stay great service great service great service amazing location amazing stay great service fantastic room great service stay fantastic trip hotel trip hotel great service amazing great service fantastic stay fantastic hotel hotel room great service amazing room experience hotel room stay great service trip experience great service trip fantastic great service pleasant trip pleasant service stay room pleasant great service stay great service great service,Positive
CUST1328,Bangalore,App,2,not recommended bad service poor trip experience location trip terrible hotel unpleasant stay service terrible terrible room poor trip bad stay stay not recommended service location unpleasant trip unpleasant experience unpleasant stay trip experience not recommended experience experience room poor hotel unpleasant stay experience not recommended hotel hotel room unpleasant room unpleasant room service bad bad hotel poor bad room service service terrible experience stay location not recommended not recommended location terrible service experience bad service poor not recommended terrible experience hotel hotel experience unpleasant room location trip room poor room experience hotel hotel hotel terrible service poor location trip terrible location service,Negative
CUST1329,Mumbai,App,5,room stay hotel great service room fantastic experience trip experience room experience pleasant stay experience fantastic hotel pleasant pleasant room service enjoyable experience fantastic fantastic pleasant pleasant hotel hotel fantastic experience recommended recommended pleasant recommended fantastic hotel trip fantastic recommended stay location stay location room pleasant fantastic experience trip stay stay great service fantastic recommended great service room pleasant service experience service pleasant fantastic great service great service pleasant location great service recommended stay trip trip hotel recommended location hotel pleasant service fantastic hotel fantastic stay hotel location room location pleasant experience great service experience trip recommended great service trip great service great service experience location trip trip location pleasant enjoyable stay trip fantastic experience location pleasant fantastic trip pleasant experience pleasant fantastic trip great service service recommended fantastic location great service great service fantastic experience enjoyable experience recommended stay fantastic hotel pleasant fantastic experience pleasant recommended trip experience experience fantastic room service stay hotel pleasant hotel hotel experience recommended service enjoyable experience fantastic fantastic trip enjoyable pleasant stay great service fantastic service service hotel stay fantastic hotel trip great service hotel great service pleasant stay experience trip stay pleasant service experience location experience trip location experience hotel great service enjoyable enjoyable great service pleasant service experience service fantastic service,Positive
CUST1330,Delhi,App,2,terrible stay service not recommended terrible not recommended service terrible room room not recommended not recommended terrible not recommended not recommended trip terrible not recommended hotel terrible experience stay hotel location experience terrible terrible service trip not recommended hotel trip not recommended not recommended terrible stay stay experience not recommended service not recommended not recommended experience service terrible not recommended room not recommended terrible trip trip not recommended location not recommended not recommended service room terrible not recommended not recommended service stay not recommended trip location hotel terrible room hotel not recommended experience terrible not recommended terrible terrible room not recommended terrible hotel experience not recommended terrible service not recommended hotel room not recommended terrible not recommended hotel experience room room experience experience experience location stay experience location trip stay location room not recommended,Negative
CUST1331,Bangalore,Web,4,enjoyable pleasant stay enjoyable trip amazing pleasant fantastic fantastic service stay location service enjoyable room great service experience fantastic amazing great service hotel hotel room enjoyable trip enjoyable enjoyable enjoyable room hotel experience great service stay enjoyable fantastic trip room fantastic location trip stay hotel hotel enjoyable pleasant trip stay pleasant hotel room room experience pleasant great service hotel experience hotel enjoyable hotel great service great service trip fantastic location location location service room great service trip stay amazing location fantastic pleasant hotel great service fantastic hotel trip enjoyable room location trip amazing stay location stay enjoyable stay trip trip fantastic service fantastic great service experience service trip experience location hotel stay service trip enjoyable experience room hotel hotel service pleasant great service fantastic experience great service location trip service enjoyable enjoyable trip hotel location hotel fantastic trip great service enjoyable stay great service amazing location great service room room service stay stay pleasant enjoyable hotel great service fantastic enjoyable hotel room room stay location experience fantastic enjoyable trip pleasant pleasant hotel pleasant service room stay experience room amazing trip room enjoyable fantastic location room,Positive
CUST1332,Mumbai,App,5,service experience stay trip stay room recommended location location recommended pleasant recommended experience service experience room location pleasant recommended enjoyable recommended recommended service amazing recommended enjoyable hotel experience stay amazing recommended amazing room stay location amazing service amazing pleasant location trip amazing stay amazing recommended service stay room pleasant hotel recommended enjoyable pleasant recommended recommended trip room trip hotel service recommended trip enjoyable location recommended amazing location experience room enjoyable service hotel recommended recommended stay trip pleasant location amazing recommended enjoyable experience room recommended recommended enjoyable service location service location,Positive
CUST1333,Goa,App,5,hotel pleasant pleasant enjoyable room experience room location fantastic enjoyable service pleasant fantastic enjoyable enjoyable pleasant hotel location trip stay location hotel hotel service location recommended experience stay fantastic location pleasant service location location pleasant pleasant location pleasant fantastic location experience trip recommended hotel pleasant location location enjoyable fantastic stay stay hotel stay fantastic service pleasant trip hotel service pleasant room room trip recommended fantastic location stay trip pleasant fantastic pleasant hotel location location recommended pleasant enjoyable pleasant location enjoyable room service room pleasant enjoyable fantastic recommended hotel stay hotel experience stay room pleasant stay hotel room recommended service fantastic service hotel recommended trip enjoyable location location pleasant stay fantastic recommended location pleasant location pleasant hotel recommended hotel recommended trip pleasant trip hotel trip recommended trip hotel service service pleasant stay room location pleasant stay experience trip recommended location pleasant service location experience hotel fantastic hotel recommended pleasant location recommended room trip hotel experience service trip pleasant enjoyable trip enjoyable pleasant recommended pleasant hotel pleasant location experience enjoyable pleasant enjoyable experience fantastic stay location pleasant enjoyable service experience pleasant stay stay pleasant recommended recommended room pleasant room pleasant fantastic room trip experience fantastic hotel location room,Positive
CUST1334,Mumbai,App,4,location pleasant enjoyable trip great service hotel pleasant recommended location recommended fantastic enjoyable service pleasant pleasant experience great service trip experience recommended experience enjoyable location recommended trip room recommended pleasant stay enjoyable enjoyable recommended hotel pleasant fantastic enjoyable stay enjoyable location service trip pleasant experience stay service enjoyable pleasant pleasant great service room room service room experience experience experience service enjoyable fantastic stay recommended trip enjoyable stay enjoyable stay enjoyable fantastic room service fantastic enjoyable enjoyable recommended experience pleasant location enjoyable recommended pleasant enjoyable service trip service enjoyable location enjoyable trip location hotel fantastic experience great service recommended great service service room great service trip pleasant trip location enjoyable service stay service enjoyable fantastic great service trip room recommended pleasant pleasant stay pleasant pleasant stay experience pleasant location enjoyable enjoyable stay great service location hotel pleasant room great service enjoyable service room hotel location great service recommended recommended room great service trip experience service stay great service recommended recommended location recommended enjoyable location experience fantastic trip recommended enjoyable location location service stay location trip,Positive
CUST1335,Delhi,Web,2,stay stay unpleasant room terrible service terrible poor trip poor hotel experience service poor terrible unpleasant terrible poor terrible poor unpleasant unpleasant trip experience poor trip terrible room experience poor stay unpleasant room experience terrible terrible unpleasant terrible poor trip unpleasant location unpleasant room trip experience location experience poor poor terrible terrible service poor experience trip location poor hotel terrible poor hotel unpleasant trip location location terrible poor unpleasant poor trip location stay stay hotel poor location terrible service room terrible poor service stay room room terrible poor unpleasant poor terrible poor unpleasant experience terrible stay room unpleasant location room location experience stay location terrible location terrible poor location terrible poor trip hotel service terrible terrible terrible stay experience poor experience hotel hotel stay unpleasant poor experience location poor service trip room terrible hotel poor poor trip terrible poor poor service trip trip service unpleasant stay location experience stay stay poor experience,Negative
CUST1336,Mumbai,Web,4,location enjoyable recommended stay fantastic enjoyable stay fantastic enjoyable enjoyable recommended hotel stay stay trip fantastic experience service fantastic enjoyable trip enjoyable hotel stay service recommended enjoyable enjoyable enjoyable room room hotel fantastic stay recommended experience service trip fantastic recommended location service recommended fantastic enjoyable enjoyable enjoyable stay hotel experience enjoyable experience service enjoyable service enjoyable room room recommended,Positive
CUST1337,Delhi,Web,4,hotel enjoyable experience recommended location enjoyable experience stay stay enjoyable stay recommended room stay recommended experience great service enjoyable service stay enjoyable enjoyable recommended enjoyable hotel room fantastic stay great service pleasant stay enjoyable hotel trip trip hotel fantastic fantastic room experience hotel room trip enjoyable great service service fantastic room stay fantastic hotel fantastic service hotel service experience pleasant room experience location trip service enjoyable stay room experience pleasant,Positive
CUST1338,Goa,Web,5,service location recommended great service location stay recommended recommended great service pleasant great service recommended recommended great service recommended pleasant stay great service experience amazing trip stay recommended hotel amazing room room recommended service service enjoyable hotel hotel stay trip room recommended experience pleasant recommended experience room stay hotel great service location recommended experience hotel room enjoyable enjoyable great service location trip great service amazing pleasant great service stay experience room stay recommended great service great service trip amazing recommended room service stay recommended service service amazing pleasant hotel recommended location stay stay enjoyable pleasant service recommended recommended location recommended amazing great service stay hotel service service stay pleasant recommended room amazing pleasant trip amazing experience stay room experience trip pleasant experience trip amazing experience enjoyable location enjoyable location service recommended service location room pleasant experience pleasant stay location recommended location hotel room trip recommended amazing service great service recommended enjoyable stay amazing experience enjoyable experience service location room hotel location trip pleasant great service stay recommended service great service experience trip service recommended location hotel recommended trip pleasant experience room hotel recommended recommended trip enjoyable experience pleasant enjoyable hotel recommended hotel enjoyable,Positive
CUST1339,Delhi,Web,1,stay stay location hotel location poor service stay trip location experience service stay service unpleasant experience unpleasant bad trip unpleasant poor service bad poor stay not recommended room hotel poor bad trip bad unpleasant hotel stay trip poor hotel hotel stay poor unpleasant service not recommended room experience stay hotel room location not recommended stay unpleasant room trip unpleasant room trip unpleasant stay bad room experience location experience trip experience trip unpleasant not recommended service hotel hotel poor room stay room unpleasant not recommended location location experience not recommended poor poor poor bad poor service room poor experience poor poor location poor location location unpleasant service not recommended poor location trip room not recommended service poor hotel hotel poor poor service service not recommended stay unpleasant bad experience stay room location poor stay unpleasant,Negative
CUST1340,Mumbai,Web,5,enjoyable trip pleasant great service recommended room enjoyable great service trip pleasant hotel great service trip recommended pleasant recommended great service recommended recommended pleasant great service recommended trip enjoyable recommended recommended stay trip recommended recommended room hotel great service location enjoyable recommended stay pleasant great service recommended trip experience experience recommended trip recommended hotel recommended room recommended stay enjoyable trip room pleasant pleasant service trip room recommended service pleasant recommended hotel service stay pleasant location room,Positive
CUST1341,Jaipur,Web,2,not recommended location not recommended terrible hotel terrible not recommended terrible not recommended experience terrible trip hotel trip service not recommended not recommended not recommended service trip terrible experience trip not recommended trip terrible service trip trip trip experience experience service terrible room location not recommended terrible not recommended trip room experience not recommended room room location room service service location location not recommended hotel terrible trip location not recommended not recommended not recommended trip room location not recommended trip not recommended terrible location terrible terrible not recommended experience not recommended service not recommended terrible not recommended terrible room hotel not recommended not recommended location not recommended not recommended location hotel location location terrible stay not recommended service trip not recommended not recommended experience room not recommended stay not recommended hotel not recommended not recommended location hotel location stay stay service terrible location experience not recommended not recommended terrible terrible experience location hotel stay stay experience trip location service experience not recommended room location,Negative
CUST1342,Mumbai,App,4,location hotel service experience hotel enjoyable great service stay location enjoyable trip enjoyable room room location enjoyable service experience trip enjoyable location enjoyable enjoyable stay great service trip experience stay experience enjoyable hotel location enjoyable great service,Positive
CUST1343,Bangalore,Web,5,great service location trip service stay room trip pleasant experience great service great service location service stay location hotel experience great service great service hotel experience trip pleasant amazing experience amazing experience recommended room location stay great service experience experience room amazing great service stay great service recommended hotel recommended trip stay experience room stay pleasant hotel great service amazing location experience trip amazing room location experience great service room trip pleasant room great service hotel room hotel room experience service great service amazing great service room amazing great service recommended amazing amazing amazing room pleasant experience great service room amazing room service experience pleasant trip room location amazing trip room service location pleasant location trip great service pleasant recommended room pleasant great service amazing room recommended stay experience stay hotel room experience stay experience service hotel stay pleasant pleasant hotel service amazing,Positive
CUST1344,Bangalore,Web,3,room location location okay moderate acceptable decent hotel acceptable room room acceptable trip experience acceptable acceptable experience hotel acceptable okay stay room decent room moderate stay acceptable experience stay okay service stay acceptable location decent service decent decent stay decent acceptable room okay room decent,Neutral
CUST1345,Jaipur,App,5,amazing enjoyable trip enjoyable amazing stay room enjoyable enjoyable hotel enjoyable hotel enjoyable enjoyable service recommended amazing enjoyable enjoyable location amazing service enjoyable stay room hotel enjoyable experience location enjoyable service room room enjoyable fantastic enjoyable enjoyable enjoyable room amazing stay recommended service enjoyable enjoyable hotel enjoyable room stay fantastic experience enjoyable fantastic room service hotel hotel trip stay trip hotel enjoyable enjoyable hotel experience room recommended enjoyable amazing service enjoyable trip fantastic location recommended experience fantastic enjoyable enjoyable room enjoyable location trip recommended service location enjoyable enjoyable service amazing amazing enjoyable service trip experience fantastic recommended fantastic recommended fantastic experience enjoyable room amazing hotel service stay enjoyable enjoyable service service amazing enjoyable service enjoyable fantastic amazing enjoyable trip amazing enjoyable experience stay enjoyable recommended amazing enjoyable service recommended location enjoyable fantastic enjoyable service fantastic room enjoyable room amazing trip enjoyable fantastic enjoyable fantastic location hotel trip enjoyable experience experience room recommended enjoyable location enjoyable experience fantastic recommended stay service hotel service room service fantastic recommended amazing enjoyable enjoyable service hotel amazing amazing trip enjoyable enjoyable trip enjoyable trip,Positive
CUST1346,Mumbai,Web,4,great service experience enjoyable hotel great service pleasant location room amazing experience service stay experience amazing service stay amazing fantastic room enjoyable fantastic hotel great service enjoyable enjoyable amazing experience amazing great service experience enjoyable enjoyable enjoyable enjoyable pleasant experience stay amazing enjoyable experience great service enjoyable pleasant trip fantastic great service hotel fantastic trip fantastic great service location service experience enjoyable pleasant hotel hotel enjoyable enjoyable service enjoyable enjoyable amazing pleasant fantastic great service enjoyable enjoyable hotel stay trip fantastic enjoyable pleasant enjoyable location enjoyable amazing amazing room enjoyable trip enjoyable pleasant experience enjoyable enjoyable service stay location stay amazing pleasant great service hotel hotel room hotel location location pleasant enjoyable great service amazing service trip enjoyable experience experience great service trip room trip fantastic amazing trip amazing room hotel service service fantastic experience location enjoyable enjoyable service service experience amazing trip room enjoyable pleasant room trip room experience hotel enjoyable enjoyable amazing enjoyable hotel room enjoyable room fantastic service service enjoyable amazing stay enjoyable stay great service enjoyable enjoyable enjoyable room room trip room pleasant enjoyable fantastic experience stay stay experience amazing enjoyable location enjoyable enjoyable enjoyable,Positive
CUST1347,Bangalore,Web,1,unpleasant bad terrible not recommended not recommended service unpleasant unpleasant location stay not recommended trip not recommended bad hotel bad terrible terrible unpleasant location terrible location stay unpleasant location not recommended room service not recommended service trip location stay hotel trip location experience location service experience trip experience unpleasant hotel hotel not recommended stay service not recommended not recommended hotel hotel not recommended stay experience service bad bad unpleasant bad room location service trip experience location experience experience unpleasant experience stay hotel not recommended unpleasant not recommended experience room not recommended unpleasant not recommended bad experience room service service stay experience stay location trip bad bad bad bad unpleasant not recommended not recommended hotel not recommended trip experience not recommended room location location location location not recommended unpleasant not recommended room stay unpleasant experience experience location stay bad experience room terrible not recommended hotel room service bad not recommended bad not recommended not recommended trip trip hotel unpleasant location service bad room terrible hotel trip service terrible service service not recommended not recommended room trip terrible unpleasant unpleasant location not recommended hotel not recommended stay terrible not recommended experience trip not recommended terrible room unpleasant location hotel terrible unpleasant not recommended room not recommended stay trip bad not recommended not recommended not recommended not recommended trip hotel stay room,Negative
CUST1348,Delhi,App,2,unpleasant unpleasant trip stay trip location location experience unpleasant hotel not recommended stay unpleasant stay experience unpleasant unpleasant not recommended room trip hotel room hotel room hotel experience hotel unpleasant location stay room not recommended unpleasant stay hotel unpleasant unpleasant not recommended unpleasant unpleasant unpleasant experience service unpleasant service hotel hotel stay service trip room hotel stay service room unpleasant hotel unpleasant unpleasant not recommended location hotel,Negative
CUST1349,Delhi,App,3,average hotel trip average average trip service experience location average stay stay location service average room average average location acceptable average service average experience stay stay average room service average stay acceptable average hotel average trip average average room location stay service moderate experience experience location location trip experience stay average location acceptable stay average average stay room service moderate trip average trip room hotel hotel average average average average room average average trip stay,Neutral
CUST1350,Jaipur,App,5,enjoyable stay hotel fantastic service hotel amazing amazing trip amazing amazing room amazing location amazing amazing enjoyable enjoyable amazing stay enjoyable great service enjoyable amazing amazing enjoyable trip service amazing hotel experience enjoyable amazing location enjoyable great service service service great service location enjoyable enjoyable experience amazing amazing hotel stay room enjoyable room stay trip service fantastic experience experience experience experience fantastic amazing fantastic enjoyable experience enjoyable great service location room hotel service great service stay service amazing enjoyable enjoyable room hotel hotel stay experience enjoyable great service trip enjoyable amazing trip trip experience fantastic great service location location great service amazing service trip fantastic hotel service location hotel hotel great service fantastic service stay amazing enjoyable experience trip enjoyable service service experience enjoyable amazing service location amazing enjoyable amazing enjoyable service fantastic amazing enjoyable enjoyable experience great service trip great service trip,Positive
CUST1351,Jaipur,App,5,service experience amazing experience amazing fantastic trip amazing amazing trip fantastic amazing experience fantastic service location fantastic trip amazing location trip room amazing room amazing fantastic amazing fantastic room fantastic service amazing trip room trip room room amazing stay trip amazing location hotel enjoyable service room amazing location hotel amazing amazing hotel experience location trip service location amazing service stay amazing fantastic location location hotel trip enjoyable enjoyable amazing trip stay trip amazing fantastic amazing trip fantastic amazing trip enjoyable fantastic amazing location stay amazing room experience room amazing amazing service experience hotel experience trip stay amazing experience room amazing room location amazing hotel fantastic amazing location location location hotel fantastic enjoyable service trip enjoyable fantastic amazing fantastic enjoyable amazing amazing amazing service amazing amazing amazing enjoyable amazing experience experience stay trip trip service amazing amazing amazing hotel experience experience fantastic experience amazing service fantastic fantastic stay stay hotel amazing hotel,Positive
CUST1352,Bangalore,App,5,hotel experience hotel trip trip location pleasant location recommended fantastic stay hotel pleasant experience recommended pleasant fantastic room amazing fantastic great service location experience hotel experience room experience trip pleasant trip hotel great service room service recommended recommended pleasant hotel great service experience service amazing fantastic pleasant recommended stay trip great service pleasant hotel pleasant amazing location great service trip fantastic pleasant pleasant experience amazing service amazing service pleasant location trip great service amazing hotel service trip trip pleasant service room room trip service trip fantastic room experience trip location great service service stay service pleasant service fantastic stay fantastic room recommended trip trip trip trip hotel experience hotel trip pleasant hotel experience experience trip recommended experience recommended pleasant trip pleasant stay amazing pleasant trip service experience pleasant pleasant pleasant location amazing pleasant hotel fantastic location,Positive
CUST1353,Delhi,App,5,service service amazing experience service hotel enjoyable hotel trip enjoyable enjoyable amazing great service enjoyable service great service great service hotel fantastic room amazing experience amazing location experience enjoyable room trip stay experience enjoyable fantastic service stay room fantastic trip enjoyable enjoyable great service trip experience great service hotel trip great service great service location trip service trip room great service great service hotel fantastic trip room hotel great service room room amazing experience hotel enjoyable stay experience great service location enjoyable trip great service enjoyable enjoyable great service amazing service amazing enjoyable trip stay room great service hotel experience location fantastic experience stay hotel enjoyable great service amazing great service service stay enjoyable amazing amazing room great service enjoyable service great service great service fantastic service great service room experience stay fantastic great service great service amazing enjoyable great service service enjoyable great service service experience trip fantastic room room amazing service enjoyable service enjoyable service experience service location fantastic enjoyable trip fantastic great service location service amazing stay experience stay stay hotel great service stay room great service enjoyable fantastic great service experience great service experience experience amazing enjoyable experience experience room great service amazing hotel great service trip stay stay experience amazing amazing enjoyable room fantastic amazing,Positive
CUST1354,Bangalore,App,4,recommended room experience experience location hotel service room recommended amazing amazing amazing trip amazing amazing location room recommended recommended stay trip stay room recommended great service trip location amazing enjoyable service recommended hotel amazing location amazing amazing recommended recommended recommended recommended great service trip recommended room amazing service recommended amazing experience trip experience room amazing recommended experience room trip location experience hotel trip recommended amazing stay room recommended experience amazing service room great service amazing service,Positive
CUST1355,Jaipur,App,5,great service stay location fantastic service great service great service location great service enjoyable hotel trip experience stay great service service fantastic service fantastic service service great service room experience room location great service fantastic fantastic stay room great service room experience great service fantastic service enjoyable great service hotel location trip location fantastic great service hotel location stay hotel great service service great service experience great service enjoyable fantastic service hotel room trip fantastic location enjoyable great service room location great service trip room hotel great service hotel enjoyable trip fantastic service hotel great service trip trip great service room hotel room great service great service hotel experience trip great service great service service service experience enjoyable location enjoyable fantastic trip stay experience trip trip stay experience location enjoyable enjoyable enjoyable experience great service great service hotel experience hotel room experience great service room experience great service trip hotel room great service enjoyable trip enjoyable enjoyable fantastic location fantastic service great service location stay trip great service service location great service experience great service hotel fantastic trip stay stay hotel,Positive
CUST1356,Delhi,App,4,hotel hotel room service enjoyable fantastic stay room stay fantastic hotel fantastic great service enjoyable fantastic room experience location fantastic service hotel location hotel fantastic enjoyable enjoyable hotel trip trip enjoyable enjoyable hotel enjoyable fantastic room great service service great service stay stay location hotel enjoyable service service experience stay enjoyable service service enjoyable fantastic enjoyable enjoyable fantastic stay location experience enjoyable room,Positive
CUST1357,Delhi,Web,3,decent room decent hotel stay moderate trip room experience okay trip stay trip location room hotel trip trip decent trip location decent service decent trip experience decent location trip service decent trip service decent service decent decent stay location stay room decent room experience okay location room moderate location room hotel room decent decent trip moderate moderate decent moderate decent hotel hotel decent decent moderate stay trip location stay location location decent service decent decent trip room trip decent decent room room experience decent stay decent location hotel moderate room experience decent decent room stay moderate location okay experience decent trip moderate stay service decent decent decent experience experience room moderate,Neutral
CUST1358,Mumbai,App,5,stay enjoyable hotel stay room trip hotel service stay pleasant enjoyable location trip room enjoyable fantastic hotel pleasant location fantastic hotel room room location enjoyable enjoyable location trip service service enjoyable service pleasant service location pleasant experience enjoyable enjoyable enjoyable enjoyable enjoyable enjoyable hotel hotel location enjoyable enjoyable enjoyable location hotel fantastic fantastic trip trip experience experience experience hotel experience room experience stay stay enjoyable location enjoyable room fantastic service pleasant location location experience fantastic enjoyable pleasant enjoyable hotel enjoyable service stay enjoyable enjoyable pleasant fantastic enjoyable enjoyable hotel hotel stay service enjoyable stay pleasant stay room enjoyable enjoyable location service location room trip enjoyable enjoyable pleasant service enjoyable trip enjoyable enjoyable enjoyable fantastic stay enjoyable fantastic location,Positive
CUST1359,Bangalore,Web,3,location moderate decent decent moderate hotel average stay decent hotel experience average experience stay stay hotel average experience stay stay average service trip moderate trip room stay location service experience decent trip stay decent experience service moderate decent experience average location stay hotel trip average experience location acceptable acceptable decent service acceptable acceptable hotel stay location acceptable stay location moderate stay moderate experience trip room location location moderate hotel stay experience acceptable hotel room stay stay room decent moderate average experience decent average decent experience stay experience hotel experience stay trip service room acceptable moderate moderate decent decent hotel experience hotel acceptable experience location average decent average hotel stay acceptable location hotel stay hotel,Neutral
CUST1360,Delhi,App,3,room stay average service location acceptable location room hotel location location experience average hotel hotel moderate hotel experience acceptable stay room experience average moderate room acceptable moderate hotel experience location moderate hotel moderate hotel moderate trip service moderate room room room average trip moderate stay room trip acceptable location hotel acceptable room moderate moderate moderate room stay experience service location average average average trip room moderate stay hotel experience trip average average moderate moderate acceptable experience experience room hotel acceptable room moderate location hotel experience acceptable average hotel hotel moderate stay average location average location experience experience average hotel experience moderate hotel acceptable location average service experience acceptable moderate acceptable acceptable acceptable experience experience hotel hotel experience average acceptable trip moderate moderate average hotel moderate acceptable trip trip service hotel average service average moderate,Neutral
CUST1361,Mumbai,App,4,location pleasant enjoyable amazing location enjoyable service service enjoyable pleasant trip location hotel location enjoyable amazing pleasant recommended pleasant amazing trip room amazing enjoyable hotel hotel location recommended location room pleasant service recommended service enjoyable trip,Positive
CUST1362,Bangalore,App,4,stay enjoyable stay room fantastic amazing trip enjoyable enjoyable room fantastic recommended amazing enjoyable recommended experience room enjoyable recommended amazing recommended great service amazing great service recommended location location amazing service fantastic room amazing recommended experience service experience recommended great service amazing fantastic great service room room enjoyable trip amazing trip amazing fantastic recommended hotel trip location great service trip experience hotel service enjoyable great service room trip room recommended hotel amazing experience great service location room great service amazing service room location fantastic great service hotel great service amazing amazing hotel location experience trip experience location enjoyable amazing room hotel room service experience enjoyable room recommended service hotel room hotel recommended experience amazing stay stay amazing enjoyable experience room stay great service service great service stay fantastic amazing experience experience stay amazing,Positive
CUST1363,Jaipur,Web,5,amazing room pleasant location room recommended experience fantastic room location experience stay great service trip location recommended location trip service recommended hotel great service experience amazing service stay recommended service room experience hotel amazing enjoyable fantastic hotel fantastic stay location great service recommended amazing fantastic great service fantastic room stay service pleasant experience experience service amazing pleasant enjoyable trip stay room great service fantastic experience room trip service fantastic recommended stay hotel amazing hotel stay room service fantastic recommended recommended enjoyable great service recommended pleasant pleasant hotel amazing great service pleasant recommended pleasant enjoyable trip stay room experience experience stay enjoyable fantastic recommended service recommended room pleasant service great service pleasant location pleasant great service experience stay service great service location stay trip stay great service recommended hotel enjoyable recommended location room great service stay great service trip hotel service room enjoyable enjoyable recommended great service,Positive
CUST1364,Bangalore,App,5,enjoyable great service experience experience fantastic amazing fantastic experience amazing fantastic room fantastic fantastic great service trip fantastic stay location hotel fantastic fantastic great service service room hotel fantastic location amazing location location location service great service great service location location room room fantastic hotel location great service hotel fantastic location fantastic experience amazing fantastic service fantastic fantastic enjoyable fantastic fantastic fantastic room fantastic stay stay location service fantastic location enjoyable room service fantastic fantastic amazing fantastic location amazing amazing hotel great service room enjoyable amazing service fantastic fantastic service great service room trip experience fantastic great service great service trip room hotel stay trip fantastic service great service room room experience amazing trip location fantastic trip stay stay experience stay experience great service location hotel fantastic room room location trip fantastic amazing stay amazing enjoyable fantastic hotel enjoyable enjoyable hotel location fantastic location great service service location location fantastic fantastic fantastic great service room enjoyable service stay fantastic great service great service hotel enjoyable room fantastic great service location stay fantastic fantastic fantastic room great service fantastic experience trip enjoyable hotel service experience service experience experience great service trip enjoyable great service room room fantastic location great service service location room location fantastic fantastic fantastic fantastic enjoyable fantastic amazing hotel amazing enjoyable enjoyable hotel room,Positive
CUST1365,Delhi,App,1,unpleasant poor poor trip service location poor poor hotel poor stay hotel poor service experience location poor poor service poor location room poor experience poor poor experience experience poor trip trip poor service poor poor stay location trip service poor poor poor service location room unpleasant experience unpleasant hotel service poor experience poor hotel stay stay poor stay poor poor poor room room poor poor poor service poor hotel experience location location unpleasant trip unpleasant location poor poor room trip poor poor location experience room experience poor poor hotel location poor poor experience trip unpleasant service room trip experience poor poor poor poor location trip poor service service service hotel experience hotel poor poor service poor room room poor poor experience stay stay room unpleasant stay hotel poor service poor unpleasant poor poor stay trip unpleasant poor service room experience poor hotel location poor service location trip stay poor location poor poor poor unpleasant service hotel location unpleasant,Negative
CUST1366,Goa,App,4,amazing stay great service great service great service experience great service hotel location location fantastic recommended room recommended great service room hotel great service stay service great service hotel fantastic recommended trip fantastic experience amazing great service stay location enjoyable hotel room fantastic great service amazing stay recommended fantastic trip great service great service room recommended hotel hotel experience room recommended great service recommended great service recommended room recommended location amazing recommended location room stay service service stay room great service location recommended great service great service room recommended service location experience trip trip location trip fantastic great service stay amazing service great service hotel great service enjoyable experience location amazing stay amazing service location enjoyable recommended fantastic location amazing service great service amazing location great service amazing room location trip hotel great service room fantastic enjoyable service room enjoyable,Positive
CUST1367,Jaipur,App,1,room service hotel location location hotel poor stay unpleasant room experience terrible room experience location poor hotel terrible trip service terrible stay stay room service poor service terrible stay unpleasant service terrible stay hotel terrible unpleasant poor location hotel room service trip location trip trip trip terrible room service service hotel poor service poor poor location stay poor poor unpleasant stay poor unpleasant room poor trip terrible poor service terrible unpleasant poor service poor service unpleasant poor hotel service service terrible hotel terrible room unpleasant stay experience terrible poor stay poor location service poor poor trip service unpleasant trip poor poor poor room trip room unpleasant service poor experience terrible service trip,Negative
CUST1368,Goa,App,3,stay moderate moderate stay hotel stay okay moderate location location location okay moderate okay moderate hotel location service okay moderate moderate stay acceptable location okay location okay experience acceptable moderate acceptable stay room okay acceptable okay experience acceptable stay hotel okay hotel okay hotel okay okay moderate room room hotel moderate experience okay trip moderate room experience service trip experience stay okay stay experience room experience acceptable okay hotel stay room room service moderate experience okay service hotel location okay okay hotel acceptable,Neutral
CUST1369,Jaipur,Web,3,stay moderate acceptable location moderate experience stay moderate location trip moderate service moderate location moderate hotel service experience service moderate moderate experience moderate experience experience trip trip moderate stay service acceptable trip moderate acceptable moderate room acceptable moderate service trip experience trip acceptable service location trip moderate experience acceptable moderate moderate location moderate moderate moderate acceptable moderate room location moderate experience moderate moderate moderate hotel experience moderate hotel moderate moderate moderate acceptable moderate location room moderate moderate moderate service moderate service hotel stay moderate moderate experience experience moderate service service stay trip stay moderate moderate hotel moderate acceptable hotel moderate service service service service moderate experience,Neutral
CUST1370,Delhi,App,4,amazing fantastic service enjoyable hotel room pleasant trip hotel enjoyable location enjoyable service experience experience trip service service enjoyable pleasant location fantastic pleasant enjoyable stay enjoyable enjoyable trip location amazing enjoyable pleasant hotel,Positive
CUST1371,Bangalore,App,4,stay experience great service stay hotel room service pleasant amazing great service service stay room stay hotel recommended enjoyable great service great service great service trip stay great service hotel enjoyable service great service trip pleasant location hotel trip great service great service recommended amazing enjoyable stay room room great service experience enjoyable great service great service stay great service room pleasant stay service great service enjoyable amazing service recommended experience service experience pleasant amazing trip location stay location great service location hotel enjoyable pleasant pleasant recommended enjoyable pleasant,Positive
CUST1372,Delhi,App,4,experience trip hotel fantastic experience recommended service stay fantastic great service service location recommended hotel hotel pleasant pleasant service stay experience stay great service hotel fantastic hotel fantastic fantastic great service recommended hotel great service fantastic great service experience great service hotel service location hotel stay hotel room fantastic experience trip room room fantastic room great service great service great service experience trip trip service fantastic great service hotel room great service pleasant recommended stay fantastic great service experience fantastic hotel fantastic service great service pleasant great service recommended great service great service recommended fantastic fantastic trip service location hotel trip great service recommended stay experience location pleasant stay stay recommended great service experience hotel room great service hotel hotel service fantastic fantastic stay stay fantastic fantastic fantastic great service great service,Positive
CUST1373,Mumbai,App,5,trip great service hotel amazing stay amazing recommended service recommended stay recommended service amazing trip recommended location trip service recommended room location amazing great service hotel hotel hotel amazing great service recommended recommended recommended room service amazing hotel recommended stay recommended experience service hotel hotel service location experience great service amazing experience stay great service service stay trip recommended trip amazing amazing recommended trip trip recommended location service hotel recommended recommended service amazing great service amazing location amazing amazing recommended service amazing recommended service location location recommended room recommended hotel amazing location location great service hotel location room location service service trip experience room great service hotel hotel room recommended location great service recommended location room amazing amazing amazing trip amazing service experience great service room recommended amazing service location recommended location trip location recommended amazing amazing location recommended experience location amazing great service experience location great service amazing hotel stay hotel stay recommended service great service service recommended amazing trip trip recommended location recommended trip service experience stay,Positive
CUST1374,Goa,App,4,amazing service pleasant amazing stay pleasant pleasant pleasant location enjoyable hotel enjoyable trip service great service experience service pleasant pleasant room enjoyable trip pleasant service service room trip stay trip hotel service,Positive
CUST1375,Mumbai,App,1,poor bad hotel room experience poor location poor room bad poor trip bad hotel location unpleasant poor unpleasant room experience location service location stay experience stay stay bad unpleasant experience experience stay bad stay room room unpleasant experience bad,Negative
CUST1376,Bangalore,App,4,location location room hotel enjoyable room great service great service trip recommended location room great service great service hotel experience location great service hotel great service experience enjoyable recommended location location enjoyable hotel stay hotel amazing experience great service service great service enjoyable great service trip amazing enjoyable enjoyable amazing room service great service trip experience stay experience location recommended service hotel amazing trip location amazing stay amazing experience room great service hotel room trip hotel enjoyable room location room enjoyable trip recommended amazing room room great service trip great service location great service enjoyable service hotel amazing stay great service experience great service experience great service service enjoyable amazing amazing experience great service service room recommended great service hotel service great service stay enjoyable location service trip stay great service hotel trip trip great service great service great service stay great service experience room experience stay amazing amazing great service great service hotel service experience hotel great service room great service great service experience great service experience recommended great service trip recommended hotel room experience room great service stay amazing great service amazing great service service recommended trip enjoyable recommended recommended hotel trip amazing room experience great service recommended service location stay experience amazing enjoyable amazing recommended great service location location experience great service amazing experience amazing stay stay enjoyable stay great service experience location experience hotel location room great service stay amazing experience location trip,Positive
CUST1377,Jaipur,App,4,experience experience fantastic great service fantastic room location stay pleasant service great service service great service pleasant fantastic service great service hotel room room trip fantastic hotel experience location stay service great service hotel pleasant fantastic hotel great service experience amazing location room stay fantastic amazing fantastic experience great service trip room trip location fantastic pleasant great service great service room great service room room location hotel amazing stay room room hotel great service great service room hotel amazing amazing service pleasant location hotel amazing great service room pleasant great service fantastic location fantastic amazing amazing amazing room pleasant great service location great service trip room fantastic trip service amazing great service room pleasant,Positive
CUST1378,Delhi,App,1,bad trip location not recommended room not recommended experience room terrible not recommended location trip terrible trip hotel stay trip hotel experience terrible not recommended trip bad bad not recommended trip terrible terrible hotel room service location bad terrible room experience service service location terrible service experience terrible trip service hotel trip terrible service poor not recommended trip location trip terrible bad trip terrible trip experience not recommended bad bad not recommended location terrible trip room trip poor service terrible not recommended poor location poor trip trip not recommended service hotel service hotel hotel terrible terrible location service trip hotel not recommended stay terrible terrible room not recommended experience room terrible trip location bad experience location room hotel experience location terrible trip location terrible service experience poor terrible room not recommended experience terrible terrible terrible hotel bad location hotel terrible bad bad trip stay poor experience hotel terrible bad not recommended trip terrible trip service not recommended room experience service stay not recommended service,Negative
CUST1379,Jaipur,App,4,location location hotel great service trip recommended location stay stay service room great service experience pleasant service recommended experience recommended trip recommended hotel room experience experience hotel enjoyable pleasant pleasant recommended trip hotel stay pleasant pleasant room trip pleasant trip great service service service recommended recommended service hotel location pleasant great service pleasant experience pleasant great service recommended pleasant trip great service trip experience pleasant service location service great service pleasant enjoyable trip location location pleasant recommended pleasant stay pleasant hotel great service pleasant pleasant pleasant room great service recommended pleasant stay recommended location trip hotel recommended experience trip experience recommended trip stay service enjoyable pleasant great service recommended experience pleasant stay service enjoyable location pleasant recommended recommended pleasant pleasant pleasant recommended pleasant trip recommended service service pleasant trip trip pleasant trip stay experience trip pleasant service pleasant experience pleasant recommended pleasant experience enjoyable recommended room experience pleasant pleasant recommended great service experience pleasant experience room experience stay great service trip hotel,Positive
CUST1380,Jaipur,Web,4,location enjoyable stay enjoyable fantastic trip fantastic enjoyable great service service enjoyable trip great service stay great service trip room stay experience room enjoyable enjoyable trip trip fantastic recommended service trip experience fantastic great service service fantastic hotel recommended recommended hotel hotel recommended great service room hotel trip location stay fantastic stay fantastic enjoyable fantastic recommended recommended stay great service recommended great service service recommended recommended room location room fantastic recommended recommended room room enjoyable location stay fantastic trip room fantastic recommended great service great service enjoyable experience fantastic location great service trip hotel recommended hotel trip experience fantastic service fantastic experience enjoyable room fantastic recommended room room fantastic enjoyable great service enjoyable enjoyable room stay enjoyable trip hotel hotel great service room room stay fantastic stay experience fantastic location experience great service experience,Positive
CUST1381,Bangalore,App,3,stay hotel service decent acceptable acceptable service hotel location room hotel trip trip room service trip trip location experience stay decent service experience decent location decent acceptable location trip location acceptable hotel hotel average hotel decent average decent trip hotel service hotel acceptable acceptable trip average acceptable experience acceptable trip service average hotel acceptable location acceptable acceptable stay decent trip hotel stay acceptable hotel experience room decent trip service service hotel decent decent experience decent hotel hotel service acceptable decent room location average stay acceptable stay service service experience decent stay trip decent stay location stay average location stay stay average stay average hotel trip stay acceptable location room decent experience decent experience service experience experience decent decent stay experience average average trip location hotel room average room experience service experience acceptable decent decent experience service decent trip location service trip hotel service location stay room acceptable acceptable decent experience stay,Neutral
CUST1382,Goa,App,4,location service amazing location recommended service location great service amazing great service recommended recommended recommended pleasant recommended location recommended location hotel service trip location recommended pleasant pleasant recommended recommended stay great service location experience recommended amazing location amazing service location amazing trip recommended experience stay amazing experience recommended trip location trip location pleasant location pleasant experience pleasant pleasant service experience experience room recommended great service great service stay pleasant location recommended service experience trip hotel service amazing recommended experience pleasant service recommended great service room recommended stay amazing stay recommended service pleasant recommended recommended room,Positive
CUST1383,Delhi,Web,3,location decent okay service acceptable decent okay service service location stay okay location experience okay trip room okay decent trip experience acceptable okay location experience okay trip decent room acceptable okay okay decent stay okay stay room location experience room decent location okay room stay trip trip room decent decent okay decent location hotel decent decent acceptable experience stay okay experience okay location hotel stay service room decent okay trip okay decent okay experience decent decent experience acceptable experience room service acceptable location experience decent decent decent trip trip experience okay decent hotel trip hotel experience hotel decent service location trip location location acceptable room trip trip decent stay service decent okay trip decent decent acceptable hotel experience hotel experience decent decent okay room location acceptable trip trip trip acceptable acceptable service decent decent service decent location decent service room okay service hotel decent decent okay service location acceptable experience okay decent trip decent hotel stay stay experience location okay experience experience decent location stay decent experience decent decent trip decent okay okay location okay experience okay acceptable stay acceptable stay decent stay okay stay decent acceptable stay,Neutral
CUST1384,Bangalore,Web,4,trip location recommended recommended recommended experience trip pleasant recommended hotel service service pleasant recommended stay service recommended recommended pleasant trip pleasant recommended room,Positive
CUST1385,Bangalore,Web,2,bad stay trip experience trip terrible unpleasant experience hotel stay room room trip bad location poor experience bad bad trip trip hotel experience poor location room unpleasant bad trip room unpleasant service terrible service room room unpleasant experience hotel room stay room bad service room experience service terrible room experience poor unpleasant unpleasant experience terrible hotel hotel terrible bad service trip location experience trip trip room hotel service service hotel hotel terrible bad stay terrible bad trip terrible trip poor stay location terrible terrible hotel bad unpleasant unpleasant terrible poor trip poor room trip service experience hotel room hotel unpleasant poor unpleasant bad room bad service room room terrible terrible unpleasant service experience location experience room poor poor terrible service unpleasant experience hotel service trip room location terrible room trip service trip trip terrible service terrible hotel hotel hotel stay service poor trip room trip terrible terrible experience trip hotel hotel terrible location experience unpleasant room terrible unpleasant terrible stay poor hotel stay hotel room terrible trip poor bad unpleasant stay stay hotel bad service poor room experience terrible service room service terrible unpleasant unpleasant experience terrible room trip,Negative
CUST1386,Bangalore,App,5,recommended service recommended recommended enjoyable hotel location enjoyable recommended room service amazing recommended service service service hotel recommended hotel amazing experience amazing trip recommended amazing recommended enjoyable hotel service trip recommended amazing location service recommended hotel stay recommended enjoyable recommended room trip amazing recommended recommended room amazing service amazing service recommended room enjoyable service location amazing recommended hotel stay enjoyable service experience trip amazing stay location trip enjoyable recommended enjoyable stay amazing trip service recommended amazing trip amazing experience enjoyable recommended enjoyable stay service amazing recommended room amazing stay amazing service stay hotel recommended amazing location recommended location location enjoyable stay enjoyable stay experience room recommended service stay service hotel amazing stay enjoyable,Positive
CUST1387,Mumbai,App,1,location stay service hotel terrible experience poor hotel stay terrible poor trip poor terrible hotel service hotel location stay hotel service location stay hotel trip room not recommended stay hotel poor location experience trip stay hotel experience terrible stay location room service hotel not recommended trip poor poor hotel unpleasant poor,Negative
CUST1388,Delhi,Web,2,service hotel room stay terrible experience bad room trip terrible room stay room location stay room bad room room service trip terrible poor room terrible terrible terrible trip bad terrible bad room hotel poor service stay hotel hotel bad service poor terrible bad location stay room terrible bad hotel bad experience bad poor hotel terrible location location trip room terrible experience experience bad hotel stay trip stay stay experience terrible poor poor bad hotel terrible terrible trip stay experience trip terrible bad bad terrible bad service bad room hotel location location stay,Negative
CUST1389,Goa,App,5,pleasant recommended room service room trip recommended stay service recommended recommended location enjoyable enjoyable great service enjoyable stay amazing pleasant enjoyable stay pleasant hotel trip pleasant room enjoyable trip hotel service enjoyable enjoyable service service pleasant enjoyable service pleasant experience pleasant location pleasant amazing great service service hotel amazing experience enjoyable pleasant amazing trip amazing room service service amazing hotel recommended amazing,Positive
CUST1390,Delhi,App,4,fantastic stay hotel location recommended experience room fantastic stay recommended service experience fantastic experience recommended location great service fantastic experience service fantastic stay location fantastic service stay fantastic stay stay fantastic experience fantastic fantastic service fantastic location location fantastic fantastic great service hotel service fantastic experience experience great service recommended fantastic fantastic experience room service fantastic hotel great service fantastic experience experience room experience experience trip experience hotel experience trip service service fantastic experience stay room fantastic fantastic great service fantastic stay fantastic great service stay fantastic great service stay great service service recommended fantastic hotel fantastic great service experience experience stay recommended great service room fantastic trip stay location fantastic experience location trip stay hotel fantastic room location fantastic service fantastic fantastic experience trip recommended fantastic fantastic stay great service service fantastic trip room hotel fantastic great service fantastic experience trip service experience trip fantastic service recommended recommended location trip fantastic recommended fantastic fantastic service fantastic great service room hotel room location hotel recommended service service fantastic fantastic fantastic trip great service room trip great service service trip location fantastic service great service stay great service recommended service trip great service great service hotel fantastic fantastic room room hotel stay service recommended experience great service experience fantastic room trip recommended great service room trip fantastic great service,Positive
CUST1391,Delhi,App,4,amazing fantastic enjoyable trip stay fantastic great service fantastic stay hotel amazing hotel room enjoyable amazing service recommended trip fantastic trip fantastic experience location stay enjoyable great service room room service stay location enjoyable fantastic hotel service experience recommended fantastic fantastic room service trip stay enjoyable stay great service amazing experience fantastic fantastic recommended great service enjoyable location room service experience trip enjoyable fantastic stay recommended fantastic recommended fantastic recommended service stay stay stay amazing recommended amazing amazing trip fantastic amazing location enjoyable recommended trip location trip location amazing fantastic trip amazing trip location great service enjoyable great service fantastic fantastic hotel trip room fantastic room trip trip hotel room room room fantastic experience experience great service hotel,Positive
CUST1392,Mumbai,App,1,poor trip stay bad room experience bad hotel room service room stay trip unpleasant location trip service unpleasant bad room terrible terrible poor trip hotel unpleasant poor trip stay terrible terrible terrible hotel terrible poor experience poor experience bad experience location location unpleasant room terrible unpleasant terrible stay terrible location stay poor room service poor room room room experience stay location location experience location room poor experience service location unpleasant room hotel service poor poor poor location location service trip bad poor bad poor bad location location terrible experience experience bad service room location terrible poor service bad poor room location terrible terrible terrible terrible room bad location trip experience hotel room,Negative
CUST1393,Delhi,App,2,unpleasant experience service unpleasant not recommended unpleasant unpleasant terrible service not recommended hotel room not recommended hotel trip bad not recommended service hotel bad location experience not recommended stay trip not recommended not recommended experience bad not recommended unpleasant terrible location unpleasant not recommended experience unpleasant service not recommended trip not recommended service hotel service stay experience trip trip not recommended not recommended terrible bad terrible service trip hotel,Negative
CUST1394,Bangalore,Web,5,trip service great service room amazing pleasant location service location amazing stay trip pleasant trip amazing hotel trip experience location great service experience trip experience great service hotel amazing great service location amazing amazing hotel amazing amazing great service great service great service service room stay location amazing location amazing service stay stay stay stay enjoyable room pleasant enjoyable pleasant service pleasant service hotel pleasant location great service room amazing service experience service room great service hotel room room hotel hotel enjoyable enjoyable location great service hotel location stay great service enjoyable pleasant pleasant location stay room pleasant pleasant enjoyable stay pleasant location experience experience experience great service great service experience great service enjoyable room trip service experience great service location amazing great service room experience experience service great service,Positive
CUST1395,Jaipur,App,5,stay amazing service experience fantastic amazing fantastic amazing fantastic amazing amazing hotel amazing stay location hotel amazing fantastic room service great service service service fantastic trip service location stay amazing amazing location trip hotel fantastic great service amazing great service experience location room hotel location fantastic service experience fantastic great service hotel great service experience fantastic room location amazing fantastic trip great service location room hotel trip great service amazing amazing stay great service location stay service experience fantastic service hotel amazing location experience location room amazing amazing great service amazing great service trip room hotel trip room service amazing amazing stay amazing room experience room service fantastic great service service stay service room stay fantastic amazing amazing experience amazing,Positive
CUST1396,Bangalore,App,3,location experience hotel room stay acceptable stay okay location average moderate average decent location average trip location room acceptable stay room decent experience stay room location location average experience decent experience stay location okay location average hotel room decent stay trip room okay room service trip experience service moderate hotel okay stay okay experience location room acceptable decent room location hotel experience location acceptable average trip moderate stay service okay service room okay stay service average okay experience acceptable service stay room okay room stay service service trip decent service service experience okay stay service hotel location service decent stay hotel service service hotel service decent trip moderate service decent service trip stay room hotel decent location stay average trip moderate hotel location acceptable acceptable location room okay acceptable decent experience experience service location decent acceptable service service location acceptable service location moderate trip location acceptable experience hotel average hotel stay hotel decent trip room okay okay experience average average stay service decent okay trip stay acceptable decent trip acceptable acceptable average moderate acceptable location stay moderate stay average decent okay decent acceptable moderate moderate average moderate room room stay stay location decent service experience,Neutral
CUST1397,Goa,Web,3,moderate hotel moderate stay room service moderate moderate service trip moderate hotel average trip trip average service service moderate trip location hotel hotel average average hotel moderate trip average room location trip location stay location trip okay okay hotel moderate room trip average experience average service average moderate room location okay average moderate room experience moderate,Neutral
CUST1398,Delhi,Web,4,experience great service great service room location great service great service room amazing service recommended trip great service location trip stay recommended fantastic amazing recommended recommended fantastic recommended trip great service experience room trip recommended fantastic recommended recommended great service room location service amazing hotel recommended great service great service recommended fantastic stay amazing hotel stay experience amazing fantastic trip great service great service location great service stay room recommended trip experience recommended hotel recommended experience room recommended recommended amazing hotel recommended trip experience stay fantastic trip amazing location hotel location great service hotel service stay great service trip great service location location location fantastic great service recommended hotel hotel hotel recommended recommended great service recommended fantastic experience room recommended great service hotel fantastic amazing amazing hotel amazing trip recommended room recommended trip great service recommended stay great service amazing hotel recommended hotel room experience great service fantastic recommended amazing location amazing stay service stay recommended experience experience fantastic location room stay location fantastic stay trip recommended stay great service trip service great service trip great service recommended experience trip recommended experience great service room fantastic location service service,Positive
CUST1399,Delhi,App,3,service average average stay average trip average average average acceptable hotel service hotel hotel trip room average acceptable average stay hotel trip room average room okay average room location average experience average acceptable hotel average average experience okay room room room okay hotel location experience acceptable stay acceptable average acceptable acceptable trip location trip trip okay service stay average trip service room okay service stay hotel hotel hotel trip average hotel acceptable hotel room acceptable okay room trip acceptable okay okay location experience trip location acceptable okay room hotel location experience room stay service experience acceptable hotel average average hotel average acceptable average location location acceptable room location average service average trip room average stay okay average hotel acceptable acceptable hotel acceptable average room acceptable experience acceptable average experience location room average acceptable average room average trip service acceptable location acceptable experience service trip average,Neutral
CUST1400,Delhi,Web,3,acceptable room location hotel trip location okay decent location stay decent acceptable decent room service service stay decent trip decent experience service decent service decent room decent service acceptable hotel service experience hotel moderate stay experience decent location decent trip service service service experience okay acceptable decent okay location okay moderate hotel hotel decent service acceptable hotel stay location hotel decent experience decent decent okay decent location decent acceptable decent acceptable location moderate okay okay service decent hotel acceptable hotel moderate experience decent acceptable stay trip trip stay stay decent trip,Neutral
CUST1401,Mumbai,Web,5,great service great service great service location amazing room great service enjoyable great service room service enjoyable amazing room amazing amazing enjoyable trip enjoyable hotel experience trip hotel enjoyable enjoyable recommended experience experience hotel service enjoyable hotel hotel stay location great service amazing great service great service service stay trip location enjoyable recommended trip stay recommended room great service recommended experience trip experience hotel amazing enjoyable service great service stay location experience great service hotel recommended amazing great service great service recommended room location stay hotel recommended experience room service trip location great service amazing recommended recommended amazing location trip stay stay service service enjoyable service experience room stay service enjoyable,Positive
CUST1402,Goa,Web,5,trip stay great service room pleasant service hotel trip great service location great service pleasant room room room trip hotel great service great service great service room service location recommended experience location enjoyable service recommended stay room enjoyable recommended room stay recommended great service room room trip great service great service location hotel pleasant great service hotel great service recommended great service great service experience enjoyable recommended pleasant pleasant hotel experience room experience enjoyable room enjoyable great service enjoyable experience experience hotel great service stay room location hotel stay great service recommended pleasant stay trip room hotel recommended stay pleasant pleasant pleasant pleasant enjoyable hotel recommended pleasant service room great service recommended hotel room great service trip trip location great service great service pleasant great service stay great service great service recommended pleasant stay location hotel pleasant stay enjoyable great service service stay experience service room hotel great service room enjoyable experience service trip location service recommended recommended room great service hotel room hotel great service great service pleasant pleasant experience location experience trip experience pleasant recommended great service room experience pleasant location hotel hotel experience room great service service great service room great service experience recommended great service pleasant pleasant enjoyable pleasant great service trip trip great service room pleasant stay great service room pleasant great service stay hotel pleasant hotel location pleasant great service service stay location experience great service location,Positive
CUST1403,Goa,App,3,average okay moderate location experience room location experience stay average location service trip location experience hotel hotel stay trip hotel okay okay stay experience room okay experience experience experience okay location experience moderate decent experience room stay trip experience experience okay experience location hotel service location hotel experience trip moderate average hotel moderate okay okay okay okay average okay service location room okay moderate average stay room moderate okay average experience average okay service service okay experience experience experience average hotel,Neutral
CUST1404,Delhi,App,3,service acceptable average average room experience average location moderate experience moderate location stay stay service stay room moderate hotel average hotel trip experience service acceptable service acceptable room hotel average moderate service moderate service room service acceptable average average average,Neutral
CUST1405,Jaipur,App,5,pleasant great service pleasant experience experience room enjoyable enjoyable trip enjoyable location hotel enjoyable location location enjoyable enjoyable enjoyable hotel great service enjoyable great service enjoyable pleasant service enjoyable pleasant service pleasant trip stay hotel hotel hotel stay pleasant great service service pleasant hotel pleasant hotel room location trip service experience pleasant service enjoyable trip experience location room service enjoyable great service service hotel pleasant enjoyable service service service stay great service pleasant room enjoyable trip great service service room experience pleasant pleasant location enjoyable pleasant trip service stay enjoyable enjoyable hotel trip trip enjoyable great service service pleasant experience enjoyable stay pleasant stay room enjoyable pleasant great service enjoyable room pleasant stay pleasant location hotel hotel pleasant great service experience pleasant enjoyable great service great service trip trip service great service experience enjoyable great service pleasant room enjoyable enjoyable experience great service great service stay room room service experience pleasant enjoyable service service stay enjoyable great service enjoyable pleasant service,Positive
CUST1406,Mumbai,Web,5,great service stay great service fantastic stay experience trip trip pleasant stay great service hotel hotel room great service great service stay pleasant great service location room pleasant room pleasant location great service stay room fantastic great service fantastic experience room room pleasant stay stay experience great service fantastic location fantastic great service pleasant pleasant pleasant room stay pleasant location hotel experience service pleasant experience pleasant hotel hotel trip experience great service stay pleasant trip great service pleasant pleasant pleasant location fantastic hotel hotel trip service great service service pleasant trip location fantastic fantastic service room trip pleasant service room room great service stay location experience fantastic trip fantastic trip pleasant pleasant pleasant location stay experience pleasant stay location hotel fantastic trip stay great service great service location stay pleasant great service stay pleasant pleasant service great service experience pleasant great service pleasant great service great service service location stay fantastic experience trip experience room stay hotel experience location experience stay pleasant room great service stay stay hotel pleasant stay room experience fantastic service great service experience service fantastic pleasant great service pleasant pleasant fantastic location fantastic stay fantastic pleasant experience service great service fantastic stay great service experience service experience great service hotel stay service room trip service service,Positive
CUST1407,Mumbai,App,4,service room hotel stay stay stay enjoyable recommended hotel recommended pleasant amazing location trip room service recommended experience hotel location hotel hotel recommended location hotel fantastic fantastic pleasant hotel pleasant location pleasant location recommended stay pleasant location pleasant enjoyable fantastic pleasant location trip hotel pleasant location room recommended enjoyable amazing hotel pleasant hotel fantastic enjoyable pleasant room experience experience location service room amazing amazing fantastic trip recommended pleasant hotel fantastic experience recommended fantastic amazing experience recommended trip amazing amazing amazing trip enjoyable enjoyable location trip fantastic stay trip enjoyable room stay location amazing amazing enjoyable experience experience experience enjoyable room hotel hotel amazing recommended experience stay location experience location stay stay room experience fantastic recommended room recommended trip hotel recommended recommended fantastic enjoyable pleasant room pleasant amazing pleasant pleasant stay pleasant amazing fantastic room service trip hotel fantastic hotel hotel pleasant amazing enjoyable recommended experience pleasant fantastic amazing fantastic hotel room fantastic pleasant amazing enjoyable room recommended room pleasant pleasant pleasant room pleasant fantastic stay pleasant service trip,Positive
CUST1408,Jaipur,App,1,hotel trip location not recommended trip room stay service experience bad experience poor poor trip poor stay service trip trip bad poor service location trip trip trip service trip hotel bad poor room location bad experience poor hotel bad,Negative
CUST1409,Bangalore,Web,1,experience location terrible trip terrible location terrible bad experience location bad room not recommended bad hotel bad not recommended hotel room trip service terrible terrible terrible hotel bad location stay stay terrible bad bad room stay terrible location location experience not recommended stay experience bad location bad terrible experience location not recommended not recommended bad terrible location hotel room stay experience bad not recommended trip location service stay terrible hotel trip service not recommended bad terrible bad terrible terrible location bad bad location bad terrible hotel experience service bad terrible hotel terrible hotel trip trip trip terrible trip room hotel bad bad hotel location bad not recommended trip bad bad bad stay trip bad trip terrible not recommended bad room location bad service trip terrible room bad terrible not recommended trip location terrible room bad terrible service bad experience not recommended stay service trip bad terrible terrible not recommended not recommended trip not recommended stay hotel terrible bad terrible location bad trip terrible not recommended hotel experience stay terrible terrible terrible stay stay not recommended location terrible terrible not recommended,Negative
CUST1410,Goa,Web,3,okay acceptable hotel acceptable okay okay average location experience room location okay experience okay okay okay okay trip okay okay service average location okay experience stay okay okay average okay stay location room service experience okay stay room hotel trip stay stay location service room service room location acceptable stay location experience hotel hotel service experience stay service experience hotel okay hotel service acceptable okay acceptable room average okay hotel trip room service service service location stay location okay acceptable hotel service acceptable trip acceptable average okay okay experience trip average okay location experience hotel experience average service stay hotel acceptable stay room trip okay trip okay okay experience okay trip acceptable okay acceptable hotel okay hotel experience acceptable experience experience location okay hotel service location stay service okay stay average experience location room okay stay okay okay acceptable,Neutral
CUST1411,Delhi,App,4,amazing enjoyable service amazing amazing hotel experience hotel location trip service great service experience great service trip great service stay enjoyable stay great service enjoyable experience location amazing amazing location service service location enjoyable room hotel location service location room amazing pleasant enjoyable amazing service experience trip amazing amazing great service location amazing room trip pleasant experience room trip stay amazing amazing location trip location location amazing hotel great service trip room stay stay room location hotel hotel room hotel room room trip experience pleasant hotel amazing enjoyable amazing amazing location stay service location amazing amazing location amazing trip room amazing amazing service amazing pleasant stay amazing location location amazing amazing stay hotel amazing location service location enjoyable enjoyable experience hotel amazing stay amazing hotel trip pleasant experience service,Positive
CUST1412,Mumbai,App,3,location experience room okay stay okay moderate stay experience moderate moderate okay average room average stay room experience trip average average okay trip service average average service service okay moderate stay room location service hotel okay experience okay trip experience okay service trip location experience average experience average okay okay average room location moderate average hotel location experience service hotel average moderate okay experience average service experience location location average service hotel hotel average okay,Neutral
CUST1413,Mumbai,App,2,stay experience service terrible room terrible experience service unpleasant unpleasant poor room poor terrible stay terrible stay unpleasant unpleasant unpleasant unpleasant terrible hotel terrible terrible hotel trip stay terrible hotel terrible trip location room stay room stay poor unpleasant trip experience terrible hotel experience experience terrible terrible hotel terrible poor room terrible trip terrible experience hotel trip terrible stay terrible hotel poor stay experience poor stay stay poor hotel hotel location trip poor room terrible stay hotel location stay location terrible terrible service terrible experience location room trip experience terrible experience service location terrible terrible terrible stay hotel experience stay poor trip terrible unpleasant unpleasant terrible hotel terrible poor hotel experience experience terrible unpleasant room poor terrible experience poor service terrible service experience service unpleasant terrible poor terrible unpleasant service terrible room terrible location poor unpleasant experience poor terrible hotel stay service unpleasant service location trip unpleasant hotel room hotel location poor experience room location unpleasant terrible stay terrible service poor trip hotel terrible experience location terrible poor,Negative
CUST1414,Jaipur,Web,5,location hotel room experience experience hotel experience experience trip trip stay location great service location room trip trip amazing service amazing trip hotel recommended service fantastic amazing experience fantastic trip service great service recommended experience trip recommended hotel fantastic location hotel stay trip location hotel amazing experience hotel fantastic location amazing service experience room,Positive
CUST1415,Delhi,Web,4,enjoyable service location great service hotel great service location great service enjoyable room great service recommended room service location amazing room great service enjoyable enjoyable stay service great service enjoyable stay trip trip great service great service trip great service experience great service experience recommended great service trip service service amazing great service great service great service experience great service great service experience great service room great service service amazing enjoyable enjoyable great service experience recommended hotel hotel great service stay amazing great service great service hotel enjoyable enjoyable location service stay trip recommended amazing great service location great service amazing hotel great service stay great service amazing great service location trip experience stay experience great service hotel enjoyable service enjoyable great service hotel experience stay recommended hotel great service trip location stay recommended enjoyable stay trip great service great service great service recommended hotel recommended experience great service amazing stay hotel experience stay amazing great service experience experience,Positive
CUST1416,Delhi,Web,1,room trip room not recommended room terrible terrible trip not recommended poor stay location poor experience hotel experience unpleasant unpleasant experience experience stay service service stay room trip unpleasant unpleasant stay experience hotel stay stay experience poor experience experience service room hotel hotel not recommended poor not recommended poor service hotel trip not recommended experience unpleasant location not recommended terrible location experience hotel terrible poor room hotel poor room terrible hotel terrible service room unpleasant unpleasant stay not recommended stay trip stay hotel poor terrible service unpleasant stay terrible not recommended service location hotel unpleasant stay poor stay stay terrible service room hotel poor poor stay location trip room stay room stay terrible location service poor poor unpleasant not recommended hotel terrible unpleasant unpleasant trip poor poor unpleasant experience poor service not recommended service service poor poor terrible unpleasant poor service terrible terrible stay location trip poor terrible experience stay poor trip poor experience not recommended stay room terrible hotel stay unpleasant hotel location unpleasant poor room location poor service room,Negative
CUST1417,Mumbai,Web,4,room stay room hotel location location trip fantastic location location hotel great service experience great service service enjoyable hotel location great service amazing great service fantastic fantastic great service amazing experience amazing experience trip great service fantastic enjoyable enjoyable amazing amazing great service room amazing stay great service fantastic room enjoyable stay fantastic service experience fantastic experience great service great service fantastic room hotel amazing location location stay enjoyable location stay hotel fantastic fantastic fantastic amazing service room service fantastic amazing room amazing room trip experience trip enjoyable amazing fantastic hotel location trip room amazing amazing fantastic stay great service enjoyable experience hotel location room location great service service trip experience experience experience stay fantastic stay stay location trip location enjoyable hotel trip location room stay great service fantastic trip service fantastic trip amazing stay amazing amazing stay room great service amazing location great service fantastic room hotel hotel experience amazing enjoyable fantastic fantastic fantastic experience experience great service fantastic room fantastic trip fantastic trip room room fantastic fantastic fantastic location room fantastic location fantastic room room trip amazing stay trip hotel location stay amazing service great service great service hotel experience enjoyable stay hotel stay stay location experience amazing hotel location stay room experience enjoyable enjoyable experience hotel location,Positive
CUST1418,Delhi,App,5,room recommended stay recommended trip room stay location room recommended great service great service room location pleasant hotel room recommended pleasant trip pleasant location recommended great service great service location trip enjoyable recommended enjoyable hotel location great service stay service hotel stay pleasant great service experience experience room great service trip pleasant experience stay pleasant great service great service great service recommended enjoyable recommended great service room recommended enjoyable pleasant recommended recommended room recommended recommended service trip experience stay hotel great service room recommended room service trip experience great service hotel great service great service pleasant experience hotel room trip recommended hotel great service trip stay stay hotel trip room service experience enjoyable trip experience trip hotel recommended service location great service trip hotel stay great service location enjoyable great service recommended room pleasant location experience recommended service trip recommended location hotel pleasant pleasant enjoyable service recommended location recommended experience trip great service recommended location room location recommended great service location room great service pleasant service recommended experience room service great service service room great service service recommended pleasant experience recommended recommended recommended recommended great service service hotel recommended great service hotel service pleasant room great service experience room recommended great service hotel service trip hotel location recommended great service hotel recommended trip service,Positive
CUST1419,Jaipur,Web,3,service experience moderate moderate moderate trip moderate moderate service experience moderate room stay stay moderate trip hotel moderate acceptable hotel trip service moderate room stay stay stay room experience okay stay moderate stay okay room trip trip location hotel trip experience stay moderate trip service moderate okay location acceptable experience room trip service location trip moderate service trip moderate hotel moderate moderate moderate stay hotel experience trip location,Neutral
CUST1420,Mumbai,Web,5,fantastic stay room great service room fantastic great service room stay trip experience fantastic trip great service fantastic hotel service location stay hotel recommended great service room room fantastic recommended trip experience fantastic great service fantastic experience location room experience hotel service trip room location great service recommended great service fantastic trip experience room great service hotel great service room great service fantastic fantastic fantastic fantastic stay trip location great service location hotel trip stay experience service room great service stay hotel location great service recommended amazing amazing room trip experience trip recommended stay stay recommended room experience stay fantastic amazing great service experience room stay location great service great service great service hotel stay service location trip experience fantastic fantastic great service amazing service hotel great service great service location room trip recommended great service room location fantastic great service fantastic amazing room hotel trip hotel stay recommended service fantastic amazing recommended recommended great service hotel experience fantastic recommended fantastic fantastic trip,Positive
CUST1421,Goa,App,4,experience trip fantastic experience service great service room service room experience great service stay pleasant experience stay stay enjoyable service hotel trip room pleasant enjoyable room service stay fantastic enjoyable service location great service enjoyable,Positive
CUST1422,Bangalore,App,5,amazing stay service stay trip trip pleasant room enjoyable great service recommended hotel service hotel pleasant trip location great service location enjoyable,Positive
CUST1423,Delhi,Web,3,decent decent stay decent location trip service hotel room service room acceptable trip experience stay service location room hotel acceptable stay decent moderate hotel acceptable moderate service acceptable decent trip service stay room moderate decent decent stay experience moderate location moderate location decent service location room moderate experience decent room decent room service hotel service stay decent hotel moderate service decent decent location decent room moderate location experience hotel hotel room trip location decent room moderate stay acceptable stay hotel trip trip hotel moderate room service stay location service location trip acceptable experience decent hotel moderate moderate stay acceptable room location moderate moderate stay experience room moderate experience decent room stay room trip acceptable trip acceptable decent hotel acceptable location moderate service trip stay service decent location decent acceptable decent acceptable moderate location room stay acceptable service moderate moderate experience moderate moderate hotel room moderate acceptable decent experience location room moderate experience decent decent location room hotel experience trip experience service trip room service stay decent acceptable moderate location room room room stay decent,Neutral
CUST1424,Bangalore,App,3,average acceptable room trip acceptable service average room experience trip trip trip trip okay location acceptable acceptable hotel acceptable location stay okay okay acceptable okay trip acceptable acceptable okay acceptable location okay room room average location acceptable room hotel acceptable okay okay acceptable trip hotel stay stay acceptable trip hotel service average service stay service trip stay acceptable trip okay hotel room trip,Neutral
CUST1425,Goa,App,5,experience trip great service stay recommended hotel great service great service great service service experience location great service great service location great service great service location room stay room stay great service great service hotel location trip recommended stay trip location service pleasant great service great service location great service great service hotel experience service pleasant enjoyable experience hotel pleasant experience trip experience enjoyable service experience service location hotel room enjoyable great service great service room great service experience great service room great service pleasant great service stay recommended recommended service service location service trip service stay great service room trip experience recommended hotel great service experience service great service experience great service recommended recommended hotel service trip great service great service location location stay trip great service room hotel experience pleasant enjoyable pleasant enjoyable trip service great service enjoyable pleasant enjoyable trip great service great service service stay great service recommended great service trip trip great service great service stay trip enjoyable hotel enjoyable recommended recommended,Positive
CUST1426,Jaipur,App,4,room service stay trip trip recommended service service trip experience stay room service hotel pleasant trip recommended trip pleasant recommended stay pleasant pleasant amazing recommended,Positive
CUST1427,Bangalore,Web,5,hotel experience room amazing service great service service room location amazing stay trip experience experience recommended great service location pleasant trip experience service hotel room pleasant stay pleasant amazing stay location trip great service stay trip service amazing recommended fantastic stay great service service recommended location experience fantastic fantastic service pleasant trip great service fantastic stay pleasant location amazing pleasant great service pleasant pleasant hotel recommended trip great service hotel experience fantastic service service room,Positive
CUST1428,Goa,App,1,location trip experience not recommended stay poor not recommended not recommended location stay location location hotel experience room poor hotel hotel service hotel service service poor room not recommended poor terrible terrible poor terrible location service not recommended stay poor room not recommended hotel service terrible location not recommended room hotel poor terrible poor stay stay poor terrible poor poor room not recommended hotel location experience poor terrible poor room location room hotel terrible not recommended location service poor service poor location hotel location poor service terrible hotel not recommended hotel terrible poor stay terrible poor terrible poor terrible poor hotel,Negative
CUST1429,Goa,Web,4,room location experience hotel trip great service service experience room hotel service location experience fantastic pleasant enjoyable stay stay great service location hotel trip great service hotel experience experience room hotel service trip hotel stay stay enjoyable stay fantastic enjoyable room great service service great service great service room trip experience location great service service location location great service location great service enjoyable great service service location service location enjoyable service hotel room hotel great service fantastic great service trip stay fantastic great service enjoyable hotel experience experience fantastic experience,Positive
CUST1430,Mumbai,Web,3,okay experience trip okay moderate service okay okay stay service hotel okay okay room hotel moderate hotel okay okay location hotel stay moderate okay hotel service okay room experience experience hotel okay stay service okay experience location service location moderate service moderate okay location experience stay location stay okay moderate,Neutral
CUST1431,Mumbai,App,4,hotel fantastic recommended room stay fantastic room hotel fantastic fantastic amazing stay service location location great service room great service great service room hotel hotel location service fantastic service great service room trip experience fantastic hotel fantastic fantastic experience fantastic location fantastic fantastic fantastic great service stay fantastic fantastic fantastic stay experience great service great service hotel service fantastic service experience hotel service fantastic fantastic recommended great service room stay fantastic service recommended room stay experience great service stay room great service location fantastic stay experience experience hotel recommended location room amazing hotel recommended stay room fantastic recommended fantastic hotel amazing service recommended service service great service trip stay great service fantastic service stay fantastic location trip fantastic hotel hotel room trip service recommended location service service recommended recommended great service great service amazing amazing location hotel fantastic service service room experience service fantastic trip fantastic trip service experience hotel fantastic experience location location hotel experience service great service amazing room amazing hotel hotel recommended experience service location recommended room service location fantastic trip location hotel amazing experience location trip fantastic fantastic fantastic recommended amazing experience hotel experience fantastic hotel room recommended trip great service fantastic hotel fantastic location experience trip recommended fantastic fantastic,Positive
CUST1432,Bangalore,App,3,average average okay average stay stay okay hotel service acceptable service room average okay acceptable okay service okay moderate location location acceptable moderate location service,Neutral
CUST1433,Mumbai,App,2,unpleasant stay bad location stay bad bad room unpleasant hotel service poor trip poor experience room poor hotel experience hotel service poor unpleasant experience experience poor room stay service unpleasant poor unpleasant experience hotel poor unpleasant experience bad unpleasant trip trip bad unpleasant experience trip trip hotel service location hotel poor room,Negative
CUST1434,Mumbai,App,4,trip pleasant stay location trip location trip hotel recommended enjoyable stay recommended experience enjoyable stay experience stay amazing recommended recommended experience experience enjoyable recommended enjoyable enjoyable recommended experience trip stay trip amazing enjoyable experience stay enjoyable pleasant amazing trip stay amazing stay room trip enjoyable service enjoyable service recommended stay location location enjoyable stay service amazing enjoyable recommended recommended pleasant recommended stay recommended location location enjoyable recommended amazing service room service enjoyable experience location recommended trip pleasant stay recommended recommended hotel stay hotel service experience location location service location stay stay stay stay location enjoyable experience,Positive
CUST1435,Mumbai,Web,5,stay trip pleasant location pleasant fantastic hotel fantastic pleasant service fantastic hotel service enjoyable room location fantastic fantastic trip trip trip pleasant stay fantastic pleasant service fantastic hotel trip location experience pleasant room trip room hotel pleasant room stay recommended room pleasant fantastic room recommended location fantastic experience recommended enjoyable location recommended trip fantastic fantastic trip recommended fantastic fantastic recommended hotel trip hotel experience fantastic,Positive
CUST1436,Jaipur,Web,5,experience experience service enjoyable enjoyable fantastic service pleasant room room enjoyable enjoyable trip room enjoyable service hotel recommended trip stay fantastic location location service service enjoyable service enjoyable trip trip experience hotel fantastic fantastic service fantastic fantastic enjoyable trip service service trip room hotel recommended location location pleasant room enjoyable enjoyable fantastic hotel service recommended experience fantastic stay location trip service trip recommended location hotel fantastic trip enjoyable recommended enjoyable room enjoyable recommended pleasant experience location pleasant service service experience fantastic enjoyable service service enjoyable pleasant enjoyable experience room pleasant service fantastic enjoyable hotel fantastic hotel fantastic room service experience hotel room service room enjoyable fantastic enjoyable fantastic trip pleasant room fantastic location location recommended recommended,Positive
CUST1437,Goa,App,4,room great service great service experience trip pleasant trip enjoyable pleasant great service enjoyable recommended experience great service pleasant trip enjoyable trip fantastic room stay,Positive
CUST1438,Jaipur,Web,1,bad location location hotel trip service bad room stay room bad service experience unpleasant stay trip room room room room bad bad hotel bad terrible bad terrible bad experience hotel trip trip trip terrible terrible experience location service bad experience,Negative
CUST1439,Mumbai,App,4,stay amazing great service room room great service room amazing trip stay location trip experience experience amazing room amazing amazing great service great service hotel amazing room amazing location great service service pleasant hotel recommended amazing location great service amazing pleasant amazing amazing stay stay amazing experience hotel stay pleasant pleasant hotel recommended pleasant trip location hotel pleasant pleasant great service hotel trip room recommended pleasant room experience great service pleasant trip service amazing stay amazing amazing location pleasant great service stay stay amazing location amazing great service amazing amazing room location hotel hotel amazing amazing pleasant amazing recommended amazing trip pleasant service amazing trip pleasant location amazing amazing amazing amazing room experience hotel trip amazing great service great service hotel amazing service service hotel stay experience service great service amazing location hotel experience experience room pleasant amazing amazing location amazing service trip amazing trip service amazing room pleasant room trip stay hotel recommended hotel hotel trip stay amazing room amazing experience location recommended recommended service amazing amazing amazing recommended trip room service room trip room trip trip trip service great service amazing pleasant great service amazing location great service experience location pleasant experience amazing pleasant amazing location experience room experience location amazing trip room experience stay location amazing,Positive
CUST1440,Mumbai,App,3,okay stay hotel stay stay moderate moderate stay moderate okay experience hotel trip okay average experience experience trip okay average experience experience moderate average average average moderate average moderate hotel trip average average stay stay hotel location location stay okay okay hotel okay service okay service average location location okay okay okay location okay average hotel location average location room stay experience stay average average stay location average location average average average trip average location hotel okay trip room okay service okay trip location room moderate okay average average hotel okay stay service experience average room service service trip trip hotel okay service stay stay room okay okay service hotel service service experience moderate okay moderate trip service stay trip service experience room stay hotel okay service average stay hotel okay room room moderate okay hotel experience moderate okay service stay stay service average average location trip stay average average location stay hotel okay experience moderate experience stay trip room trip moderate service moderate okay trip stay hotel moderate experience hotel service okay experience service stay hotel experience location okay hotel average okay location hotel stay location room average trip location stay service okay room,Neutral
CUST1441,Mumbai,Web,4,great service service experience great service great service stay great service fantastic great service location pleasant experience fantastic stay hotel great service trip service great service great service fantastic great service trip fantastic hotel great service fantastic experience great service amazing trip pleasant service amazing pleasant fantastic location great service location amazing amazing stay trip fantastic great service fantastic trip great service hotel great service stay location stay service trip pleasant great service service fantastic amazing fantastic location fantastic great service amazing great service,Positive
CUST1442,Mumbai,App,5,room service trip room pleasant enjoyable location pleasant great service enjoyable enjoyable amazing enjoyable enjoyable service stay trip great service stay room room amazing service service pleasant enjoyable pleasant pleasant room enjoyable stay trip enjoyable enjoyable hotel pleasant hotel service trip experience enjoyable pleasant service trip enjoyable trip service trip great service service amazing location location amazing enjoyable hotel stay pleasant hotel hotel location trip great service location pleasant enjoyable enjoyable trip amazing pleasant pleasant trip pleasant pleasant amazing amazing great service enjoyable trip amazing hotel enjoyable amazing stay stay great service stay stay stay pleasant amazing hotel room experience pleasant enjoyable experience trip room pleasant service pleasant pleasant,Positive
CUST1443,Jaipur,Web,5,amazing enjoyable room location fantastic trip fantastic location fantastic amazing service fantastic hotel room location stay room enjoyable stay experience enjoyable amazing trip experience experience room hotel amazing amazing enjoyable service location hotel fantastic trip experience room amazing experience amazing trip location location hotel fantastic room fantastic experience amazing trip experience location fantastic enjoyable hotel fantastic location fantastic room stay room stay amazing service fantastic fantastic experience fantastic fantastic amazing enjoyable service amazing room service stay enjoyable enjoyable room service hotel fantastic room stay room location trip amazing hotel,Positive
CUST1444,Jaipur,App,5,location amazing pleasant trip hotel great service recommended pleasant amazing hotel stay service pleasant amazing room recommended pleasant hotel service pleasant hotel amazing stay experience hotel hotel room trip room experience great service room location pleasant recommended great service trip amazing pleasant location great service pleasant great service location amazing room location room service experience trip room location recommended location amazing stay hotel pleasant trip pleasant pleasant experience service hotel experience room stay great service location location service amazing service hotel recommended pleasant amazing room recommended pleasant location experience trip pleasant stay recommended service room trip pleasant amazing great service amazing pleasant location recommended location service pleasant room room amazing location room location pleasant amazing location room pleasant location trip recommended great service pleasant amazing service pleasant amazing pleasant pleasant stay amazing recommended pleasant hotel trip stay recommended room location location amazing service service room experience great service trip room trip amazing hotel stay stay service room service recommended pleasant pleasant amazing pleasant service stay stay location experience trip trip trip amazing location experience location recommended pleasant location service pleasant service pleasant trip hotel trip great service great service hotel amazing location recommended experience trip trip trip experience,Positive
CUST1445,Jaipur,App,3,stay moderate moderate moderate trip acceptable hotel acceptable moderate moderate acceptable acceptable location acceptable stay service acceptable decent experience hotel trip experience acceptable decent experience hotel moderate moderate acceptable moderate stay decent service decent moderate acceptable room hotel decent decent acceptable hotel hotel trip location moderate acceptable acceptable service room room location experience moderate experience moderate hotel trip stay hotel location location experience acceptable acceptable acceptable moderate stay stay location moderate experience acceptable moderate room acceptable acceptable moderate moderate moderate trip location decent room hotel room decent hotel moderate trip trip moderate moderate trip decent decent hotel decent location hotel acceptable acceptable moderate room hotel moderate hotel trip decent acceptable acceptable decent decent hotel stay hotel trip room acceptable decent trip service acceptable moderate hotel moderate service moderate experience hotel location moderate room moderate service experience room location location service moderate location acceptable trip hotel experience stay acceptable experience acceptable service decent acceptable room room room,Neutral
CUST1446,Delhi,Web,4,enjoyable service stay enjoyable room trip enjoyable experience amazing trip location recommended experience pleasant enjoyable stay amazing room enjoyable enjoyable fantastic service service fantastic trip amazing enjoyable amazing enjoyable experience enjoyable hotel stay location enjoyable amazing service recommended trip enjoyable service recommended enjoyable recommended experience hotel amazing enjoyable location pleasant service room amazing location hotel experience enjoyable enjoyable enjoyable experience trip enjoyable room location enjoyable enjoyable amazing enjoyable trip room amazing hotel trip recommended amazing enjoyable pleasant location enjoyable room experience trip location location experience hotel amazing pleasant experience stay hotel room service fantastic amazing enjoyable hotel enjoyable stay enjoyable trip enjoyable location fantastic enjoyable recommended recommended hotel service room experience experience hotel room enjoyable amazing enjoyable hotel amazing room hotel amazing fantastic trip room experience room hotel pleasant hotel room enjoyable enjoyable service amazing fantastic service enjoyable location amazing pleasant service enjoyable recommended hotel location location amazing enjoyable hotel experience experience fantastic pleasant pleasant experience experience fantastic recommended,Positive
CUST1447,Bangalore,Web,4,trip experience pleasant experience fantastic fantastic experience service pleasant hotel pleasant trip hotel fantastic service room location room stay hotel amazing location experience enjoyable room location amazing enjoyable amazing location enjoyable pleasant location pleasant experience service pleasant enjoyable trip fantastic trip trip stay amazing amazing amazing enjoyable trip amazing stay hotel experience service experience room trip pleasant experience pleasant hotel pleasant room hotel service enjoyable location amazing amazing amazing room service amazing experience fantastic room hotel experience trip hotel trip experience amazing fantastic amazing enjoyable location hotel stay stay room amazing trip fantastic location hotel room pleasant enjoyable pleasant amazing stay amazing trip room trip pleasant amazing amazing location stay hotel stay amazing hotel stay pleasant enjoyable fantastic amazing stay experience enjoyable pleasant amazing amazing amazing amazing trip pleasant room hotel pleasant enjoyable experience service enjoyable stay amazing amazing fantastic experience room room service location amazing room stay pleasant experience pleasant trip fantastic stay service hotel fantastic room experience pleasant experience hotel hotel fantastic amazing experience room location experience experience pleasant amazing fantastic experience pleasant location experience pleasant enjoyable room hotel location experience room room enjoyable fantastic fantastic location enjoyable amazing trip location enjoyable enjoyable room room,Positive
CUST1448,Goa,App,4,experience service fantastic recommended recommended room stay recommended fantastic trip fantastic stay room room fantastic hotel room recommended stay recommended hotel fantastic service experience stay recommended trip stay service location room amazing room service trip experience amazing amazing recommended trip fantastic hotel,Positive
CUST1449,Delhi,App,1,stay poor trip poor service poor poor room poor not recommended experience experience experience trip experience trip poor location not recommended hotel trip stay poor stay experience bad room trip hotel poor terrible trip experience bad hotel room poor bad poor bad not recommended stay bad hotel stay service trip trip not recommended poor stay experience trip location terrible location not recommended stay terrible service room stay poor service trip not recommended,Negative
CUST1450,Mumbai,App,4,great service amazing hotel service service experience service hotel great service location hotel location experience experience location amazing hotel location amazing recommended stay trip stay amazing enjoyable enjoyable recommended service service location stay amazing experience location,Positive
CUST1451,Delhi,Web,4,room location amazing hotel fantastic amazing stay amazing stay service location service fantastic room experience location service great service experience trip room great service experience trip service amazing room trip experience room location stay location trip service fantastic stay fantastic amazing experience service hotel enjoyable service location amazing stay fantastic enjoyable amazing room stay fantastic location stay,Positive
CUST1452,Bangalore,App,3,decent experience moderate hotel average stay average stay acceptable location experience stay average room service trip average location moderate trip hotel location decent average experience trip average room acceptable moderate hotel acceptable hotel trip moderate service average hotel experience experience moderate stay experience trip hotel acceptable stay stay moderate service average experience decent experience stay average stay room decent acceptable service,Neutral
CUST1453,Delhi,Web,1,service experience not recommended location experience trip poor trip room trip terrible room location unpleasant terrible service stay terrible unpleasant location terrible trip experience not recommended room not recommended unpleasant hotel stay trip service service not recommended location service trip service not recommended hotel location poor terrible poor not recommended poor room unpleasant poor trip not recommended location not recommended stay poor poor poor service not recommended not recommended poor poor trip room service service room hotel trip room stay hotel trip unpleasant terrible room not recommended service hotel trip room unpleasant not recommended hotel hotel service not recommended unpleasant location unpleasant poor service location service room experience not recommended poor trip stay experience experience trip not recommended unpleasant experience poor poor poor unpleasant stay service stay trip hotel trip service service trip room experience poor poor service poor terrible terrible poor poor unpleasant trip hotel hotel,Negative
CUST1454,Goa,Web,5,amazing hotel great service room stay hotel amazing experience enjoyable great service great service stay location fantastic room hotel experience great service trip enjoyable amazing trip service enjoyable amazing location fantastic great service fantastic enjoyable experience fantastic trip fantastic,Positive
CUST1455,Bangalore,App,5,pleasant fantastic experience hotel room stay fantastic fantastic recommended pleasant stay fantastic recommended experience amazing room service service fantastic pleasant stay pleasant experience fantastic fantastic amazing location trip stay fantastic location service experience room hotel hotel recommended fantastic amazing service service stay experience service enjoyable enjoyable service location enjoyable hotel fantastic stay location recommended location experience experience room trip fantastic stay stay hotel enjoyable recommended pleasant trip service fantastic experience room hotel hotel experience service trip enjoyable fantastic recommended amazing room amazing fantastic fantastic room stay location trip location stay hotel trip recommended hotel enjoyable experience enjoyable fantastic recommended location amazing room fantastic location pleasant location trip location stay stay hotel trip location pleasant trip recommended fantastic enjoyable experience experience room amazing fantastic location,Positive
CUST1456,Jaipur,App,3,hotel experience room decent trip decent location experience hotel location decent trip location decent service hotel decent location decent decent trip location hotel room hotel room room hotel decent trip experience service trip service experience hotel average trip stay decent service decent trip decent hotel average service hotel decent location experience hotel average stay trip average decent experience room decent decent service hotel trip service experience decent decent acceptable acceptable decent acceptable average acceptable room acceptable service decent decent trip experience room trip decent decent stay decent experience hotel hotel average average room experience decent room room trip service decent experience service average,Neutral
CUST1457,Delhi,Web,3,moderate hotel acceptable moderate moderate experience moderate moderate hotel location okay okay hotel acceptable okay decent service decent decent location moderate okay acceptable decent hotel trip moderate location decent acceptable room hotel room service location hotel trip location okay location service decent hotel location acceptable experience okay room moderate hotel decent decent room experience moderate experience hotel decent location service decent okay decent acceptable service okay service trip trip decent moderate acceptable experience decent hotel decent location service service hotel experience hotel room moderate hotel moderate decent hotel location service acceptable moderate decent acceptable hotel service service acceptable trip room okay okay location moderate decent decent room service location service stay service hotel stay room stay room trip service experience hotel service acceptable service okay hotel trip service decent hotel moderate hotel trip room acceptable experience moderate trip trip decent okay acceptable okay room experience acceptable hotel experience stay trip location trip room service decent moderate hotel decent moderate trip room hotel trip room trip moderate decent decent decent experience decent stay acceptable acceptable hotel experience stay,Neutral
CUST1458,Mumbai,App,4,pleasant pleasant amazing pleasant location experience hotel amazing service service room pleasant service great service location room great service service hotel amazing amazing pleasant recommended recommended service pleasant great service pleasant service room service amazing hotel amazing trip hotel location stay room location location pleasant stay great service great service pleasant great service hotel pleasant amazing amazing hotel trip hotel hotel room experience recommended stay fantastic hotel room location amazing stay room location fantastic hotel pleasant amazing room experience,Positive
CUST1459,Goa,App,5,amazing amazing amazing experience service hotel amazing location great service amazing great service amazing amazing great service amazing great service amazing room recommended trip hotel amazing service stay amazing amazing amazing trip experience stay recommended location service great service great service hotel hotel great service amazing recommended amazing experience room service stay experience location recommended hotel trip stay great service recommended service recommended amazing room amazing hotel recommended great service trip amazing experience service location amazing location amazing amazing service trip experience recommended experience amazing recommended hotel amazing great service amazing experience room location recommended recommended room amazing hotel service amazing stay trip hotel amazing recommended recommended location amazing great service,Positive
CUST1460,Bangalore,App,5,room experience trip enjoyable fantastic fantastic fantastic fantastic location fantastic recommended room experience fantastic service enjoyable trip great service trip recommended fantastic location hotel fantastic room fantastic room room enjoyable enjoyable service enjoyable enjoyable stay recommended room fantastic great service enjoyable fantastic experience location recommended service fantastic service great service fantastic fantastic trip trip recommended enjoyable recommended stay fantastic recommended recommended recommended experience fantastic service experience experience trip recommended service fantastic fantastic stay trip hotel location service location great service service fantastic stay hotel room recommended trip fantastic fantastic fantastic location great service recommended hotel recommended enjoyable fantastic trip recommended fantastic fantastic great service,Positive
CUST1461,Mumbai,App,3,experience room decent experience location room decent trip room average room hotel average location trip location service stay average average average average experience stay room stay trip okay okay location decent location room average average service room average average experience average location room service average average okay decent hotel service okay location decent hotel average stay room experience average room trip stay trip trip okay hotel service experience average decent stay decent average experience location stay room hotel hotel average trip stay average stay experience service decent service trip okay experience location room stay room room room average stay room room average average experience room room decent decent experience average service stay average service average average trip room trip hotel trip stay decent stay experience stay decent hotel average trip trip average service average average room stay stay okay service average experience location hotel service service average trip trip decent experience room hotel trip service decent experience room average experience hotel decent room average stay room hotel average service average experience location decent room okay trip service stay okay hotel hotel location average average room location room average average average average hotel decent average,Neutral
CUST1462,Mumbai,App,5,experience trip hotel stay fantastic fantastic service great service enjoyable trip location enjoyable stay enjoyable service great service room enjoyable enjoyable experience service enjoyable great service fantastic enjoyable enjoyable room great service stay fantastic stay enjoyable enjoyable fantastic stay location service great service room experience enjoyable fantastic location location fantastic service location enjoyable stay great service service trip experience fantastic room service room trip experience fantastic location fantastic room hotel enjoyable trip stay hotel experience experience fantastic hotel stay experience great service enjoyable enjoyable great service hotel fantastic room enjoyable fantastic fantastic service enjoyable room experience trip great service hotel enjoyable stay enjoyable stay enjoyable enjoyable location stay room fantastic hotel experience enjoyable stay room enjoyable experience enjoyable service trip enjoyable enjoyable enjoyable enjoyable great service enjoyable service fantastic trip enjoyable great service fantastic room enjoyable enjoyable enjoyable fantastic room enjoyable stay trip fantastic room trip service location fantastic enjoyable experience fantastic service stay hotel location experience stay stay room experience room stay great service room room stay enjoyable room hotel enjoyable hotel fantastic enjoyable enjoyable great service great service experience trip great service location location enjoyable enjoyable location trip enjoyable fantastic experience fantastic service stay experience fantastic hotel service room fantastic enjoyable,Positive
CUST1463,Mumbai,Web,4,great service great service great service amazing amazing amazing amazing amazing great service location hotel great service enjoyable experience hotel pleasant service stay hotel pleasant trip amazing great service trip service recommended pleasant trip great service recommended amazing location hotel experience enjoyable amazing amazing great service trip pleasant great service enjoyable experience hotel great service amazing stay hotel experience trip amazing amazing pleasant hotel service trip amazing great service room amazing pleasant room enjoyable stay amazing recommended amazing amazing hotel location room stay stay trip recommended recommended service amazing stay location great service enjoyable hotel location pleasant trip amazing hotel stay experience pleasant great service enjoyable enjoyable amazing stay pleasant location experience room amazing hotel service enjoyable hotel stay amazing stay stay hotel amazing pleasant stay trip great service service amazing location stay trip trip amazing enjoyable location amazing trip amazing stay experience trip room great service enjoyable room great service enjoyable recommended amazing service amazing location hotel stay hotel enjoyable stay experience trip location great service experience trip trip recommended pleasant great service room hotel hotel experience location hotel experience amazing pleasant trip service amazing enjoyable service trip,Positive
CUST1464,Bangalore,Web,3,location trip decent decent decent service service room okay service decent location service okay okay average okay location stay decent trip stay service okay trip stay hotel average location hotel decent room decent room average stay decent average location decent average room average average service average stay service average average stay hotel location location average okay okay hotel okay location trip location room room stay okay location okay okay service okay decent okay hotel average hotel room experience service decent service hotel location decent hotel location location service okay experience location room okay okay stay experience okay trip okay average average room experience stay location service location experience average decent average trip trip okay location stay stay service stay average hotel average hotel stay trip service average hotel average decent experience location decent okay trip room hotel decent okay room decent okay average experience average decent hotel experience room trip location average hotel trip experience trip average hotel okay average location okay room hotel location average okay location service average location okay average trip okay room experience experience stay hotel decent decent average room okay stay experience stay,Neutral
CUST1465,Bangalore,App,1,service room terrible trip trip stay experience location location service stay trip hotel terrible stay poor room service room experience trip stay trip poor room poor hotel poor location location stay terrible poor location terrible experience service service not recommended hotel poor poor location poor stay poor terrible service not recommended hotel experience experience stay poor not recommended stay terrible trip terrible service terrible poor poor trip poor terrible poor poor poor service hotel poor poor experience poor terrible service poor service trip stay trip poor not recommended poor room poor terrible hotel stay poor room service poor not recommended stay poor poor poor terrible hotel stay trip hotel trip hotel room terrible trip service not recommended stay poor not recommended hotel experience poor room location poor experience not recommended location poor stay hotel experience location room service terrible terrible room trip not recommended trip poor not recommended poor terrible poor stay hotel service trip not recommended terrible poor poor room stay poor not recommended terrible service hotel terrible not recommended stay experience stay poor stay stay poor room service room room terrible experience not recommended experience poor hotel experience terrible poor terrible hotel hotel terrible room hotel terrible room poor terrible room experience experience terrible terrible hotel hotel poor stay,Negative
CUST1466,Delhi,Web,3,stay decent decent decent experience decent room decent location trip moderate hotel experience decent hotel service experience moderate hotel hotel stay location experience experience decent trip decent decent hotel room trip hotel trip decent decent experience experience location experience moderate trip location room decent room moderate room decent location decent location room experience trip service hotel moderate decent decent decent decent moderate service trip hotel trip decent decent room room room decent decent decent room decent decent experience moderate stay decent hotel experience service trip trip stay stay decent moderate decent service service decent location moderate service decent room decent trip moderate location hotel decent experience trip moderate moderate hotel moderate decent decent experience location moderate moderate experience decent stay hotel hotel decent room service moderate decent experience stay decent decent decent trip decent room decent room experience service moderate decent service decent decent service stay experience service location location stay decent moderate decent service room service stay moderate room room service location decent decent decent hotel moderate decent decent moderate service decent,Neutral
CUST1467,Goa,App,4,experience great service hotel great service amazing service amazing recommended great service pleasant room location service room pleasant recommended trip recommended amazing trip trip pleasant amazing recommended great service stay recommended great service stay recommended recommended,Positive
CUST1468,Goa,App,5,fantastic service pleasant experience stay pleasant fantastic service fantastic fantastic stay pleasant hotel location service hotel experience fantastic hotel room pleasant pleasant fantastic location pleasant room great service fantastic great service fantastic fantastic experience experience room fantastic experience trip hotel location service fantastic enjoyable service experience experience service great service experience pleasant great service enjoyable room recommended location service fantastic enjoyable room experience fantastic pleasant great service enjoyable enjoyable fantastic pleasant great service stay trip location hotel room recommended service enjoyable recommended experience fantastic service enjoyable room recommended hotel pleasant enjoyable room location recommended room enjoyable enjoyable experience location pleasant location trip recommended pleasant room location fantastic trip hotel trip room room pleasant trip pleasant experience pleasant pleasant stay service location stay fantastic great service room service pleasant fantastic trip pleasant fantastic fantastic trip experience recommended trip experience hotel pleasant experience great service recommended fantastic recommended hotel trip hotel room room recommended experience room great service trip location trip fantastic trip experience recommended hotel service enjoyable fantastic enjoyable fantastic service fantastic room,Positive
CUST1469,Bangalore,App,4,recommended service enjoyable experience trip experience trip service experience enjoyable service amazing enjoyable enjoyable trip experience enjoyable experience fantastic recommended enjoyable experience service amazing service hotel enjoyable amazing recommended trip enjoyable recommended service enjoyable enjoyable experience service fantastic hotel recommended hotel amazing room experience experience experience experience amazing trip enjoyable trip amazing hotel enjoyable fantastic stay enjoyable experience hotel room trip enjoyable trip fantastic stay fantastic enjoyable hotel enjoyable service hotel amazing location room enjoyable location enjoyable stay amazing fantastic enjoyable hotel enjoyable enjoyable service room service hotel recommended enjoyable experience location enjoyable fantastic enjoyable trip stay room enjoyable hotel location location recommended room hotel enjoyable room trip stay hotel trip enjoyable recommended room service trip amazing room location recommended recommended recommended enjoyable enjoyable amazing hotel enjoyable location enjoyable amazing room enjoyable service trip service recommended enjoyable location room enjoyable room fantastic stay location recommended,Positive
CUST1470,Goa,App,5,amazing location service experience service location room amazing hotel great service great service service amazing amazing great service hotel trip hotel great service great service room trip hotel trip amazing stay amazing location great service room stay great service amazing great service stay room trip trip great service stay amazing experience room trip service amazing stay amazing room great service service amazing stay location amazing amazing amazing great service great service amazing service stay great service great service stay room amazing hotel trip location great service hotel amazing service service service experience amazing hotel amazing great service amazing great service trip trip amazing amazing great service amazing amazing great service great service stay great service amazing experience room great service room amazing hotel hotel stay room great service,Positive
CUST1471,Mumbai,Web,3,moderate location service stay location room location moderate okay experience moderate average okay average average service average okay average okay okay room service stay okay location experience room okay location okay okay okay trip location service okay stay location hotel average location hotel okay location moderate trip okay location okay service stay okay okay okay okay room service trip room stay average moderate okay okay experience average stay average location moderate location moderate okay okay average room stay room hotel moderate service hotel stay hotel okay okay okay experience trip moderate service okay okay experience location experience trip okay average service moderate hotel trip stay stay service hotel okay experience moderate average hotel service moderate room service okay experience moderate okay average moderate stay okay hotel okay location stay hotel experience trip okay moderate okay hotel location experience okay average hotel okay location okay okay stay trip okay moderate moderate stay okay experience room moderate okay okay hotel hotel,Neutral
CUST1472,Goa,App,5,stay fantastic service service recommended room amazing recommended location stay location trip hotel room recommended location service location room service service pleasant experience trip room fantastic fantastic trip amazing hotel service pleasant fantastic stay amazing trip room fantastic location recommended location amazing experience trip trip experience experience amazing service amazing amazing stay fantastic trip trip experience room experience amazing pleasant amazing location amazing stay,Positive
CUST1473,Mumbai,Web,4,location trip enjoyable great service location great service service room hotel stay recommended recommended great service hotel hotel room enjoyable location enjoyable stay enjoyable location location great service service experience enjoyable enjoyable stay amazing location great service stay location stay hotel hotel experience amazing experience enjoyable enjoyable stay enjoyable recommended great service experience amazing location trip enjoyable experience enjoyable service room great service location stay amazing trip recommended location great service recommended recommended amazing stay enjoyable service amazing service great service recommended location room amazing service room enjoyable amazing recommended recommended stay stay room room trip room great service amazing enjoyable stay great service hotel experience location recommended experience service enjoyable experience stay recommended recommended stay,Positive
CUST1474,Jaipur,App,4,fantastic room great service stay service experience great service amazing location fantastic experience experience service stay stay enjoyable room trip experience great service fantastic location fantastic experience trip fantastic fantastic amazing trip fantastic hotel enjoyable service location service trip experience fantastic hotel great service great service great service location amazing stay fantastic experience amazing hotel amazing great service hotel great service location service service amazing stay location great service location service experience great service service stay fantastic fantastic room room location,Positive
CUST1475,Mumbai,App,5,stay fantastic recommended experience recommended room fantastic location room fantastic recommended fantastic hotel trip pleasant experience location recommended recommended experience recommended experience recommended room experience recommended trip service trip hotel fantastic experience location stay trip pleasant location service experience fantastic pleasant trip location experience hotel recommended pleasant location service trip recommended stay recommended recommended fantastic recommended fantastic room pleasant recommended pleasant recommended service recommended stay recommended recommended fantastic hotel fantastic trip trip pleasant fantastic room trip room experience recommended service fantastic room fantastic fantastic experience service fantastic trip service recommended fantastic service service room recommended fantastic hotel trip trip recommended fantastic room experience recommended location recommended experience recommended service fantastic location experience service room hotel pleasant recommended stay pleasant pleasant recommended fantastic recommended trip trip fantastic trip pleasant recommended trip room recommended fantastic recommended experience trip fantastic pleasant recommended recommended service trip recommended location pleasant experience stay hotel recommended experience stay location stay hotel pleasant recommended trip service stay experience room location trip pleasant trip recommended fantastic recommended fantastic pleasant recommended service experience hotel recommended location recommended,Positive
CUST1476,Jaipur,App,1,bad service bad stay location bad poor bad bad room service location experience experience bad bad trip hotel not recommended location hotel hotel trip service trip not recommended experience hotel room bad poor stay service bad bad not recommended service bad service service poor bad poor hotel room experience location room bad hotel room poor poor bad hotel location stay bad trip room location poor bad service bad not recommended room room experience location stay location bad poor bad stay hotel bad hotel hotel hotel experience experience experience hotel hotel location bad location poor poor room bad not recommended experience location poor bad not recommended experience hotel bad bad location not recommended bad experience hotel trip trip service poor stay experience service bad bad service poor experience bad experience poor bad not recommended trip trip experience hotel experience poor room not recommended bad service hotel trip not recommended bad room service service stay location bad service service location room trip service service room,Negative
CUST1477,Bangalore,App,4,amazing recommended pleasant pleasant amazing hotel pleasant fantastic recommended trip trip service stay recommended recommended stay experience trip location location amazing stay trip experience room room hotel stay experience experience recommended room location fantastic trip service fantastic fantastic hotel recommended location fantastic pleasant pleasant fantastic pleasant trip service room fantastic experience amazing trip fantastic hotel location fantastic trip amazing fantastic experience pleasant fantastic pleasant fantastic amazing service experience recommended recommended stay amazing pleasant trip fantastic hotel pleasant stay service location recommended stay fantastic trip fantastic recommended room stay service amazing fantastic fantastic fantastic hotel experience room service stay pleasant hotel location fantastic hotel fantastic service fantastic experience fantastic hotel fantastic room pleasant experience location stay stay trip hotel fantastic trip trip trip amazing stay stay fantastic room fantastic room fantastic fantastic location amazing fantastic hotel hotel stay hotel location pleasant room experience stay fantastic hotel pleasant recommended location stay,Positive
CUST1478,Goa,App,4,experience enjoyable great service recommended pleasant experience stay trip trip stay location pleasant location amazing amazing room stay great service service location room location recommended stay trip hotel amazing amazing great service trip recommended experience amazing trip amazing trip trip location location amazing recommended amazing experience amazing hotel trip location trip enjoyable great service pleasant amazing stay location recommended amazing great service amazing experience great service recommended pleasant trip amazing hotel hotel amazing amazing recommended hotel experience stay service enjoyable service amazing stay hotel recommended room amazing pleasant experience hotel great service hotel service location stay enjoyable experience great service experience service hotel experience amazing location hotel trip stay service trip location experience recommended location enjoyable amazing pleasant recommended pleasant stay amazing room amazing great service pleasant hotel hotel location location enjoyable recommended pleasant amazing enjoyable stay stay amazing enjoyable amazing experience experience experience amazing trip trip great service hotel stay hotel hotel pleasant service amazing,Positive
CUST1479,Bangalore,App,2,trip bad trip terrible experience terrible not recommended trip experience trip hotel room bad stay unpleasant poor poor not recommended experience bad service not recommended room location poor location service terrible trip experience experience hotel poor poor poor hotel not recommended experience service service experience experience room not recommended not recommended experience experience trip poor service stay experience trip terrible terrible service experience room bad hotel location stay stay location poor bad room bad terrible trip bad room hotel stay service unpleasant not recommended stay hotel not recommended room service bad location room room not recommended room experience poor unpleasant terrible location room experience poor trip bad bad service terrible room poor poor trip not recommended trip hotel room poor experience stay not recommended not recommended stay hotel stay unpleasant hotel bad not recommended experience room experience experience bad room experience terrible not recommended not recommended terrible room bad terrible room room unpleasant trip location service bad experience experience poor bad room hotel bad trip terrible hotel bad terrible poor trip location poor hotel not recommended service,Negative
CUST1480,Bangalore,App,5,stay stay fantastic service fantastic room experience great service location recommended experience fantastic stay stay pleasant recommended fantastic pleasant pleasant trip recommended recommended experience room service trip fantastic trip service recommended great service room service fantastic recommended great service recommended experience recommended fantastic room hotel room stay hotel location location trip room hotel location fantastic location hotel pleasant fantastic stay location room location room trip pleasant hotel great service hotel fantastic recommended hotel fantastic recommended location pleasant room hotel experience great service fantastic pleasant room fantastic hotel hotel recommended pleasant hotel stay trip fantastic hotel fantastic room room hotel stay trip experience experience stay pleasant great service pleasant location location trip location room pleasant experience recommended service fantastic experience service trip service hotel room recommended location hotel pleasant trip fantastic fantastic location service fantastic pleasant recommended service fantastic,Positive
CUST1481,Delhi,Web,5,pleasant enjoyable pleasant location hotel room location pleasant fantastic stay hotel fantastic fantastic trip enjoyable trip stay stay pleasant pleasant hotel,Positive
CUST1482,Jaipur,Web,2,unpleasant terrible not recommended stay hotel trip service unpleasant terrible room terrible terrible terrible trip trip terrible terrible experience service location bad hotel terrible room trip not recommended not recommended not recommended terrible not recommended trip unpleasant bad unpleasant terrible unpleasant experience unpleasant location room service stay unpleasant experience not recommended location location hotel terrible location experience terrible hotel service stay bad terrible hotel experience experience trip bad trip unpleasant terrible bad bad terrible trip stay location terrible service terrible room not recommended terrible unpleasant not recommended room stay room hotel experience stay location hotel hotel trip stay unpleasant room not recommended unpleasant terrible not recommended terrible unpleasant service hotel experience hotel bad not recommended trip experience hotel experience service not recommended stay experience room terrible not recommended room room trip experience bad service terrible service experience location service stay room experience bad unpleasant hotel room service stay service trip room room room terrible hotel room service service location unpleasant,Negative
CUST1483,Jaipur,Web,4,service fantastic experience room fantastic hotel fantastic amazing stay trip fantastic pleasant fantastic fantastic service pleasant amazing trip fantastic experience amazing hotel hotel pleasant hotel fantastic stay fantastic amazing pleasant pleasant hotel amazing room service fantastic pleasant pleasant experience amazing amazing hotel pleasant hotel,Positive
CUST1484,Goa,Web,3,okay decent hotel acceptable service decent hotel moderate average hotel decent okay acceptable experience trip room okay hotel moderate acceptable trip okay stay hotel trip experience trip decent experience stay service okay service okay hotel room experience moderate experience average okay service stay acceptable service location decent experience trip average hotel decent moderate decent service experience trip trip service location moderate service room stay moderate average location stay service trip moderate moderate moderate average experience experience okay room decent stay service average decent average location okay acceptable trip hotel experience decent service moderate acceptable okay location okay location decent stay hotel service room acceptable okay acceptable trip experience decent decent location moderate moderate trip experience stay okay stay hotel experience trip experience service location location acceptable hotel location hotel average hotel room location location average service acceptable location moderate trip trip experience average hotel acceptable room hotel average average average okay room acceptable moderate okay experience trip okay experience trip experience moderate service trip stay location okay location decent acceptable trip trip stay decent moderate hotel room hotel moderate average location stay location trip service decent stay service stay,Neutral
CUST1485,Delhi,Web,4,recommended enjoyable pleasant stay amazing experience service service recommended enjoyable recommended location experience stay recommended pleasant stay amazing service amazing service location recommended pleasant recommended trip recommended recommended recommended pleasant recommended stay hotel trip room pleasant service pleasant room room experience enjoyable enjoyable room trip amazing enjoyable pleasant location hotel experience recommended location location hotel amazing stay enjoyable trip amazing pleasant enjoyable location enjoyable recommended service hotel service hotel recommended,Positive
CUST1486,Jaipur,Web,5,hotel enjoyable recommended experience enjoyable hotel stay recommended great service recommended hotel experience experience recommended recommended trip amazing room experience hotel room trip recommended location amazing trip enjoyable enjoyable trip experience trip service experience hotel location great service amazing trip enjoyable experience experience trip trip hotel recommended location hotel recommended recommended hotel service great service service great service recommended recommended service enjoyable enjoyable room recommended enjoyable hotel recommended recommended trip hotel recommended hotel great service service experience trip hotel experience recommended room enjoyable experience stay recommended experience experience trip hotel great service service recommended amazing service enjoyable stay room location hotel enjoyable service hotel service experience enjoyable experience room enjoyable enjoyable stay location amazing enjoyable experience location recommended experience location experience recommended room recommended hotel great service amazing great service hotel hotel great service experience enjoyable experience recommended enjoyable stay great service enjoyable trip great service stay recommended recommended recommended recommended experience recommended trip experience stay recommended recommended recommended amazing trip service location stay service stay experience stay great service enjoyable experience recommended great service recommended great service location amazing location amazing recommended experience trip room trip room experience amazing trip room experience great service enjoyable trip recommended service location enjoyable enjoyable stay enjoyable stay location service amazing location trip experience,Positive
CUST1487,Jaipur,Web,5,service recommended enjoyable service recommended pleasant recommended hotel stay enjoyable pleasant hotel pleasant trip recommended service pleasant location trip recommended experience pleasant enjoyable pleasant enjoyable hotel enjoyable enjoyable pleasant pleasant pleasant room service location hotel stay hotel enjoyable enjoyable experience stay recommended enjoyable enjoyable pleasant experience enjoyable enjoyable pleasant enjoyable location enjoyable hotel stay stay stay pleasant enjoyable enjoyable recommended recommended trip stay experience location trip pleasant,Positive
CUST1488,Delhi,App,5,trip location recommended enjoyable location enjoyable hotel recommended experience enjoyable recommended hotel experience service experience room service recommended recommended recommended enjoyable recommended stay hotel experience recommended recommended recommended recommended recommended hotel recommended recommended location hotel enjoyable service enjoyable pleasant service room hotel location experience enjoyable experience recommended stay recommended recommended enjoyable stay hotel service stay enjoyable pleasant room experience service stay recommended enjoyable enjoyable stay experience recommended enjoyable service room recommended trip pleasant stay recommended hotel stay service recommended recommended location recommended,Positive
CUST1489,Goa,App,4,room stay fantastic recommended room room pleasant recommended hotel hotel great service service location recommended fantastic recommended experience trip recommended hotel hotel stay fantastic service recommended pleasant great service fantastic experience room pleasant hotel service pleasant recommended trip service recommended stay location great service recommended experience stay trip pleasant recommended service recommended recommended trip experience great service fantastic fantastic hotel location recommended location great service enjoyable stay enjoyable service stay stay stay enjoyable experience room experience location fantastic pleasant fantastic service pleasant service location enjoyable enjoyable location experience recommended trip great service hotel hotel hotel trip experience pleasant trip trip service great service experience recommended fantastic enjoyable recommended great service enjoyable experience hotel great service location recommended enjoyable recommended recommended service great service location location location experience service great service experience hotel stay hotel stay great service trip stay recommended location trip fantastic experience experience pleasant recommended location pleasant location trip service recommended fantastic enjoyable pleasant enjoyable experience pleasant recommended trip recommended trip recommended experience hotel hotel service stay enjoyable recommended recommended room hotel trip experience enjoyable room enjoyable room enjoyable service pleasant,Positive
CUST1490,Delhi,Web,1,unpleasant unpleasant not recommended hotel terrible unpleasant unpleasant room not recommended experience unpleasant experience unpleasant not recommended stay terrible experience hotel unpleasant stay terrible trip unpleasant hotel service unpleasant location unpleasant hotel unpleasant unpleasant trip terrible trip location unpleasant hotel unpleasant not recommended stay location hotel stay location trip experience location unpleasant experience not recommended not recommended unpleasant hotel stay unpleasant not recommended location room stay,Negative
CUST1491,Goa,Web,1,poor hotel trip trip service stay service hotel not recommended poor service service stay not recommended stay stay poor trip service room not recommended poor location service location terrible poor trip not recommended hotel trip service location poor poor location hotel service experience poor poor location poor not recommended stay not recommended room terrible service service poor trip not recommended trip room experience not recommended terrible poor not recommended hotel poor hotel room stay room stay terrible experience poor location terrible not recommended room not recommended terrible stay service hotel stay terrible trip terrible poor stay service experience room poor experience experience not recommended location hotel poor trip hotel poor poor service stay trip location hotel poor terrible terrible hotel service service service experience location not recommended not recommended hotel experience poor service hotel experience not recommended poor service experience terrible stay room hotel terrible not recommended stay not recommended experience location poor experience terrible terrible not recommended location terrible poor room experience service not recommended stay room service hotel poor poor room terrible location experience terrible room terrible poor terrible location service experience room terrible experience poor room poor not recommended service location hotel experience stay location poor location poor poor experience poor location stay poor room terrible service experience poor hotel terrible experience stay,Negative
CUST1492,Bangalore,App,3,decent hotel room location trip decent experience stay experience okay stay moderate moderate stay moderate room decent location room trip experience trip room experience decent decent location location okay room location moderate trip service decent decent moderate decent moderate hotel location stay moderate stay experience moderate trip experience trip location trip moderate trip room trip location location experience okay experience stay experience decent experience decent decent location decent moderate moderate decent okay moderate okay experience location trip moderate room experience decent room hotel decent okay location service okay decent room trip okay experience decent moderate service experience okay moderate experience okay stay hotel okay trip service hotel room decent decent room trip trip decent moderate stay trip okay moderate room moderate decent experience okay decent location trip service experience okay decent location moderate moderate trip hotel room room experience room moderate decent moderate experience moderate location moderate room decent room decent trip decent okay stay moderate decent decent moderate trip okay room location moderate location moderate moderate decent experience experience experience trip room hotel stay service moderate okay service hotel room service experience room service service stay,Neutral
CUST1493,Delhi,App,3,hotel moderate moderate hotel acceptable trip trip service service acceptable moderate location room moderate acceptable stay acceptable location hotel trip location hotel moderate okay service service acceptable okay moderate acceptable stay okay trip acceptable acceptable hotel hotel moderate experience trip acceptable hotel acceptable acceptable acceptable stay hotel experience stay experience moderate moderate okay service okay experience moderate moderate location acceptable stay acceptable location moderate okay experience experience location trip trip trip hotel location acceptable moderate hotel room hotel acceptable okay room stay stay experience hotel moderate location moderate acceptable moderate location moderate location moderate room hotel acceptable experience,Neutral
CUST1494,Jaipur,App,4,pleasant room pleasant service recommended pleasant room hotel recommended trip pleasant trip recommended pleasant location room stay recommended service service stay stay pleasant pleasant recommended hotel pleasant trip location hotel location recommended room location service great service hotel stay location great service great service recommended great service amazing location pleasant hotel pleasant great service pleasant experience pleasant service hotel great service hotel experience great service amazing room great service stay recommended pleasant great service pleasant hotel amazing great service service stay amazing great service stay pleasant hotel recommended pleasant service location trip recommended service recommended location amazing pleasant great service recommended amazing service amazing trip hotel pleasant recommended service location pleasant service room experience pleasant trip recommended pleasant great service location location amazing room pleasant room trip great service stay stay service experience recommended room hotel pleasant trip recommended pleasant trip amazing room experience pleasant recommended pleasant service amazing location pleasant recommended amazing stay trip recommended stay service stay room recommended pleasant trip room recommended amazing experience recommended recommended recommended great service stay recommended recommended amazing great service room hotel amazing great service trip location recommended experience trip location hotel great service amazing,Positive
CUST1495,Mumbai,Web,3,room moderate trip trip moderate moderate okay location moderate decent location experience moderate location hotel decent okay experience location service room service moderate decent okay moderate service location experience moderate decent experience hotel trip moderate trip okay moderate okay trip experience hotel okay service okay moderate stay moderate okay trip moderate moderate trip decent moderate decent service moderate service location trip location okay stay experience room stay moderate service decent moderate moderate moderate trip decent service trip service location location moderate room decent okay hotel stay moderate service moderate service location hotel stay service service experience okay okay moderate moderate location experience experience location hotel decent hotel moderate moderate service location room stay okay room experience moderate room service service moderate location decent trip stay moderate moderate moderate stay trip room experience hotel hotel,Neutral
CUST1496,Mumbai,App,4,room pleasant fantastic stay stay room stay hotel experience amazing fantastic pleasant location hotel fantastic recommended amazing service trip amazing experience recommended room amazing fantastic amazing recommended recommended amazing amazing amazing trip service room service hotel fantastic service service location location amazing recommended location recommended recommended pleasant experience recommended stay recommended room trip location recommended experience amazing fantastic amazing trip amazing stay stay pleasant amazing amazing room experience service stay service stay trip experience recommended room recommended location stay recommended pleasant service experience pleasant trip amazing fantastic room hotel stay experience pleasant recommended trip trip stay pleasant recommended hotel stay experience amazing experience amazing service fantastic recommended room recommended location amazing service trip stay recommended amazing fantastic stay amazing amazing recommended recommended experience recommended amazing amazing amazing location stay location amazing service amazing recommended recommended experience stay fantastic room hotel fantastic,Positive
CUST1497,Delhi,App,1,stay terrible trip unpleasant experience trip trip trip unpleasant room trip room terrible trip location location location poor poor poor bad unpleasant terrible unpleasant poor bad room terrible trip service service unpleasant location location service terrible bad room bad bad trip unpleasant unpleasant bad poor poor terrible bad poor room bad trip experience room poor terrible hotel room service bad terrible stay hotel bad location location poor terrible service bad terrible experience location poor experience location experience experience location terrible bad terrible experience room terrible terrible location terrible location terrible bad experience service location trip trip service stay stay room bad hotel stay service location bad poor stay service poor experience experience terrible stay experience experience bad poor experience hotel service stay location trip service service terrible terrible trip terrible service hotel hotel location location room bad bad bad stay experience unpleasant trip hotel experience experience terrible unpleasant unpleasant location service bad bad location hotel stay location trip hotel trip service unpleasant bad unpleasant trip bad terrible hotel location stay trip hotel hotel location hotel poor trip trip,Negative
CUST1498,Mumbai,App,5,stay enjoyable experience experience experience great service hotel recommended hotel enjoyable location enjoyable location enjoyable great service great service trip enjoyable enjoyable hotel stay great service stay great service trip stay location experience experience service recommended trip trip trip great service great service location service hotel trip great service experience enjoyable room enjoyable stay trip hotel location hotel enjoyable experience stay recommended enjoyable location service enjoyable experience great service service recommended enjoyable trip hotel great service stay recommended service enjoyable room room stay hotel hotel hotel enjoyable recommended great service recommended experience enjoyable hotel recommended room room trip room service enjoyable great service service enjoyable great service service great service great service service great service service enjoyable location enjoyable recommended great service great service room trip experience recommended enjoyable trip service room enjoyable enjoyable great service great service enjoyable great service experience trip stay trip great service enjoyable experience hotel room enjoyable hotel experience experience great service great service experience trip location room room service recommended great service hotel location service recommended hotel experience room enjoyable great service enjoyable great service service recommended great service great service experience experience location stay room trip recommended recommended room enjoyable stay room enjoyable trip trip enjoyable great service enjoyable experience great service service enjoyable great service room recommended room room enjoyable stay enjoyable location service recommended enjoyable great service experience trip location stay trip,Positive
CUST1499,Delhi,Web,5,enjoyable great service enjoyable experience great service trip enjoyable experience location amazing hotel room amazing trip experience recommended great service great service experience recommended great service amazing hotel great service room pleasant amazing great service pleasant recommended hotel room pleasant enjoyable great service enjoyable amazing enjoyable stay great service great service trip stay great service hotel enjoyable great service room location amazing pleasant great service enjoyable amazing recommended enjoyable experience trip recommended great service room stay room pleasant room stay location location room pleasant service great service enjoyable service pleasant great service room room pleasant location experience amazing recommended trip amazing service experience stay room amazing experience service recommended hotel location amazing enjoyable pleasant enjoyable recommended recommended service recommended stay location great service trip hotel room room great service experience stay recommended experience experience service great service great service hotel great service service amazing service amazing great service hotel hotel amazing stay recommended hotel amazing service recommended recommended trip room room experience recommended stay great service stay recommended amazing great service trip great service service enjoyable hotel experience amazing great service,Positive
CUST1500,Delhi,Web,1,terrible room hotel terrible location stay bad room hotel stay location bad service location location bad bad location bad stay terrible bad poor service trip hotel location location terrible service trip hotel poor bad terrible stay terrible poor location trip location trip bad service service stay experience trip terrible bad location trip trip room trip hotel bad service service bad trip trip experience location hotel experience poor room bad terrible hotel experience terrible hotel stay trip location room hotel location stay trip terrible experience location stay poor experience poor terrible stay bad bad experience poor bad location experience bad hotel trip trip room poor bad bad terrible location experience stay trip location terrible bad poor bad bad terrible terrible terrible room location bad room service terrible stay poor trip bad bad bad trip terrible bad poor hotel terrible poor trip trip poor service stay location bad terrible location bad stay room terrible trip experience hotel terrible bad trip service bad bad service stay service hotel bad room hotel,Negative
CUST1501,Bangalore,Web,4,trip service service trip location trip fantastic room service hotel stay amazing amazing stay trip room amazing location room room hotel fantastic trip stay location hotel amazing hotel fantastic amazing service hotel experience location room room room fantastic service enjoyable hotel trip amazing amazing amazing service fantastic hotel experience room amazing experience service amazing experience experience location amazing amazing experience amazing amazing amazing,Positive
CUST1502,Mumbai,App,5,room amazing amazing room amazing enjoyable location service enjoyable hotel enjoyable amazing location amazing location service trip amazing trip great service amazing experience hotel amazing great service enjoyable room amazing amazing great service experience trip amazing trip location great service amazing stay hotel service great service enjoyable amazing enjoyable great service amazing amazing experience service location enjoyable great service amazing experience stay amazing location amazing great service hotel room enjoyable enjoyable enjoyable experience stay amazing enjoyable experience enjoyable stay hotel amazing room stay hotel enjoyable experience great service stay experience enjoyable experience amazing service location amazing hotel amazing stay hotel great service great service enjoyable service,Positive
CUST1503,Mumbai,Web,5,room stay recommended great service enjoyable stay trip stay great service recommended fantastic experience stay great service recommended service enjoyable experience great service fantastic stay stay enjoyable location recommended great service trip recommended great service enjoyable location experience experience recommended great service great service location great service hotel experience recommended service room great service fantastic stay recommended room recommended hotel service stay great service enjoyable enjoyable room service recommended location room trip trip experience room great service experience trip fantastic trip great service hotel enjoyable enjoyable great service location hotel location room fantastic location hotel great service location enjoyable,Positive
CUST1504,Delhi,Web,5,fantastic trip enjoyable fantastic stay room great service trip recommended great service fantastic enjoyable recommended location great service experience hotel fantastic enjoyable fantastic enjoyable stay room location hotel great service location fantastic great service fantastic enjoyable hotel experience fantastic enjoyable location enjoyable experience great service recommended enjoyable great service enjoyable great service trip enjoyable great service room stay great service fantastic great service great service recommended enjoyable stay enjoyable great service hotel,Positive
CUST1505,Jaipur,Web,3,moderate moderate trip hotel trip trip location room hotel service room trip acceptable location stay decent moderate moderate stay room acceptable decent stay experience decent decent service okay okay acceptable acceptable service moderate trip experience stay stay location moderate moderate okay hotel decent location service stay hotel hotel decent okay stay location okay decent location service okay moderate trip okay moderate room moderate okay decent service stay okay experience trip okay hotel stay acceptable trip acceptable hotel decent moderate trip service okay okay decent location location decent decent okay service stay experience acceptable room stay acceptable decent hotel trip okay stay trip service hotel stay experience okay service experience okay okay experience experience okay service location experience stay moderate experience decent okay location location service trip experience acceptable okay experience decent trip trip experience stay hotel moderate acceptable room acceptable trip moderate experience service trip hotel okay stay hotel moderate room moderate moderate acceptable stay moderate,Neutral
CUST1506,Delhi,App,3,acceptable room experience hotel decent location room decent average moderate hotel hotel decent service moderate acceptable moderate service trip trip experience room service hotel room average room moderate decent average average service acceptable location trip trip moderate decent location service experience decent decent hotel acceptable decent acceptable service trip decent stay stay decent moderate decent service experience acceptable moderate decent room acceptable hotel average hotel room location stay moderate hotel stay hotel experience stay experience location stay decent average hotel decent decent moderate location,Neutral
CUST1507,Mumbai,Web,4,hotel stay pleasant trip room stay stay pleasant experience hotel location pleasant stay trip location stay room stay stay pleasant recommended pleasant pleasant trip service trip fantastic service room room pleasant hotel experience trip experience experience trip pleasant trip experience location room hotel hotel great service amazing service recommended experience stay room service recommended pleasant recommended trip room pleasant location recommended recommended stay amazing service pleasant trip pleasant service experience trip fantastic experience pleasant room hotel stay hotel pleasant service location recommended pleasant experience location hotel trip pleasant pleasant room room pleasant fantastic recommended pleasant stay great service recommended experience stay location recommended hotel trip service recommended location recommended hotel pleasant amazing service room service fantastic service trip location recommended fantastic pleasant fantastic stay experience trip room great service,Positive
CUST1508,Bangalore,App,4,fantastic location experience fantastic fantastic enjoyable enjoyable enjoyable hotel room fantastic location pleasant stay trip room trip experience experience stay experience trip great service pleasant enjoyable experience great service fantastic experience service fantastic pleasant pleasant service enjoyable hotel pleasant fantastic fantastic service trip fantastic stay trip fantastic great service location service great service fantastic location location location fantastic fantastic great service fantastic service trip location location great service pleasant stay experience room great service enjoyable fantastic stay stay hotel stay fantastic hotel pleasant stay hotel fantastic trip trip service fantastic stay stay experience stay hotel hotel great service enjoyable experience hotel location room pleasant fantastic service enjoyable trip hotel great service trip fantastic stay fantastic service service service location fantastic experience room pleasant fantastic trip service stay trip experience enjoyable room pleasant great service location pleasant service fantastic hotel fantastic experience pleasant stay fantastic fantastic trip service service experience room stay stay pleasant fantastic trip fantastic service fantastic stay fantastic location hotel enjoyable stay room fantastic stay great service stay service fantastic service fantastic service fantastic location great service fantastic room,Positive
CUST1509,Delhi,App,4,pleasant enjoyable enjoyable pleasant hotel pleasant hotel enjoyable enjoyable stay amazing enjoyable room enjoyable enjoyable enjoyable hotel pleasant experience service pleasant experience room service amazing location trip stay enjoyable enjoyable enjoyable amazing room pleasant trip room enjoyable pleasant enjoyable service trip stay pleasant experience trip experience enjoyable enjoyable trip service fantastic pleasant pleasant amazing service pleasant trip stay enjoyable location service hotel room experience trip trip fantastic enjoyable enjoyable amazing room location amazing experience room enjoyable service room experience service hotel service trip room hotel location pleasant enjoyable experience pleasant location room experience pleasant room location hotel trip amazing trip enjoyable service room fantastic pleasant pleasant service trip experience service pleasant experience hotel,Positive
CUST1510,Delhi,App,5,amazing hotel experience service stay trip enjoyable experience room room amazing location enjoyable amazing stay recommended enjoyable enjoyable experience enjoyable amazing amazing amazing service hotel amazing trip service service amazing hotel location enjoyable room amazing experience trip recommended amazing amazing service service service enjoyable recommended hotel enjoyable hotel experience experience enjoyable recommended service enjoyable hotel location trip amazing room enjoyable recommended trip enjoyable experience hotel location enjoyable enjoyable room hotel room,Positive
CUST1511,Goa,App,2,stay location unpleasant poor experience hotel room not recommended location unpleasant trip unpleasant unpleasant not recommended poor hotel stay location location poor terrible room room poor not recommended unpleasant room unpleasant service hotel trip room poor not recommended unpleasant hotel stay experience,Negative
CUST1512,Goa,Web,3,average moderate experience room moderate moderate trip moderate moderate service location acceptable hotel moderate room location moderate hotel moderate room location moderate location stay room stay average stay hotel moderate location room moderate acceptable service service trip experience stay room trip stay moderate average room service moderate stay moderate moderate stay trip acceptable service room moderate average acceptable location location acceptable stay trip average moderate service trip experience hotel experience moderate moderate experience room acceptable moderate average acceptable average stay stay moderate stay location average location stay room moderate acceptable moderate moderate experience hotel stay stay room experience experience moderate trip moderate moderate moderate experience experience experience average average service location acceptable average experience stay acceptable average moderate average moderate hotel moderate trip average average stay location service room moderate moderate acceptable room acceptable moderate moderate trip average moderate stay moderate acceptable acceptable room acceptable trip stay acceptable trip moderate service room experience room acceptable service stay moderate average acceptable trip trip hotel service location hotel location,Neutral
CUST1513,Goa,Web,4,enjoyable amazing pleasant experience amazing stay amazing pleasant experience enjoyable room amazing amazing location amazing hotel stay hotel experience stay experience pleasant amazing pleasant amazing pleasant location room amazing pleasant pleasant location amazing service amazing amazing room room trip amazing experience,Positive
CUST1514,Mumbai,App,5,trip pleasant amazing location stay enjoyable pleasant location amazing service location stay hotel room trip stay room hotel hotel amazing great service stay stay trip amazing service stay pleasant stay location stay enjoyable location trip enjoyable hotel location pleasant pleasant trip location location stay trip enjoyable enjoyable experience hotel hotel great service amazing room amazing enjoyable trip great service pleasant hotel room service hotel trip room amazing service hotel enjoyable pleasant experience experience hotel enjoyable location pleasant service enjoyable hotel hotel enjoyable hotel great service room amazing service location pleasant hotel enjoyable great service service service amazing experience enjoyable location location experience enjoyable pleasant pleasant stay pleasant amazing great service trip hotel trip great service enjoyable hotel experience enjoyable trip amazing amazing,Positive
CUST1515,Bangalore,App,1,experience terrible terrible experience service terrible location room room trip terrible location unpleasant service unpleasant unpleasant service terrible room service trip unpleasant service unpleasant terrible experience location service trip experience stay terrible location unpleasant trip unpleasant location room terrible location terrible unpleasant terrible stay terrible experience service terrible experience stay room trip bad unpleasant room stay room unpleasant hotel location service trip experience unpleasant trip unpleasant trip experience stay unpleasant room experience location location trip service stay trip unpleasant stay location room bad unpleasant location location location bad trip terrible stay bad trip room experience unpleasant room unpleasant room hotel service unpleasant unpleasant experience service bad hotel room terrible location stay hotel unpleasant location unpleasant hotel trip unpleasant bad unpleasant bad location room hotel bad service stay unpleasant trip location unpleasant trip unpleasant terrible terrible bad stay unpleasant trip terrible unpleasant experience hotel unpleasant trip trip bad stay unpleasant unpleasant,Negative
CUST1516,Jaipur,App,5,service recommended service pleasant amazing hotel trip fantastic recommended recommended trip location experience fantastic experience recommended room room recommended experience room hotel hotel experience room pleasant recommended experience room amazing service pleasant recommended,Positive
CUST1517,Bangalore,Web,4,enjoyable room enjoyable enjoyable recommended trip room recommended enjoyable enjoyable service enjoyable hotel enjoyable pleasant recommended hotel service enjoyable pleasant pleasant enjoyable enjoyable enjoyable enjoyable experience hotel hotel trip stay enjoyable room location experience service,Positive
CUST1518,Goa,App,3,stay hotel location experience location moderate service moderate decent decent trip moderate hotel decent hotel service moderate hotel trip moderate room average moderate experience stay location service trip moderate service average experience room hotel moderate location decent trip service decent average hotel trip average average hotel moderate decent hotel stay average trip trip room hotel hotel room moderate decent moderate average average average,Neutral
CUST1519,Bangalore,Web,4,fantastic recommended trip stay experience location service fantastic fantastic recommended amazing recommended recommended room service recommended fantastic recommended fantastic trip amazing amazing experience amazing trip hotel room recommended hotel room amazing fantastic trip stay recommended service fantastic stay recommended recommended location recommended stay amazing recommended location fantastic fantastic amazing room amazing recommended stay recommended recommended experience room experience recommended stay service recommended hotel amazing experience experience recommended trip experience fantastic recommended location recommended stay recommended recommended room recommended trip stay fantastic amazing trip fantastic experience recommended location hotel service fantastic room recommended amazing,Positive
CUST1520,Delhi,App,5,recommended great service hotel great service pleasant great service trip great service hotel recommended stay great service stay great service location experience fantastic great service experience fantastic stay great service service hotel great service fantastic location pleasant room experience,Positive
CUST1521,Mumbai,App,2,poor service trip service stay service service trip not recommended experience not recommended location room room not recommended not recommended room not recommended not recommended service bad service room not recommended stay service not recommended experience poor experience service not recommended hotel not recommended stay not recommended service service not recommended not recommended not recommended not recommended bad service location trip not recommended trip service hotel not recommended poor poor bad experience trip not recommended not recommended not recommended poor experience not recommended poor not recommended experience hotel,Negative
CUST1522,Goa,App,4,hotel room trip amazing amazing pleasant room experience amazing fantastic amazing amazing experience pleasant stay experience hotel trip service room enjoyable service location room hotel amazing room fantastic amazing experience trip fantastic location,Positive
CUST1523,Goa,App,5,enjoyable service location enjoyable trip enjoyable service stay room enjoyable enjoyable amazing great service enjoyable enjoyable enjoyable fantastic enjoyable location hotel service experience great service enjoyable experience amazing amazing location location hotel great service great service hotel amazing enjoyable hotel experience stay stay stay enjoyable experience enjoyable experience hotel location service room room enjoyable amazing fantastic service great service enjoyable room enjoyable enjoyable stay location fantastic enjoyable room enjoyable fantastic experience trip enjoyable great service hotel stay service service service room room location stay fantastic enjoyable amazing service hotel trip fantastic fantastic fantastic trip hotel stay trip stay room amazing hotel trip room hotel room experience amazing enjoyable service hotel location location room experience enjoyable fantastic enjoyable room amazing hotel trip enjoyable service room trip enjoyable hotel stay trip amazing enjoyable experience enjoyable room service enjoyable enjoyable room room great service trip hotel location enjoyable room amazing enjoyable stay service amazing location room service fantastic enjoyable stay enjoyable enjoyable fantastic stay fantastic hotel enjoyable room service enjoyable hotel enjoyable enjoyable enjoyable amazing room room location fantastic trip location enjoyable stay hotel enjoyable fantastic enjoyable hotel great service enjoyable enjoyable service enjoyable trip location enjoyable room enjoyable hotel great service location hotel fantastic fantastic room,Positive
CUST1524,Goa,Web,2,location trip hotel location unpleasant location experience trip stay trip room room hotel stay experience location service trip poor poor trip location room service location trip not recommended trip service experience poor stay bad hotel hotel experience experience hotel not recommended not recommended hotel trip stay experience poor experience not recommended trip poor experience poor poor experience unpleasant service not recommended hotel not recommended unpleasant experience location stay experience trip hotel trip unpleasant unpleasant not recommended service trip experience experience poor experience location poor experience poor bad trip room bad poor not recommended bad experience poor unpleasant unpleasant unpleasant experience,Negative
CUST1525,Delhi,App,4,stay trip amazing location recommended great service hotel experience trip stay great service hotel stay location experience recommended great service recommended room hotel experience stay great service hotel recommended amazing service,Positive
CUST1526,Mumbai,Web,5,experience enjoyable hotel enjoyable hotel stay amazing hotel hotel service amazing stay trip enjoyable stay enjoyable service pleasant amazing fantastic trip enjoyable location trip amazing pleasant fantastic hotel amazing room hotel trip hotel amazing amazing experience fantastic amazing location pleasant stay service experience room room stay stay experience experience pleasant pleasant service location service amazing hotel hotel amazing experience hotel trip room location location pleasant service hotel hotel amazing location service trip room location hotel amazing amazing enjoyable room amazing location amazing room trip pleasant enjoyable amazing amazing hotel location experience stay room trip amazing service experience room room room location amazing trip amazing amazing hotel hotel amazing pleasant amazing service amazing trip amazing experience stay enjoyable hotel amazing location amazing location enjoyable pleasant hotel trip hotel location stay enjoyable stay stay experience stay enjoyable room stay amazing pleasant enjoyable room fantastic amazing trip enjoyable hotel room stay pleasant amazing amazing enjoyable enjoyable amazing amazing amazing room amazing location enjoyable stay amazing trip service,Positive
CUST1527,Mumbai,Web,3,average moderate trip service service hotel moderate average trip average service moderate stay hotel okay trip okay moderate location hotel location moderate stay hotel stay service hotel experience average okay experience hotel hotel average trip experience moderate moderate location service average room room experience location stay location trip room okay service moderate hotel okay okay average average trip service room okay experience experience trip service room room location service average hotel hotel average hotel stay hotel location average moderate average stay okay trip average trip stay okay okay location room location experience service average experience okay service location average trip hotel trip moderate moderate okay moderate service average hotel moderate okay moderate okay okay stay hotel stay moderate hotel room average okay room experience location location moderate average hotel room location moderate location hotel experience average service moderate moderate location moderate moderate average room average moderate okay average okay average hotel service okay okay room,Neutral
CUST1528,Mumbai,Web,4,stay stay pleasant stay room fantastic location stay room trip experience great service room experience room fantastic pleasant service pleasant amazing trip location location service service stay trip stay pleasant hotel great service fantastic hotel room stay trip experience fantastic pleasant hotel amazing great service pleasant location amazing great service experience pleasant room experience service location great service room great service hotel great service hotel trip fantastic stay pleasant pleasant great service hotel location experience service pleasant fantastic amazing pleasant location fantastic trip room stay stay amazing great service service amazing experience service hotel great service service hotel stay amazing great service amazing great service trip service pleasant great service hotel location hotel amazing room pleasant room trip location fantastic room room service location location experience great service great service trip pleasant pleasant pleasant service fantastic room amazing hotel experience fantastic pleasant pleasant experience stay hotel pleasant hotel pleasant amazing pleasant amazing amazing pleasant great service pleasant amazing experience hotel trip experience location room hotel room hotel experience amazing experience stay pleasant experience room service experience location trip hotel great service stay pleasant great service service hotel amazing pleasant hotel room room stay location great service service room,Positive
CUST1529,Goa,App,4,great service pleasant stay trip service great service enjoyable trip hotel room amazing enjoyable location trip stay service hotel stay amazing hotel great service room great service amazing pleasant enjoyable enjoyable pleasant enjoyable service room enjoyable service hotel enjoyable hotel great service room enjoyable enjoyable enjoyable experience stay stay pleasant great service service great service enjoyable stay room amazing amazing great service service experience service hotel pleasant enjoyable pleasant location enjoyable pleasant service great service great service experience great service enjoyable room stay location service great service service enjoyable enjoyable experience great service service location amazing amazing service enjoyable service location enjoyable great service enjoyable great service service pleasant hotel enjoyable enjoyable great service trip amazing service great service experience pleasant service stay pleasant enjoyable experience stay great service hotel enjoyable experience location hotel hotel location great service stay trip room service room great service stay experience amazing great service great service room enjoyable great service trip trip stay enjoyable pleasant amazing hotel great service trip location enjoyable amazing amazing amazing hotel service experience pleasant location amazing hotel service room amazing great service trip trip great service enjoyable enjoyable enjoyable trip trip amazing location great service trip experience amazing enjoyable location experience enjoyable enjoyable service enjoyable room great service amazing room location room stay experience enjoyable experience stay enjoyable enjoyable great service stay,Positive
CUST1530,Bangalore,Web,2,bad not recommended not recommended trip bad trip bad unpleasant poor stay not recommended stay hotel not recommended not recommended poor not recommended hotel bad poor not recommended service room not recommended service hotel not recommended not recommended not recommended unpleasant unpleasant trip poor not recommended location experience room room not recommended location trip trip stay room bad not recommended unpleasant not recommended poor experience bad hotel service trip service room experience service poor not recommended bad location trip trip unpleasant service not recommended trip bad hotel not recommended hotel hotel experience trip not recommended stay poor location experience service hotel not recommended unpleasant bad poor stay not recommended trip poor service experience location stay unpleasant poor trip stay location experience hotel,Negative
CUST1531,Mumbai,App,4,room amazing enjoyable amazing enjoyable fantastic hotel enjoyable location room trip amazing enjoyable amazing pleasant pleasant fantastic enjoyable location hotel stay pleasant amazing stay enjoyable pleasant fantastic service pleasant location room experience amazing room amazing enjoyable fantastic pleasant enjoyable stay fantastic experience trip room pleasant trip service trip hotel enjoyable hotel enjoyable experience experience pleasant trip amazing fantastic location stay stay experience amazing trip trip,Positive
CUST1532,Mumbai,Web,3,location decent moderate location room stay moderate hotel moderate decent location moderate room moderate hotel decent location experience okay room trip location trip stay room moderate okay okay trip okay location okay experience okay okay trip okay experience moderate trip stay experience moderate hotel moderate experience moderate hotel room okay room moderate location service okay service decent okay stay room stay location stay hotel trip experience moderate location stay okay trip okay okay decent okay okay location okay location service moderate room moderate hotel moderate okay okay room decent room okay okay okay stay service experience hotel moderate moderate hotel service stay okay moderate stay decent decent location trip decent location service hotel service trip moderate decent okay stay location okay room trip service location okay trip trip hotel decent okay okay service experience okay,Neutral
CUST1533,Goa,App,1,trip experience location terrible stay experience hotel terrible bad service location service bad stay service bad trip terrible trip hotel bad hotel bad bad service bad,Negative
CUST1534,Mumbai,Web,3,location decent decent decent stay room trip service room hotel acceptable hotel room decent trip moderate decent experience room hotel acceptable location service service decent okay okay moderate okay okay location decent decent decent experience moderate trip hotel decent decent room decent stay stay moderate moderate experience service stay decent acceptable room room location decent decent room decent service decent stay moderate experience stay okay room decent acceptable stay hotel room decent acceptable experience hotel acceptable service moderate experience decent okay experience acceptable experience location decent decent experience stay hotel moderate location trip decent decent hotel decent moderate hotel moderate moderate service stay okay experience hotel service stay moderate decent hotel service decent acceptable room decent room decent acceptable hotel experience decent room moderate room stay okay room decent experience moderate trip okay location okay trip decent experience decent room trip experience trip moderate okay room okay hotel hotel hotel experience decent moderate room decent okay service room trip decent okay experience okay okay room location service decent experience stay trip hotel experience service stay hotel room decent location trip trip okay acceptable trip,Neutral
CUST1535,Goa,Web,4,stay pleasant pleasant stay recommended trip service service great service hotel pleasant hotel great service pleasant pleasant stay pleasant pleasant recommended trip recommended service great service great service great service stay service room hotel recommended great service trip great service hotel trip room pleasant recommended pleasant pleasant room pleasant service location room location great service pleasant stay room stay stay recommended service location trip hotel great service great service experience great service recommended great service hotel great service stay pleasant trip recommended great service great service location room hotel great service service room room experience room pleasant hotel great service recommended great service pleasant great service location trip pleasant pleasant hotel pleasant pleasant great service service great service pleasant stay great service recommended hotel pleasant great service trip great service trip pleasant great service pleasant experience great service experience experience great service pleasant great service recommended room location great service recommended recommended service stay experience recommended trip service service recommended recommended service great service stay room service great service,Positive
CUST1536,Mumbai,Web,3,service stay trip okay service stay okay stay okay room experience trip experience trip location trip service acceptable acceptable decent service acceptable location okay location stay okay acceptable decent location location trip hotel acceptable location trip trip location acceptable experience okay stay okay service okay okay service acceptable stay service moderate trip experience stay acceptable stay stay acceptable hotel experience acceptable location service acceptable decent acceptable decent acceptable moderate room experience acceptable okay moderate,Neutral
CUST1537,Delhi,App,3,decent decent okay service decent hotel trip stay okay room okay okay trip decent hotel hotel okay experience service stay stay okay decent okay trip decent experience stay okay experience decent okay room hotel experience service location trip decent,Neutral
CUST1538,Mumbai,App,5,experience location pleasant room recommended recommended recommended fantastic trip fantastic recommended fantastic fantastic pleasant service pleasant hotel fantastic fantastic stay recommended fantastic amazing pleasant trip experience experience service hotel,Positive
CUST1539,Jaipur,App,2,stay room room room poor location hotel bad trip location hotel service bad not recommended hotel stay room bad unpleasant unpleasant stay service not recommended bad bad service trip bad bad experience stay location unpleasant trip location trip bad room hotel bad not recommended trip poor trip room bad stay stay bad location hotel experience bad location bad not recommended bad poor not recommended trip bad unpleasant trip experience location location bad trip trip room room bad poor trip room location unpleasant not recommended experience room experience room experience room service service experience bad hotel stay room service bad location service location trip trip stay stay bad room location stay location bad unpleasant service trip hotel not recommended not recommended trip hotel bad bad not recommended experience bad service bad experience not recommended room trip not recommended bad not recommended not recommended room trip unpleasant bad bad service experience room trip not recommended experience location service stay poor unpleasant unpleasant stay poor service location poor bad room poor poor trip experience poor not recommended location location bad bad room service location room stay bad location bad stay poor service,Negative
CUST1540,Mumbai,Web,1,location hotel terrible location room trip stay service room location room room bad bad trip terrible terrible room experience stay bad hotel trip poor experience service hotel hotel trip bad bad bad terrible service bad experience stay hotel stay terrible terrible poor hotel terrible poor,Negative
CUST1541,Mumbai,App,4,stay great service amazing pleasant amazing great service great service amazing stay amazing amazing experience location service trip room amazing experience amazing experience pleasant amazing trip pleasant stay room service location amazing amazing great service great service room amazing hotel enjoyable service experience great service stay hotel location trip pleasant great service hotel hotel amazing room great service pleasant amazing great service amazing experience stay room trip room stay room stay experience great service enjoyable amazing experience pleasant stay great service great service hotel amazing hotel experience great service stay trip enjoyable enjoyable enjoyable service pleasant amazing,Positive
CUST1542,Bangalore,Web,5,recommended great service stay amazing location great service hotel recommended fantastic recommended fantastic experience recommended great service amazing room amazing recommended experience recommended recommended great service room recommended service stay great service amazing recommended great service room location hotel location hotel great service experience stay room recommended service hotel location fantastic trip recommended recommended recommended amazing hotel great service trip amazing fantastic experience recommended fantastic stay service stay hotel hotel location great service service experience hotel trip location trip experience hotel experience experience recommended service experience amazing amazing room amazing recommended recommended experience service,Positive
CUST1543,Mumbai,App,4,location room enjoyable enjoyable fantastic hotel hotel trip room enjoyable location experience trip trip service pleasant enjoyable location enjoyable hotel experience fantastic room service enjoyable experience enjoyable pleasant room amazing trip pleasant enjoyable location room room enjoyable amazing fantastic hotel amazing enjoyable room amazing pleasant enjoyable location stay trip experience hotel pleasant fantastic enjoyable hotel fantastic hotel pleasant enjoyable stay amazing stay service fantastic experience amazing room amazing amazing trip enjoyable,Positive
CUST1544,Delhi,App,3,trip service service room stay average trip acceptable location room service acceptable stay acceptable acceptable service hotel room moderate service acceptable experience stay acceptable hotel acceptable moderate stay stay experience experience stay trip trip moderate hotel service experience location room stay room stay hotel average acceptable acceptable location acceptable average average average moderate room experience moderate acceptable room moderate stay acceptable stay okay hotel stay experience service acceptable room acceptable okay acceptable experience location room okay acceptable location moderate acceptable average experience acceptable stay stay acceptable room acceptable trip moderate stay acceptable acceptable room room room stay stay location average acceptable stay acceptable location experience acceptable trip moderate room experience average acceptable location experience okay average service stay stay moderate,Neutral
CUST1545,Jaipur,App,5,great service pleasant recommended pleasant room amazing great service recommended service trip room location amazing recommended trip recommended trip amazing service amazing amazing location hotel pleasant stay experience trip location experience room,Positive
CUST1546,Bangalore,App,3,average service acceptable acceptable stay moderate acceptable location location average decent trip experience stay room average acceptable room acceptable average service experience trip room average service acceptable hotel average decent experience stay moderate average acceptable moderate trip hotel trip hotel acceptable trip decent decent service average average stay moderate average hotel service trip experience location stay location room moderate service average average location location experience location trip decent acceptable location stay location room stay service hotel decent room service service acceptable experience moderate average decent stay hotel moderate moderate acceptable experience trip average acceptable acceptable hotel average moderate location average experience moderate stay experience stay hotel room room trip decent hotel hotel trip acceptable service acceptable hotel experience decent location acceptable location location service room acceptable acceptable trip service trip hotel average moderate experience acceptable service stay decent average stay location hotel average hotel hotel average experience average trip moderate location hotel trip hotel acceptable location stay average stay moderate service location average decent hotel stay experience location acceptable service room hotel acceptable trip location trip moderate average location decent average stay moderate room,Neutral
CUST1547,Jaipur,App,5,location experience room fantastic enjoyable enjoyable enjoyable pleasant amazing location recommended pleasant trip trip service enjoyable location experience service recommended recommended recommended pleasant room fantastic fantastic enjoyable location trip amazing room trip service fantastic amazing stay recommended service experience room pleasant stay stay recommended service recommended service fantastic experience recommended enjoyable trip trip experience room enjoyable fantastic recommended pleasant stay room hotel experience enjoyable recommended service stay trip recommended location pleasant recommended service stay amazing service amazing experience experience enjoyable trip recommended recommended location enjoyable enjoyable service amazing enjoyable hotel hotel enjoyable fantastic recommended experience enjoyable location location location service amazing enjoyable enjoyable enjoyable pleasant pleasant trip room room amazing pleasant trip enjoyable location service enjoyable service location trip pleasant service enjoyable enjoyable pleasant room location enjoyable fantastic enjoyable location trip trip service service enjoyable enjoyable experience pleasant amazing location pleasant stay location amazing enjoyable room hotel trip amazing stay amazing amazing service pleasant pleasant,Positive
CUST1548,Goa,App,3,decent hotel moderate service trip location location location trip room room decent stay stay decent room location room acceptable location location moderate location location acceptable hotel acceptable acceptable acceptable experience acceptable room acceptable okay trip moderate trip room location decent hotel stay hotel acceptable okay room decent okay decent experience experience service stay room okay acceptable hotel service trip moderate location moderate okay hotel,Neutral
CUST1549,Jaipur,App,4,amazing trip hotel recommended experience location service great service pleasant trip location hotel location pleasant stay service service amazing location stay location amazing hotel amazing pleasant experience trip great service trip stay amazing great service stay recommended amazing hotel recommended experience recommended service recommended recommended service service experience experience service location amazing pleasant stay room room trip great service trip amazing great service amazing pleasant room location trip amazing service hotel great service amazing pleasant service great service hotel experience location service experience room experience pleasant experience,Positive
CUST1550,Goa,Web,4,room stay experience fantastic stay room fantastic room recommended location experience amazing recommended location experience service great service location service hotel hotel location great service trip experience service hotel amazing amazing hotel hotel recommended experience room fantastic service recommended service trip amazing fantastic fantastic amazing recommended amazing experience hotel room service room location hotel hotel stay recommended fantastic fantastic amazing service trip location recommended recommended service location stay recommended fantastic location hotel amazing stay,Positive
CUST1551,Goa,App,5,amazing trip recommended recommended recommended location enjoyable enjoyable amazing service great service trip experience amazing recommended room room great service stay amazing hotel trip stay location great service hotel hotel location stay great service experience trip amazing recommended trip recommended trip hotel service great service fantastic amazing fantastic location location amazing amazing hotel location location stay room location location,Positive
CUST1552,Jaipur,Web,5,room trip service pleasant fantastic hotel hotel hotel hotel stay room experience trip pleasant location pleasant pleasant experience stay service fantastic enjoyable hotel service trip pleasant location hotel pleasant enjoyable trip experience trip pleasant stay location pleasant hotel fantastic pleasant location fantastic experience fantastic pleasant hotel pleasant fantastic room location pleasant pleasant fantastic pleasant trip fantastic pleasant enjoyable,Positive
CUST1553,Goa,App,5,pleasant location great service pleasant amazing location pleasant amazing amazing enjoyable trip stay enjoyable hotel stay stay fantastic location enjoyable trip location stay great service enjoyable amazing amazing enjoyable trip experience pleasant fantastic hotel trip stay experience stay experience room stay great service pleasant stay great service,Positive
CUST1554,Delhi,App,1,location location terrible service not recommended service unpleasant stay not recommended not recommended hotel room not recommended experience not recommended location not recommended not recommended location terrible room trip hotel not recommended terrible unpleasant location room not recommended unpleasant unpleasant trip unpleasant trip terrible stay experience not recommended location hotel location not recommended not recommended terrible location not recommended not recommended unpleasant not recommended unpleasant terrible service location unpleasant service location stay service not recommended service terrible location room service terrible location experience not recommended location stay service not recommended stay experience hotel hotel not recommended not recommended trip stay room unpleasant not recommended trip unpleasant location location terrible location unpleasant terrible,Negative
CUST1555,Bangalore,Web,5,pleasant stay service stay fantastic recommended pleasant service great service trip fantastic enjoyable pleasant hotel stay recommended fantastic great service trip room trip location great service trip stay fantastic pleasant service pleasant great service recommended great service enjoyable hotel room experience stay service pleasant stay hotel hotel trip hotel stay hotel great service room stay hotel location enjoyable stay great service recommended recommended fantastic room enjoyable service fantastic trip recommended,Positive
CUST1556,Mumbai,Web,5,location location amazing enjoyable great service service amazing trip room recommended trip room pleasant hotel amazing location pleasant stay hotel amazing great service experience service recommended experience pleasant service hotel location amazing amazing,Positive
CUST1557,Delhi,App,5,service hotel location location room location trip pleasant room recommended room recommended great service location service service service experience stay fantastic pleasant hotel room room room room service hotel enjoyable service stay location recommended pleasant fantastic fantastic fantastic fantastic service recommended experience enjoyable recommended location pleasant hotel stay hotel enjoyable recommended fantastic fantastic location trip experience hotel experience fantastic recommended room fantastic fantastic hotel trip location experience recommended location pleasant trip enjoyable hotel room fantastic great service fantastic room pleasant recommended trip hotel service room trip trip recommended trip experience enjoyable trip enjoyable hotel room recommended enjoyable recommended enjoyable enjoyable fantastic great service great service experience hotel enjoyable recommended experience enjoyable hotel stay trip service fantastic stay service location fantastic stay service stay location great service hotel enjoyable recommended fantastic great service location enjoyable trip recommended trip recommended experience service trip great service location pleasant trip enjoyable trip great service great service great service location service service great service trip recommended recommended recommended enjoyable fantastic recommended stay recommended recommended enjoyable hotel pleasant stay room enjoyable,Positive
CUST1558,Mumbai,Web,5,room room amazing amazing enjoyable amazing hotel enjoyable amazing hotel trip amazing enjoyable amazing service amazing amazing stay experience enjoyable stay hotel hotel location hotel stay experience location enjoyable experience pleasant amazing amazing location stay amazing pleasant enjoyable location amazing pleasant amazing service stay hotel location trip enjoyable service room stay location enjoyable trip amazing room trip stay room amazing amazing experience enjoyable enjoyable trip amazing trip amazing location service experience pleasant enjoyable hotel amazing location hotel amazing experience amazing amazing service enjoyable enjoyable hotel amazing service stay trip enjoyable amazing location room pleasant pleasant amazing trip service amazing amazing experience stay location amazing trip location enjoyable hotel hotel location hotel enjoyable service trip trip amazing pleasant amazing amazing amazing hotel room trip location,Positive
CUST1559,Jaipur,Web,5,stay room great service pleasant great service room enjoyable trip service amazing great service location amazing fantastic service fantastic experience location service amazing great service experience great service great service amazing pleasant stay service experience fantastic experience stay amazing enjoyable fantastic hotel service pleasant experience great service location experience amazing enjoyable amazing room service service service pleasant service amazing service location service service pleasant fantastic great service service hotel service great service location fantastic amazing fantastic amazing amazing amazing amazing hotel trip fantastic service experience pleasant stay location trip great service location pleasant experience fantastic amazing stay great service location trip service pleasant service amazing room trip enjoyable amazing room amazing amazing pleasant service stay experience enjoyable amazing service service amazing amazing room,Positive
CUST1560,Bangalore,App,4,location enjoyable room service amazing stay amazing stay trip stay stay amazing trip recommended location experience stay great service location pleasant recommended enjoyable recommended pleasant great service recommended amazing room recommended recommended pleasant pleasant amazing location enjoyable recommended great service amazing service enjoyable stay location trip hotel amazing stay amazing trip amazing amazing stay location recommended stay pleasant pleasant trip enjoyable amazing location service enjoyable pleasant amazing service experience hotel trip amazing amazing trip service room trip amazing amazing recommended amazing amazing stay enjoyable experience location pleasant amazing hotel amazing service trip amazing enjoyable experience room experience,Positive
CUST1561,Jaipur,App,4,fantastic room experience experience location trip great service great service hotel hotel service room room location great service room service location location location pleasant enjoyable great service enjoyable great service room great service great service service great service great service stay room enjoyable great service great service great service hotel great service great service hotel trip hotel trip hotel hotel pleasant great service enjoyable fantastic great service stay great service fantastic room stay location stay service room great service great service hotel stay room stay trip trip great service trip great service room location trip fantastic service experience room pleasant room pleasant great service great service great service enjoyable stay great service service enjoyable hotel trip enjoyable great service fantastic great service pleasant great service great service service great service experience experience great service experience great service location stay trip service experience stay location fantastic great service great service stay great service enjoyable enjoyable great service pleasant great service trip hotel fantastic location service fantastic trip hotel location great service pleasant hotel experience great service room hotel great service great service experience pleasant trip service room location great service trip hotel service experience fantastic fantastic enjoyable experience trip experience pleasant location service trip fantastic great service experience great service great service experience experience pleasant pleasant service great service great service great service service pleasant great service great service great service experience service stay experience experience trip great service great service trip great service,Positive
CUST1562,Delhi,App,4,stay enjoyable stay enjoyable pleasant service pleasant trip enjoyable enjoyable stay trip stay great service enjoyable experience enjoyable location enjoyable trip hotel enjoyable pleasant room trip pleasant pleasant pleasant stay location enjoyable trip service pleasant enjoyable hotel stay great service pleasant pleasant enjoyable trip hotel hotel location room enjoyable enjoyable great service location room enjoyable room stay enjoyable trip experience room enjoyable pleasant enjoyable hotel service hotel location enjoyable room pleasant location service experience great service enjoyable stay service service location great service enjoyable room enjoyable location great service trip enjoyable service stay hotel location great service enjoyable great service hotel stay hotel trip service trip trip hotel stay pleasant great service enjoyable enjoyable stay room stay pleasant great service trip trip trip trip enjoyable experience stay enjoyable enjoyable stay stay enjoyable pleasant hotel stay stay enjoyable hotel hotel pleasant pleasant stay pleasant stay,Positive
CUST1563,Goa,App,5,location service service experience experience hotel location great service great service amazing stay service pleasant room hotel recommended location location amazing hotel amazing recommended great service trip pleasant stay stay stay experience experience experience room fantastic service service stay hotel recommended great service trip pleasant recommended stay amazing trip pleasant fantastic great service great service stay experience pleasant pleasant fantastic fantastic fantastic pleasant recommended experience location room stay hotel hotel amazing hotel great service experience pleasant great service pleasant stay pleasant room service recommended amazing pleasant pleasant service amazing service service experience,Positive
CUST1564,Goa,App,5,service experience enjoyable fantastic great service hotel great service experience recommended experience location hotel recommended location room enjoyable room stay amazing enjoyable service pleasant recommended recommended hotel recommended experience enjoyable experience experience service location hotel trip trip service location enjoyable fantastic location service room service fantastic hotel location amazing amazing service fantastic stay stay location trip pleasant fantastic experience hotel fantastic experience amazing service room trip service enjoyable service service location trip hotel amazing enjoyable pleasant experience trip experience hotel hotel enjoyable hotel amazing amazing location room experience location experience hotel recommended trip hotel experience experience service location hotel service enjoyable location service hotel trip pleasant amazing,Positive
CUST1565,Mumbai,App,4,stay enjoyable stay enjoyable location great service hotel room pleasant room hotel stay enjoyable location great service room enjoyable hotel fantastic pleasant enjoyable great service pleasant fantastic experience room room stay trip enjoyable experience stay hotel great service room fantastic enjoyable service enjoyable hotel enjoyable location pleasant room hotel stay location pleasant location stay service service pleasant room fantastic fantastic experience great service experience location enjoyable room enjoyable hotel enjoyable enjoyable enjoyable enjoyable location hotel enjoyable enjoyable pleasant pleasant fantastic trip enjoyable stay great service enjoyable experience experience trip service enjoyable pleasant trip trip enjoyable room experience room enjoyable location location trip service room stay location fantastic room stay enjoyable service enjoyable service enjoyable room enjoyable location enjoyable service enjoyable great service great service enjoyable stay experience fantastic enjoyable hotel enjoyable experience hotel pleasant stay experience pleasant enjoyable location service room service experience enjoyable great service enjoyable hotel stay enjoyable experience pleasant experience hotel stay fantastic location fantastic service fantastic enjoyable enjoyable trip service great service hotel fantastic stay room hotel enjoyable service location great service room hotel enjoyable service experience fantastic enjoyable hotel great service fantastic,Positive
CUST1566,Delhi,App,1,bad stay room service bad hotel hotel bad poor location location service bad poor service bad bad service service stay terrible terrible not recommended bad location terrible room not recommended terrible experience hotel experience stay service not recommended stay poor experience poor location room service bad terrible poor poor service not recommended hotel terrible trip experience room poor not recommended hotel stay not recommended stay poor location bad experience service room poor stay trip bad bad hotel trip trip experience bad poor hotel stay location service not recommended trip location bad terrible stay bad bad room hotel trip trip room not recommended service location bad terrible trip hotel terrible bad hotel bad location experience room not recommended not recommended experience not recommended bad location location experience experience experience bad service terrible location bad bad hotel trip service not recommended not recommended service room poor room not recommended bad trip service trip bad trip not recommended location experience trip room bad room experience location room hotel location bad terrible service trip hotel bad room bad poor service stay stay location stay service hotel experience experience,Negative
CUST1567,Bangalore,Web,5,trip great service great service fantastic enjoyable fantastic amazing enjoyable fantastic fantastic experience service amazing hotel experience room enjoyable amazing enjoyable fantastic enjoyable great service service experience trip room experience stay room room trip location experience great service experience great service room room experience fantastic experience enjoyable stay experience fantastic fantastic fantastic enjoyable trip hotel amazing fantastic great service fantastic hotel service great service stay amazing experience amazing fantastic great service enjoyable fantastic service amazing service trip enjoyable hotel trip room hotel fantastic fantastic enjoyable fantastic hotel trip service hotel trip room location amazing hotel enjoyable stay fantastic enjoyable great service enjoyable enjoyable enjoyable great service experience fantastic trip experience enjoyable fantastic service amazing fantastic enjoyable enjoyable enjoyable enjoyable hotel great service amazing fantastic location trip hotel trip amazing fantastic fantastic experience hotel fantastic fantastic fantastic enjoyable room experience fantastic hotel stay room hotel location great service great service enjoyable enjoyable fantastic experience enjoyable stay trip enjoyable room fantastic amazing hotel amazing stay,Positive
CUST1568,Delhi,App,5,trip great service stay great service stay room great service experience great service enjoyable great service recommended stay great service experience trip trip experience amazing great service stay great service great service stay enjoyable great service great service location hotel recommended enjoyable hotel hotel great service enjoyable stay trip recommended service enjoyable room service recommended recommended great service experience location location recommended amazing stay stay location enjoyable service location recommended room great service recommended great service great service enjoyable great service amazing recommended location recommended location room location great service great service amazing recommended room enjoyable stay great service recommended recommended recommended recommended amazing recommended room stay room recommended trip amazing enjoyable great service service amazing hotel stay hotel service trip amazing great service great service room amazing hotel stay hotel trip amazing recommended enjoyable stay recommended trip recommended recommended service stay room recommended amazing hotel amazing amazing location amazing stay amazing location amazing service stay great service amazing amazing experience trip great service,Positive
CUST1569,Mumbai,App,5,service enjoyable experience fantastic service location pleasant pleasant enjoyable recommended hotel recommended stay enjoyable room fantastic trip room location room trip fantastic amazing pleasant recommended fantastic service recommended amazing service hotel recommended service location recommended amazing experience pleasant location enjoyable fantastic experience recommended recommended trip recommended pleasant room trip trip hotel experience fantastic stay trip room service room hotel fantastic enjoyable recommended room recommended stay trip service experience service enjoyable hotel recommended service hotel,Positive
CUST1570,Bangalore,App,3,room experience moderate trip acceptable stay location room moderate trip acceptable location service room trip average stay average experience hotel average room average hotel decent trip decent hotel stay stay average trip service room hotel average moderate acceptable decent stay average decent location stay moderate room trip experience acceptable room location stay experience room experience hotel average moderate average hotel trip average moderate stay average service average hotel moderate room average moderate average moderate decent room average stay hotel stay experience trip hotel room trip average average average room room hotel hotel,Neutral
CUST1571,Mumbai,App,4,room stay room location hotel fantastic pleasant location experience fantastic stay great service experience great service great service great service enjoyable great service great service enjoyable room room room trip fantastic experience fantastic hotel hotel hotel experience great service,Positive
CUST1572,Goa,Web,1,room room service experience service room stay hotel trip not recommended bad service room service not recommended bad stay bad service room service not recommended service bad terrible hotel bad bad bad room stay hotel bad not recommended not recommended service terrible bad bad not recommended trip service experience not recommended hotel experience room room experience location trip not recommended not recommended terrible terrible experience trip bad experience not recommended location experience trip experience room bad trip hotel terrible hotel terrible location bad stay terrible not recommended bad bad location hotel terrible terrible experience service stay room not recommended hotel not recommended not recommended not recommended trip not recommended trip hotel not recommended bad location location bad stay terrible bad not recommended location terrible terrible bad trip stay not recommended room not recommended location location experience bad trip stay hotel terrible service bad location service service experience not recommended location terrible not recommended terrible location bad bad not recommended location not recommended stay stay not recommended terrible location terrible location bad not recommended hotel not recommended room experience bad bad not recommended room bad bad stay,Negative
CUST1573,Jaipur,Web,4,enjoyable room fantastic hotel stay room location recommended fantastic location fantastic fantastic stay great service location recommended experience stay experience service room service trip great service service location recommended recommended enjoyable fantastic stay service enjoyable room location trip room recommended location location recommended location recommended fantastic fantastic fantastic service enjoyable experience fantastic recommended great service experience recommended hotel fantastic hotel fantastic hotel enjoyable service fantastic experience hotel trip enjoyable recommended service recommended recommended great service stay fantastic experience great service location recommended enjoyable trip fantastic recommended experience room fantastic room great service recommended fantastic trip stay trip recommended stay enjoyable hotel stay service hotel trip recommended recommended recommended fantastic room,Positive
CUST1574,Delhi,App,4,location fantastic experience room fantastic amazing experience stay trip location great service service amazing recommended great service room room experience location stay location recommended recommended great service stay room experience service stay hotel service service location stay pleasant room fantastic amazing recommended stay room fantastic service location amazing service amazing amazing room stay service service trip recommended trip amazing amazing great service location hotel amazing fantastic hotel location recommended great service fantastic trip stay hotel hotel service fantastic great service trip location recommended amazing location recommended amazing location recommended service recommended experience fantastic service location pleasant fantastic recommended service hotel location location location amazing service fantastic stay experience location hotel amazing pleasant fantastic service amazing trip hotel stay trip amazing trip trip room trip location amazing experience amazing trip hotel room trip amazing experience room pleasant amazing hotel trip location recommended amazing pleasant room stay amazing pleasant pleasant location service hotel hotel amazing room room pleasant experience experience amazing fantastic pleasant experience hotel room stay service experience fantastic amazing room fantastic hotel location trip amazing pleasant experience trip pleasant recommended location room pleasant amazing room trip pleasant recommended service hotel fantastic trip recommended amazing great service experience recommended amazing stay hotel room room recommended service service,Positive
CUST1575,Mumbai,Web,2,service experience service not recommended stay experience hotel stay unpleasant poor stay terrible poor terrible poor terrible location room service hotel terrible poor poor not recommended poor room hotel terrible trip experience location terrible hotel poor experience not recommended not recommended terrible location terrible service hotel terrible location room poor poor trip,Negative
CUST1576,Jaipur,Web,1,service terrible experience unpleasant terrible location stay service unpleasant location poor location stay unpleasant unpleasant stay experience location hotel poor room poor room room poor trip location hotel location terrible unpleasant unpleasant location room terrible,Negative
CUST1577,Jaipur,Web,3,room stay okay okay decent average decent location okay decent okay average okay service acceptable service stay decent decent service hotel service trip acceptable decent acceptable room room okay location stay stay trip okay service room trip service stay trip room room location decent service hotel acceptable hotel average decent okay okay average decent trip decent acceptable hotel room acceptable average average acceptable average decent acceptable okay location trip room trip average average trip location trip average decent decent hotel acceptable acceptable service experience acceptable stay okay location acceptable service service okay location hotel hotel hotel okay stay location,Neutral
CUST1578,Jaipur,Web,4,amazing stay amazing location great service location fantastic enjoyable amazing hotel trip trip great service fantastic enjoyable great service hotel great service fantastic great service great service amazing enjoyable great service stay stay service trip location hotel room experience great service hotel location enjoyable amazing stay fantastic room fantastic service service amazing enjoyable amazing hotel fantastic amazing great service hotel location fantastic trip enjoyable fantastic fantastic enjoyable great service trip trip service enjoyable great service location fantastic hotel fantastic enjoyable enjoyable great service room stay amazing stay room room trip amazing experience fantastic great service room service trip room room trip stay amazing experience trip room experience enjoyable great service fantastic service enjoyable hotel service amazing fantastic location amazing service great service great service hotel great service great service great service hotel location great service hotel service fantastic location service fantastic location trip trip enjoyable stay enjoyable enjoyable great service fantastic stay great service experience fantastic great service experience hotel hotel enjoyable great service great service trip room stay fantastic amazing location room experience hotel fantastic service room location great service experience trip amazing stay room fantastic location enjoyable fantastic room enjoyable location hotel location fantastic great service room hotel room trip stay service room experience hotel,Positive
CUST1579,Delhi,App,4,service experience amazing fantastic trip fantastic location great service great service location great service great service pleasant great service location trip pleasant amazing fantastic room pleasant room amazing fantastic fantastic stay great service location service fantastic service hotel trip service great service amazing amazing stay location trip trip room stay great service amazing hotel stay service amazing pleasant experience experience stay stay location fantastic great service great service trip trip experience pleasant trip great service amazing stay,Positive
CUST1580,Bangalore,Web,2,poor room experience location service experience experience poor poor poor not recommended room terrible not recommended poor not recommended not recommended service terrible poor poor room stay poor poor hotel experience experience poor not recommended service hotel room not recommended hotel stay poor room location room terrible not recommended hotel not recommended service experience location poor hotel service terrible not recommended stay service not recommended trip not recommended experience terrible trip experience not recommended stay trip hotel not recommended poor not recommended terrible poor trip poor location poor not recommended poor poor poor room location poor trip poor terrible terrible trip experience trip room poor service trip trip terrible trip terrible not recommended trip hotel trip terrible terrible location service poor hotel poor experience poor location not recommended trip room stay service experience trip trip trip experience poor service trip room stay terrible service location room not recommended poor poor service not recommended hotel poor poor stay hotel terrible hotel hotel trip not recommended room trip poor room not recommended stay not recommended location service trip not recommended service room stay location trip poor trip experience terrible stay location terrible stay not recommended trip poor hotel stay hotel experience not recommended not recommended hotel stay stay location experience not recommended poor hotel service not recommended not recommended trip room room trip trip room hotel,Negative
CUST1581,Delhi,App,4,stay pleasant experience service amazing trip hotel pleasant recommended enjoyable pleasant service stay location trip recommended experience room recommended stay pleasant amazing pleasant experience location amazing service hotel enjoyable pleasant room service service pleasant recommended hotel amazing hotel amazing pleasant pleasant pleasant experience amazing amazing location amazing hotel pleasant service experience stay trip location recommended trip trip hotel pleasant room enjoyable enjoyable recommended room location location amazing trip hotel amazing pleasant location room location trip trip amazing room pleasant service room pleasant location experience room pleasant amazing room enjoyable room experience location recommended pleasant experience room recommended trip amazing pleasant pleasant recommended trip stay stay hotel room,Positive
CUST1582,Goa,Web,5,enjoyable location experience room great service stay great service great service stay enjoyable stay stay great service location great service location service pleasant room enjoyable great service service great service room enjoyable pleasant room great service service enjoyable pleasant enjoyable great service location great service enjoyable trip experience fantastic hotel experience location room pleasant location stay service room enjoyable trip trip experience great service pleasant great service enjoyable experience great service trip location trip enjoyable trip great service service great service great service location enjoyable experience location trip experience great service great service stay great service pleasant stay hotel hotel hotel enjoyable service enjoyable stay great service great service stay room experience pleasant location hotel fantastic hotel trip great service location pleasant stay great service enjoyable enjoyable experience location location enjoyable great service service location service stay pleasant service service enjoyable pleasant hotel room great service service hotel service fantastic location location enjoyable experience pleasant great service enjoyable great service great service location location great service hotel stay enjoyable experience enjoyable hotel enjoyable hotel pleasant trip experience experience room pleasant trip enjoyable room pleasant great service enjoyable experience great service location fantastic fantastic great service experience great service location pleasant trip pleasant room fantastic great service enjoyable enjoyable pleasant hotel trip great service trip fantastic great service location service experience trip enjoyable great service,Positive
CUST1583,Bangalore,App,4,amazing trip stay service service room amazing fantastic hotel pleasant stay trip experience room amazing fantastic great service experience recommended room great service amazing location pleasant recommended service trip stay hotel amazing pleasant hotel pleasant service trip location experience hotel hotel trip service amazing recommended recommended hotel hotel location pleasant experience pleasant,Positive
CUST1584,Delhi,Web,2,experience unpleasant service trip unpleasant terrible service service location unpleasant service trip room trip not recommended room unpleasant stay trip location service experience not recommended unpleasant service experience unpleasant stay trip experience unpleasant unpleasant service location unpleasant trip hotel trip,Negative
CUST1585,Delhi,Web,5,enjoyable enjoyable hotel hotel fantastic location hotel stay hotel enjoyable amazing service enjoyable recommended service trip hotel stay fantastic experience fantastic service enjoyable enjoyable hotel amazing enjoyable recommended enjoyable amazing amazing trip experience enjoyable enjoyable trip fantastic room experience fantastic experience enjoyable stay enjoyable hotel hotel recommended enjoyable amazing amazing amazing location enjoyable hotel hotel room service enjoyable trip trip recommended amazing enjoyable enjoyable hotel enjoyable room enjoyable room location stay enjoyable location location location hotel room enjoyable amazing enjoyable recommended location experience enjoyable enjoyable location stay amazing room enjoyable room trip recommended amazing experience stay enjoyable fantastic room experience room stay amazing hotel recommended experience service trip recommended service amazing enjoyable location amazing fantastic trip amazing hotel hotel experience experience service,Positive
CUST1586,Mumbai,App,5,recommended room room great service fantastic room experience trip recommended recommended great service stay hotel enjoyable great service great service great service service great service great service room service fantastic great service location hotel room experience recommended room great service fantastic service location location trip trip experience great service experience great service great service stay great service location trip trip trip enjoyable location stay location room trip great service room fantastic fantastic enjoyable great service fantastic recommended great service room stay location hotel service great service location great service location recommended recommended room great service service hotel experience experience enjoyable stay enjoyable great service enjoyable fantastic great service trip location great service experience fantastic recommended enjoyable great service great service enjoyable great service great service stay location fantastic recommended trip great service service great service location stay fantastic service location enjoyable hotel hotel location location trip location recommended service experience great service stay hotel great service service enjoyable stay great service great service stay great service service hotel location stay recommended great service enjoyable fantastic stay great service great service experience service recommended hotel fantastic hotel hotel fantastic service trip room recommended,Positive
CUST1587,Delhi,Web,4,trip pleasant pleasant location stay room stay stay room service room recommended trip pleasant recommended enjoyable hotel stay service trip stay hotel pleasant stay recommended enjoyable recommended trip recommended location recommended enjoyable pleasant location recommended recommended location hotel recommended recommended location hotel location pleasant service recommended stay service recommended recommended stay trip pleasant recommended trip hotel recommended pleasant service recommended service trip room hotel hotel service experience location recommended recommended hotel experience service recommended recommended service hotel trip hotel recommended room pleasant enjoyable location recommended recommended service hotel recommended recommended enjoyable location room enjoyable recommended recommended recommended recommended stay recommended service recommended location experience recommended enjoyable pleasant service service location recommended recommended room recommended experience room service recommended trip recommended room hotel location recommended room enjoyable recommended experience hotel pleasant recommended trip recommended service location location recommended recommended room trip hotel service enjoyable trip recommended room trip experience pleasant recommended service pleasant service hotel hotel hotel pleasant recommended pleasant experience experience experience experience room recommended pleasant recommended enjoyable service recommended enjoyable experience experience recommended recommended location service service pleasant stay pleasant hotel recommended recommended experience service hotel,Positive
CUST1588,Goa,Web,3,stay location room service acceptable acceptable okay trip room trip hotel trip room trip okay stay okay stay acceptable acceptable decent acceptable stay experience room hotel location acceptable location acceptable hotel okay service acceptable room hotel decent okay decent decent experience hotel service trip acceptable hotel stay location acceptable decent acceptable okay okay acceptable room,Neutral
CUST1589,Bangalore,App,5,amazing stay trip amazing stay amazing amazing enjoyable fantastic experience great service amazing experience trip stay trip amazing location trip amazing stay amazing enjoyable stay enjoyable service fantastic fantastic stay enjoyable service amazing enjoyable service service amazing service location amazing hotel great service amazing service enjoyable amazing location great service amazing amazing amazing great service amazing hotel great service enjoyable room great service amazing trip amazing great service stay amazing room location room amazing room trip stay location service service amazing trip location trip amazing hotel stay experience location service hotel location location fantastic room amazing fantastic trip amazing amazing amazing great service great service fantastic room service amazing hotel service room fantastic stay room trip stay hotel experience trip amazing location experience stay location hotel amazing amazing enjoyable hotel enjoyable great service location amazing stay enjoyable hotel trip great service amazing enjoyable enjoyable service room amazing amazing,Positive
CUST1590,Mumbai,App,1,bad trip service bad bad bad stay terrible bad stay location terrible terrible experience trip room trip hotel stay location bad room trip terrible terrible trip terrible terrible location stay bad terrible room bad room stay room terrible experience service not recommended not recommended hotel location room terrible room service service stay trip room service room not recommended room service room service location location terrible bad terrible trip location not recommended not recommended hotel bad hotel trip room bad terrible service bad service terrible terrible service room room terrible hotel not recommended trip location experience experience experience bad bad location room trip room terrible trip terrible terrible terrible stay service bad not recommended,Negative
CUST1591,Jaipur,App,3,service location decent stay moderate hotel hotel moderate okay location room decent okay location stay stay stay experience hotel moderate experience service location stay okay service hotel experience experience room room okay moderate experience decent experience decent room service experience trip moderate trip decent location decent location service okay trip trip okay service experience okay trip service trip trip okay experience trip location trip decent okay okay okay stay trip okay,Neutral
CUST1592,Jaipur,Web,3,okay okay trip stay hotel okay hotel room moderate location hotel service trip hotel acceptable location hotel acceptable trip service okay stay service hotel okay room stay okay okay acceptable moderate moderate okay experience hotel okay okay room location trip moderate okay stay acceptable trip okay service acceptable okay hotel service okay location experience acceptable service acceptable acceptable stay service hotel stay acceptable okay okay service acceptable okay moderate trip hotel experience hotel location location acceptable service hotel room location experience acceptable room hotel location experience experience room acceptable okay hotel experience location okay experience,Neutral
CUST1593,Jaipur,Web,5,stay stay enjoyable experience location stay enjoyable great service enjoyable pleasant location hotel pleasant location location experience pleasant enjoyable pleasant hotel enjoyable enjoyable experience enjoyable room pleasant pleasant pleasant pleasant enjoyable trip stay great service enjoyable pleasant pleasant pleasant enjoyable enjoyable stay pleasant experience pleasant great service pleasant stay pleasant great service hotel pleasant trip location great service location trip enjoyable room pleasant enjoyable great service great service experience hotel great service great service enjoyable experience hotel enjoyable location trip service experience pleasant experience enjoyable room trip experience service stay pleasant pleasant pleasant pleasant room service room trip service enjoyable hotel room pleasant location stay enjoyable hotel experience hotel room room enjoyable hotel stay great service pleasant trip location great service,Positive
CUST1594,Mumbai,Web,2,poor poor hotel experience location poor poor unpleasant location service location poor poor stay unpleasant stay unpleasant room unpleasant service poor room trip location service bad hotel poor stay room location poor service trip experience hotel stay poor not recommended hotel stay service service bad not recommended,Negative
CUST1595,Jaipur,Web,2,poor location trip room trip bad service bad terrible service hotel stay location poor bad poor location stay terrible poor bad trip poor hotel experience bad hotel stay poor poor poor experience location trip stay service bad poor experience service hotel location stay trip poor poor stay bad bad trip poor hotel stay trip service poor stay terrible bad terrible poor bad experience stay poor experience location bad experience experience location terrible poor stay poor poor bad poor location service service poor location hotel hotel service terrible terrible stay room experience bad trip hotel room room location trip poor service stay poor location experience service terrible bad poor poor room poor stay bad terrible terrible experience poor trip poor hotel,Negative
CUST1596,Delhi,App,2,hotel bad hotel location poor stay experience stay bad trip trip bad experience room bad service experience stay unpleasant experience stay experience poor experience location hotel experience hotel location bad bad unpleasant room poor room hotel poor service experience experience bad service bad hotel unpleasant unpleasant room room experience location location poor hotel service hotel trip bad location bad unpleasant bad trip bad bad service room room unpleasant poor hotel service experience room hotel unpleasant hotel bad room unpleasant unpleasant room bad poor bad hotel hotel unpleasant hotel experience room unpleasant location service service poor bad unpleasant unpleasant location bad unpleasant hotel stay stay bad trip stay hotel hotel poor unpleasant location trip bad poor hotel unpleasant service unpleasant location unpleasant hotel unpleasant bad service poor stay experience experience unpleasant service bad service location stay trip stay hotel experience service location room hotel unpleasant location experience poor bad experience bad experience location stay service unpleasant trip stay unpleasant experience experience stay poor experience bad unpleasant location room hotel trip unpleasant service location trip hotel experience experience unpleasant room service experience bad location room location unpleasant room bad experience experience location bad experience bad unpleasant bad hotel bad room room,Negative
CUST1597,Mumbai,Web,4,great service amazing great service room great service trip stay location fantastic experience trip amazing service great service hotel great service great service fantastic great service experience service service service trip fantastic great service service great service great service stay fantastic room hotel service service pleasant great service stay pleasant hotel fantastic great service trip amazing service trip fantastic location service hotel great service great service stay location service trip pleasant great service hotel location amazing experience location,Positive
CUST1598,Goa,Web,5,experience service stay trip pleasant great service trip great service pleasant hotel trip great service pleasant service pleasant trip hotel stay experience recommended pleasant great service pleasant stay recommended hotel recommended great service great service trip stay service room recommended experience hotel hotel pleasant location room great service stay room room experience experience great service stay pleasant stay pleasant recommended location recommended pleasant great service great service trip hotel trip location great service great service great service location experience trip stay service fantastic pleasant pleasant great service great service great service hotel service trip service pleasant pleasant service location pleasant room trip location recommended stay recommended pleasant great service service pleasant great service great service experience room pleasant location stay experience pleasant stay trip pleasant trip hotel location room great service experience stay pleasant hotel great service stay pleasant great service great service recommended location recommended experience hotel service trip location stay stay fantastic room stay pleasant service fantastic pleasant recommended fantastic recommended stay great service great service experience hotel hotel pleasant room room room,Positive
CUST1599,Jaipur,App,5,recommended enjoyable fantastic location trip enjoyable recommended service hotel amazing room amazing hotel room fantastic location experience experience amazing stay amazing enjoyable experience service service amazing enjoyable recommended hotel stay trip amazing location enjoyable recommended amazing amazing trip trip amazing amazing fantastic location room experience enjoyable recommended amazing stay room enjoyable stay experience location hotel amazing recommended hotel trip room experience recommended amazing fantastic stay recommended location location room experience trip location hotel amazing recommended recommended fantastic enjoyable enjoyable fantastic trip enjoyable amazing trip enjoyable recommended location room recommended location location trip enjoyable hotel experience stay room fantastic experience stay room hotel amazing amazing room fantastic service service hotel recommended service hotel recommended experience stay service amazing recommended hotel stay recommended enjoyable recommended trip room enjoyable hotel recommended fantastic room experience recommended service experience experience experience recommended fantastic location hotel recommended enjoyable amazing recommended enjoyable enjoyable stay recommended recommended service hotel hotel fantastic amazing location recommended recommended recommended enjoyable enjoyable,Positive
CUST1600,Bangalore,App,1,experience bad terrible bad room unpleasant terrible terrible hotel experience terrible bad trip terrible bad hotel hotel location bad terrible hotel room service stay location poor unpleasant service terrible unpleasant trip room room terrible room terrible hotel location stay service unpleasant location service location experience service room room location terrible location experience experience experience bad experience terrible terrible stay stay room unpleasant service poor terrible poor service service poor terrible experience stay unpleasant bad hotel poor terrible room stay trip stay stay terrible hotel stay room trip trip poor location bad stay terrible unpleasant terrible unpleasant location hotel service room trip hotel trip terrible service bad terrible poor room location location location trip terrible bad terrible service poor poor terrible experience stay stay terrible bad experience location hotel hotel terrible terrible trip stay terrible trip terrible stay stay room service trip,Negative
CUST1601,Goa,App,4,trip room amazing hotel recommended experience service location hotel recommended fantastic service enjoyable fantastic amazing room stay recommended stay enjoyable room experience room trip location location recommended fantastic amazing experience hotel location location enjoyable amazing room trip fantastic amazing enjoyable fantastic fantastic location location stay fantastic enjoyable recommended stay hotel amazing experience hotel enjoyable room trip amazing location service amazing experience amazing amazing room location service service trip experience enjoyable enjoyable experience hotel location service room service service fantastic amazing room experience service service enjoyable enjoyable stay amazing enjoyable amazing enjoyable hotel amazing enjoyable room experience amazing enjoyable enjoyable experience service hotel enjoyable experience enjoyable,Positive
CUST1602,Bangalore,App,4,amazing amazing amazing pleasant fantastic service amazing fantastic room great service pleasant pleasant room amazing hotel great service great service amazing hotel trip stay trip pleasant service fantastic service service great service stay pleasant amazing location trip trip service service trip pleasant pleasant great service room service pleasant stay service experience fantastic amazing amazing hotel amazing great service pleasant trip trip pleasant experience room pleasant experience pleasant trip pleasant amazing trip pleasant experience service room experience room stay pleasant amazing service location location pleasant stay stay service great service trip stay location stay stay room experience pleasant pleasant hotel amazing stay service fantastic experience pleasant fantastic hotel hotel experience experience pleasant experience trip amazing great service room amazing amazing service service hotel experience location trip hotel amazing amazing hotel room room pleasant hotel fantastic hotel amazing fantastic service room stay hotel hotel experience room service amazing location location stay trip pleasant amazing fantastic pleasant pleasant service stay hotel great service fantastic pleasant trip location,Positive
CUST1603,Bangalore,Web,5,fantastic recommended service service great service fantastic experience service fantastic great service room fantastic fantastic amazing experience experience fantastic great service great service stay room service amazing amazing fantastic fantastic amazing service great service hotel amazing hotel trip fantastic location experience experience recommended room amazing experience fantastic stay experience service stay hotel trip fantastic fantastic room stay stay great service recommended fantastic room hotel amazing room fantastic recommended trip hotel service experience location experience recommended room location location experience recommended room location fantastic fantastic service great service stay stay fantastic experience recommended hotel location great service room room room fantastic location stay service great service fantastic stay location amazing service recommended,Positive
CUST1604,Bangalore,Web,5,fantastic trip great service fantastic great service great service stay fantastic stay great service fantastic fantastic experience fantastic great service amazing trip experience great service fantastic experience hotel great service hotel amazing stay room service service experience fantastic experience experience great service great service fantastic great service experience stay experience great service amazing amazing great service hotel great service great service fantastic stay experience hotel great service great service great service,Positive
CUST1605,Jaipur,App,4,recommended fantastic room great service enjoyable hotel service enjoyable room stay room stay enjoyable location stay recommended experience great service great service enjoyable trip hotel recommended pleasant experience recommended great service hotel location room room experience pleasant experience location great service stay pleasant recommended great service enjoyable room fantastic pleasant hotel hotel location location room trip location great service enjoyable fantastic hotel great service service trip pleasant stay pleasant service pleasant room enjoyable recommended,Positive
CUST1606,Delhi,App,4,amazing experience fantastic service amazing trip hotel trip trip amazing service amazing fantastic service location hotel amazing experience amazing trip service amazing stay service amazing amazing amazing trip stay service stay room hotel enjoyable amazing hotel amazing location stay service service great service fantastic fantastic experience location experience room trip enjoyable trip amazing room fantastic service enjoyable great service room trip hotel room fantastic enjoyable room location fantastic fantastic fantastic stay fantastic enjoyable experience trip fantastic room fantastic enjoyable stay enjoyable stay amazing location service experience room experience fantastic experience fantastic location trip amazing enjoyable service trip great service great service fantastic fantastic amazing location trip amazing stay hotel service amazing experience trip amazing stay stay amazing location stay enjoyable fantastic location amazing location location great service amazing fantastic fantastic amazing enjoyable enjoyable experience amazing trip amazing fantastic hotel great service amazing stay enjoyable enjoyable experience great service amazing experience amazing stay hotel stay enjoyable great service amazing location enjoyable amazing room room service fantastic fantastic fantastic amazing fantastic fantastic experience amazing room hotel enjoyable stay trip trip stay fantastic hotel amazing room location,Positive
CUST1607,Goa,App,2,hotel stay bad bad unpleasant location trip stay bad room stay room stay service hotel stay trip service poor experience location stay unpleasant trip room location service trip service terrible terrible bad terrible trip location bad experience room hotel terrible trip service bad trip stay trip room experience unpleasant hotel stay room experience room experience hotel location bad location bad experience experience location room stay bad experience terrible stay experience bad location poor poor experience terrible service experience bad experience stay stay experience location service bad bad poor hotel room stay location terrible terrible trip bad service hotel trip terrible experience bad unpleasant bad terrible location service room stay bad bad trip location terrible hotel experience experience bad room room poor bad poor trip service service stay bad terrible bad poor trip terrible bad unpleasant bad terrible poor room terrible bad bad location location bad hotel room trip hotel poor service bad poor terrible location bad hotel hotel unpleasant hotel hotel poor poor experience service unpleasant service terrible service bad bad bad poor bad location bad terrible service service room hotel room,Negative
CUST1608,Goa,App,4,great service hotel great service service location location fantastic great service fantastic recommended room room room great service hotel great service great service fantastic great service experience experience great service experience room service fantastic service great service experience room fantastic fantastic fantastic hotel trip stay great service great service stay fantastic fantastic room stay great service room room fantastic trip great service location room fantastic recommended great service service experience room fantastic stay fantastic great service great service hotel hotel location location location fantastic great service room recommended service recommended trip great service location fantastic fantastic great service great service great service service great service experience fantastic fantastic stay location location experience fantastic room experience hotel fantastic trip fantastic great service fantastic,Positive
CUST1609,Jaipur,Web,3,room location okay moderate hotel trip room decent moderate okay hotel room moderate service decent moderate service hotel moderate location trip decent hotel okay okay moderate location decent moderate stay service average stay service okay room stay room moderate trip service moderate location service stay okay experience service service experience okay average stay okay okay location moderate trip location service moderate location room experience room stay trip moderate average location stay trip decent okay experience room okay average hotel decent average stay moderate service average moderate okay average location hotel service moderate trip decent service decent hotel okay location experience stay decent okay service decent room average location trip room service decent moderate decent,Neutral
CUST1610,Jaipur,App,3,location experience room experience decent okay experience experience decent location room moderate hotel okay decent location room moderate decent service experience acceptable location trip trip moderate room room trip moderate moderate decent location location acceptable experience room location decent trip moderate location stay hotel location location stay location moderate location moderate acceptable okay hotel moderate,Neutral
CUST1611,Delhi,Web,3,okay average okay room service decent average hotel stay hotel location room average experience location hotel decent experience acceptable room location location location decent acceptable room okay okay location room decent room service trip okay decent acceptable okay stay stay trip okay stay room acceptable acceptable okay experience okay acceptable acceptable room acceptable hotel okay hotel stay decent okay hotel decent okay trip okay trip hotel experience hotel okay service experience hotel trip average okay okay trip hotel trip trip hotel okay location stay stay average hotel okay hotel room service trip hotel trip stay hotel trip room acceptable decent okay experience okay location stay okay stay location stay decent acceptable okay average okay okay okay okay okay acceptable okay location decent trip stay average experience stay stay decent okay stay trip average okay room trip decent okay decent hotel location okay hotel average stay acceptable location decent acceptable service stay service acceptable acceptable decent stay average room stay average room trip stay acceptable average okay room hotel okay acceptable okay decent okay decent trip acceptable location average experience experience decent average okay decent,Neutral
CUST1612,Goa,Web,1,unpleasant bad hotel experience room experience location stay location experience terrible trip hotel stay terrible location not recommended hotel not recommended poor location bad not recommended trip location location trip location room location location terrible room unpleasant poor hotel experience poor location trip unpleasant unpleasant hotel room room stay poor unpleasant location experience service stay bad bad unpleasant poor trip terrible experience hotel hotel stay service trip room service experience room service location room terrible service service unpleasant stay service trip service not recommended trip service unpleasant hotel service terrible unpleasant terrible bad bad hotel bad room not recommended trip location location poor hotel unpleasant room bad poor experience not recommended location not recommended poor not recommended bad location bad experience stay stay terrible stay trip service trip experience hotel location service location bad service stay trip hotel hotel service not recommended bad location experience stay service terrible unpleasant room poor stay unpleasant trip trip not recommended poor hotel poor hotel stay stay hotel location room terrible hotel terrible terrible service trip terrible trip experience trip location bad trip stay experience unpleasant room hotel location bad service service bad stay trip terrible room,Negative
CUST1613,Delhi,App,3,location location location hotel service average average moderate stay stay service experience location service average hotel stay average moderate experience stay service room stay average location experience average location location okay room trip hotel service average hotel stay okay moderate acceptable service average room experience stay trip location moderate trip average okay hotel location location average,Neutral
CUST1614,Mumbai,App,2,poor hotel terrible hotel location room not recommended location terrible unpleasant hotel poor service location not recommended stay unpleasant not recommended experience experience terrible experience terrible poor terrible experience location service not recommended location trip poor experience hotel experience room poor room hotel unpleasant room room hotel unpleasant terrible not recommended terrible terrible trip location terrible terrible experience terrible stay terrible terrible experience terrible service terrible trip experience experience poor service stay location hotel poor terrible trip unpleasant not recommended poor stay unpleasant experience trip terrible hotel room hotel trip hotel room hotel poor room poor hotel hotel poor location room room terrible unpleasant stay unpleasant location service experience stay service service experience room service terrible location trip experience location terrible room experience hotel trip experience unpleasant terrible,Negative
CUST1615,Goa,Web,4,recommended pleasant pleasant enjoyable enjoyable experience hotel service service experience experience pleasant enjoyable experience location trip service hotel enjoyable enjoyable room room room stay amazing trip recommended stay room room stay pleasant service trip location experience experience stay location recommended stay recommended pleasant hotel amazing pleasant enjoyable enjoyable amazing enjoyable location enjoyable amazing service experience trip service amazing service location recommended stay room recommended hotel location enjoyable trip pleasant enjoyable enjoyable enjoyable room recommended pleasant enjoyable enjoyable recommended amazing experience location location enjoyable room trip trip pleasant amazing pleasant hotel trip hotel recommended location pleasant enjoyable enjoyable pleasant recommended amazing enjoyable enjoyable pleasant recommended enjoyable enjoyable pleasant pleasant amazing pleasant amazing experience trip enjoyable enjoyable experience experience stay hotel trip,Positive
CUST1616,Delhi,App,2,not recommended poor location poor bad experience experience stay stay location location service stay trip trip stay location poor trip poor poor poor hotel bad poor trip room not recommended poor bad not recommended not recommended poor location poor poor not recommended poor hotel hotel service stay room poor bad not recommended experience terrible bad poor poor bad bad experience trip experience location hotel room experience poor terrible hotel bad terrible trip service experience room stay poor not recommended location location room location hotel service bad trip terrible poor hotel stay stay hotel location experience not recommended poor stay bad room terrible stay experience terrible poor poor bad poor stay poor experience experience not recommended hotel poor hotel location service service experience location terrible experience stay experience bad stay not recommended bad hotel stay poor service location poor hotel bad location location bad poor location service service not recommended poor bad bad service room experience experience poor location room hotel not recommended trip experience service experience,Negative
CUST1617,Mumbai,Web,2,room trip terrible terrible unpleasant not recommended room experience hotel location room terrible poor unpleasant trip terrible experience experience location stay experience poor poor poor room poor room unpleasant trip stay poor poor unpleasant poor experience poor poor terrible unpleasant room poor unpleasant not recommended room room terrible experience service poor room poor terrible stay terrible experience not recommended experience poor service experience terrible not recommended trip unpleasant service room terrible stay,Negative
CUST1618,Goa,Web,4,experience great service service trip room stay enjoyable trip great service room stay great service location enjoyable great service location trip enjoyable enjoyable great service room great service great service great service great service trip trip enjoyable enjoyable enjoyable stay great service fantastic hotel enjoyable great service location great service enjoyable fantastic hotel great service experience fantastic fantastic service fantastic great service great service trip fantastic experience fantastic service service service hotel stay enjoyable fantastic trip great service room service enjoyable enjoyable service experience great service great service great service fantastic location fantastic room room hotel location service hotel enjoyable room fantastic fantastic enjoyable great service hotel trip room enjoyable service location enjoyable service service great service stay enjoyable enjoyable service hotel stay experience trip great service service location room room hotel enjoyable stay location experience great service stay location great service great service location room fantastic room enjoyable enjoyable room great service location room great service fantastic great service enjoyable stay location service fantastic hotel fantastic great service room great service enjoyable room trip service hotel enjoyable stay service service location stay hotel enjoyable fantastic stay trip enjoyable enjoyable stay enjoyable room enjoyable great service enjoyable fantastic great service great service room service hotel great service experience experience location room experience hotel service experience fantastic service stay great service enjoyable great service great service service stay,Positive
CUST1619,Goa,App,1,poor poor experience poor poor terrible trip poor poor stay hotel service service room poor trip hotel service service terrible room location terrible unpleasant hotel service poor trip trip trip poor room bad stay unpleasant experience terrible unpleasant room hotel unpleasant terrible location hotel poor unpleasant unpleasant location poor service bad bad stay experience poor unpleasant poor poor room hotel hotel experience hotel terrible trip service unpleasant experience service experience terrible poor terrible poor service stay unpleasant location hotel experience stay poor service unpleasant hotel location service location room stay stay bad stay unpleasant poor unpleasant trip stay bad bad location service experience experience bad service service location service unpleasant terrible location unpleasant room experience bad room,Negative
CUST1620,Jaipur,Web,4,recommended room fantastic amazing service fantastic hotel experience fantastic trip fantastic experience experience fantastic fantastic fantastic amazing fantastic trip hotel stay experience recommended room amazing service amazing fantastic trip amazing experience trip service fantastic fantastic recommended fantastic stay experience fantastic trip hotel service experience fantastic amazing fantastic experience fantastic fantastic fantastic location experience fantastic service location trip location location fantastic service fantastic hotel location experience stay stay stay room fantastic hotel experience amazing fantastic stay fantastic experience fantastic recommended recommended service fantastic hotel location service stay hotel location hotel amazing fantastic fantastic fantastic recommended service service hotel stay fantastic stay amazing fantastic service recommended service trip recommended fantastic hotel experience hotel fantastic hotel hotel fantastic fantastic location stay hotel fantastic fantastic fantastic recommended stay trip service amazing fantastic fantastic hotel fantastic recommended fantastic recommended recommended stay stay recommended room amazing stay location trip recommended service recommended fantastic service room stay fantastic trip recommended fantastic fantastic hotel room location fantastic service fantastic stay amazing experience stay location service hotel stay stay amazing fantastic fantastic recommended hotel fantastic experience location fantastic fantastic fantastic service hotel fantastic fantastic trip location stay,Positive
CUST1621,Mumbai,App,4,room stay hotel trip service enjoyable location enjoyable trip great service enjoyable trip stay fantastic enjoyable experience fantastic fantastic great service great service location great service stay fantastic experience trip great service service fantastic experience hotel experience room enjoyable room fantastic great service trip enjoyable great service enjoyable stay trip enjoyable great service experience room great service stay service fantastic stay hotel location enjoyable stay fantastic hotel great service great service trip hotel great service room location great service enjoyable room service great service service enjoyable enjoyable trip great service great service experience service room enjoyable great service great service enjoyable stay location stay enjoyable experience room enjoyable trip service service stay service experience stay hotel room hotel great service,Positive
CUST1622,Mumbai,App,4,service enjoyable fantastic hotel enjoyable location hotel enjoyable stay recommended enjoyable service room service recommended experience enjoyable experience fantastic location room trip service enjoyable recommended stay room hotel experience room recommended recommended trip location recommended service service recommended fantastic trip experience recommended stay recommended recommended fantastic service service service enjoyable location experience enjoyable room recommended enjoyable stay recommended stay location stay stay location recommended recommended fantastic recommended service recommended service enjoyable enjoyable fantastic enjoyable stay hotel service recommended fantastic stay recommended experience stay recommended fantastic hotel fantastic recommended recommended location fantastic stay enjoyable location recommended recommended room stay stay location service experience service recommended enjoyable enjoyable enjoyable fantastic trip experience enjoyable stay recommended recommended experience trip recommended room hotel recommended enjoyable trip hotel enjoyable recommended hotel fantastic hotel recommended recommended room enjoyable room,Positive
CUST1623,Bangalore,App,3,trip service room experience okay okay stay hotel service okay trip experience trip room moderate average moderate moderate location okay experience trip service experience experience room trip moderate room location moderate hotel okay okay moderate okay room trip moderate stay location stay room location trip experience moderate,Neutral
CUST1624,Delhi,App,4,room great service service recommended great service stay location amazing enjoyable stay service hotel room experience hotel room amazing amazing fantastic service enjoyable great service great service enjoyable service location hotel stay stay fantastic stay great service experience location experience experience recommended great service recommended experience hotel fantastic fantastic fantastic service service hotel room fantastic recommended enjoyable service enjoyable hotel experience amazing stay enjoyable service fantastic experience experience trip service amazing location great service service amazing recommended service fantastic trip recommended great service enjoyable stay recommended enjoyable recommended room location experience trip experience hotel room room service fantastic fantastic trip service service service hotel room trip stay recommended hotel recommended great service room amazing amazing fantastic enjoyable hotel hotel hotel recommended great service room location great service enjoyable location experience recommended room recommended stay experience enjoyable enjoyable room experience great service location amazing experience great service amazing room fantastic recommended recommended amazing fantastic,Positive
CUST1625,Jaipur,App,3,average location trip stay stay acceptable stay service average average acceptable decent service acceptable room average experience average average hotel hotel decent acceptable hotel average stay room service trip decent decent hotel service decent room room trip room hotel hotel average average experience location acceptable experience room decent average decent location trip room acceptable location acceptable room experience stay room service decent hotel location trip stay room stay location location trip experience hotel location service stay experience average experience stay experience acceptable experience trip average room trip decent stay average average service service average trip stay acceptable hotel stay room average decent location location average acceptable trip average hotel experience experience trip room trip location stay acceptable decent room acceptable experience stay stay average room average service room hotel stay experience hotel stay experience acceptable acceptable hotel average experience trip service decent average stay hotel service location average trip experience stay experience room average room hotel experience hotel average average hotel hotel room decent average experience experience average acceptable room average experience location location average service room stay location average experience acceptable acceptable service service experience room trip experience average stay stay average stay average,Neutral
CUST1626,Goa,App,3,room room hotel location moderate decent stay average room hotel average stay average stay average service location room moderate average experience moderate average average location hotel hotel trip experience service acceptable experience trip average stay location,Neutral
CUST1627,Delhi,App,5,experience stay room great service great service great service pleasant enjoyable room great service service service experience room location enjoyable enjoyable experience trip enjoyable experience hotel stay hotel enjoyable service trip enjoyable hotel enjoyable location location location stay enjoyable stay location hotel great service trip hotel trip enjoyable enjoyable stay hotel pleasant enjoyable enjoyable great service pleasant enjoyable trip great service great service recommended service great service room great service enjoyable great service experience enjoyable hotel hotel great service pleasant experience room experience room great service recommended great service service great service room stay experience great service trip great service great service recommended experience experience stay hotel pleasant great service great service great service great service enjoyable recommended location enjoyable location experience enjoyable hotel room great service enjoyable trip,Positive
CUST1628,Mumbai,Web,4,amazing amazing service amazing amazing service pleasant pleasant pleasant location pleasant pleasant stay location amazing pleasant amazing pleasant service service room pleasant pleasant room fantastic stay pleasant service stay room stay pleasant amazing fantastic stay experience amazing experience amazing hotel pleasant fantastic amazing room amazing stay experience pleasant stay fantastic trip trip amazing trip amazing hotel location stay hotel experience stay pleasant location pleasant experience stay hotel stay location location experience amazing pleasant hotel pleasant location fantastic stay pleasant amazing experience amazing amazing stay amazing room trip fantastic pleasant amazing stay service service fantastic room amazing amazing stay experience stay amazing service stay stay room amazing location pleasant hotel stay amazing amazing amazing service stay hotel service experience pleasant location amazing fantastic stay room room stay hotel amazing pleasant pleasant amazing trip fantastic room pleasant stay service amazing service hotel hotel room amazing experience trip amazing pleasant service amazing stay location pleasant trip pleasant room service pleasant pleasant room pleasant stay amazing pleasant amazing room service pleasant amazing fantastic trip location location amazing stay service fantastic trip pleasant amazing,Positive
CUST1629,Jaipur,App,5,service experience room trip pleasant pleasant service enjoyable enjoyable amazing stay enjoyable fantastic trip enjoyable fantastic experience pleasant experience amazing amazing trip stay service room room enjoyable fantastic room enjoyable enjoyable fantastic enjoyable pleasant service pleasant amazing location room enjoyable pleasant location room enjoyable room great service stay service service room room amazing fantastic pleasant enjoyable enjoyable great service experience enjoyable hotel enjoyable service hotel trip hotel great service service fantastic enjoyable enjoyable great service trip hotel enjoyable hotel experience fantastic location experience pleasant room enjoyable hotel pleasant pleasant great service fantastic hotel fantastic hotel enjoyable enjoyable service hotel location hotel room great service trip enjoyable service room room,Positive
CUST1630,Bangalore,Web,5,room location stay amazing great service experience stay trip amazing stay experience trip experience location amazing room great service great service great service room trip stay hotel great service great service experience recommended hotel location service location trip room service service room recommended experience amazing great service location great service stay recommended great service experience hotel great service hotel recommended great service great service room hotel experience location great service room great service recommended stay recommended hotel great service experience recommended location hotel room trip location great service amazing trip experience trip room great service great service stay trip service stay trip trip recommended recommended service great service recommended recommended great service great service great service service location amazing experience service great service experience great service location great service stay hotel room amazing recommended amazing service stay great service room great service location hotel great service recommended experience service great service hotel service recommended recommended experience great service great service location great service service stay great service experience great service great service experience great service hotel location recommended great service experience recommended amazing great service location recommended location amazing great service room location recommended great service trip location room hotel trip location great service room great service room,Positive
CUST1631,Goa,App,5,pleasant room amazing pleasant trip experience service pleasant trip recommended service amazing recommended recommended room service amazing pleasant amazing pleasant experience hotel location recommended amazing amazing pleasant service experience location pleasant trip recommended recommended amazing location recommended recommended recommended recommended trip recommended trip trip location stay room recommended experience amazing trip recommended stay location recommended amazing service recommended trip trip amazing trip amazing amazing recommended recommended pleasant amazing hotel recommended pleasant amazing experience service trip recommended pleasant location pleasant recommended recommended recommended trip trip pleasant amazing pleasant hotel pleasant location location room pleasant trip hotel recommended service experience amazing recommended recommended amazing trip experience location stay location recommended service recommended trip experience service pleasant amazing stay service amazing recommended hotel recommended pleasant location recommended trip service recommended location recommended experience recommended recommended pleasant hotel experience experience recommended amazing recommended recommended room hotel location stay pleasant service location stay recommended room experience amazing amazing amazing trip recommended stay service amazing pleasant experience recommended room recommended hotel recommended amazing recommended amazing pleasant recommended pleasant service hotel location recommended amazing recommended experience trip amazing location experience pleasant hotel trip hotel amazing,Positive
CUST1632,Bangalore,Web,4,fantastic enjoyable room enjoyable great service location stay enjoyable amazing stay hotel amazing trip great service great service amazing location great service great service fantastic enjoyable amazing amazing fantastic enjoyable room enjoyable room enjoyable great service enjoyable amazing experience amazing room trip trip great service trip experience hotel great service amazing hotel great service location experience room stay amazing enjoyable enjoyable experience room enjoyable location location service amazing experience hotel trip service great service experience service enjoyable fantastic location fantastic hotel great service fantastic service trip great service enjoyable enjoyable location great service location service great service service great service enjoyable great service location experience trip enjoyable room stay enjoyable enjoyable amazing room great service room great service enjoyable trip service enjoyable fantastic fantastic trip experience enjoyable experience service service great service trip enjoyable amazing stay hotel,Positive
CUST1633,Goa,Web,4,experience enjoyable room experience enjoyable amazing service amazing trip trip amazing enjoyable enjoyable enjoyable enjoyable hotel experience enjoyable amazing room trip amazing service experience trip service room great service service trip experience amazing enjoyable service location trip great service trip service great service experience trip service fantastic experience amazing fantastic amazing amazing location amazing great service room great service amazing fantastic service experience amazing amazing experience amazing amazing hotel enjoyable enjoyable amazing location service fantastic stay room hotel enjoyable hotel enjoyable amazing experience enjoyable hotel service room amazing amazing room room enjoyable experience,Positive
CUST1634,Bangalore,App,3,okay moderate trip moderate service okay average acceptable location average average experience okay room stay average hotel average experience service acceptable acceptable acceptable average average hotel average hotel stay moderate average average hotel average acceptable trip okay acceptable okay stay average moderate average trip trip average experience stay experience okay average hotel room stay stay stay service average hotel moderate service average acceptable experience okay moderate room experience stay room moderate acceptable acceptable okay experience average location hotel experience moderate experience average service location experience moderate okay hotel hotel service trip experience moderate service average location experience trip location trip okay average experience average experience acceptable trip experience location acceptable experience service average room room stay average location acceptable experience location location acceptable average average,Neutral
CUST1635,Goa,App,3,trip acceptable average average stay okay room stay okay average experience stay acceptable room trip stay average average acceptable experience okay average room trip okay room acceptable service average experience location trip okay acceptable okay okay okay acceptable okay okay acceptable hotel experience hotel location room room okay experience location okay average average experience experience trip okay service acceptable okay stay hotel okay experience stay average average experience service experience average service trip location service average stay room okay acceptable okay stay service hotel acceptable,Neutral
CUST1636,Bangalore,App,5,room great service hotel experience room stay pleasant stay fantastic trip service enjoyable experience room room stay service stay experience room enjoyable hotel experience fantastic great service hotel pleasant great service pleasant stay room room fantastic great service experience enjoyable enjoyable great service pleasant service enjoyable stay room enjoyable hotel trip service service experience enjoyable location great service hotel hotel pleasant stay trip pleasant trip location trip pleasant hotel great service great service experience stay great service enjoyable enjoyable pleasant pleasant location hotel great service pleasant enjoyable enjoyable service pleasant great service fantastic service room fantastic pleasant room service stay location location location trip room fantastic fantastic trip hotel location room experience hotel trip room great service pleasant hotel location experience pleasant hotel pleasant pleasant experience enjoyable location fantastic experience fantastic enjoyable experience trip enjoyable fantastic pleasant hotel trip room fantastic location stay enjoyable room hotel trip experience great service service,Positive
CUST1637,Mumbai,App,3,moderate moderate service decent trip stay hotel room service acceptable experience service okay stay service acceptable room moderate service location room service moderate moderate trip stay decent acceptable acceptable experience stay decent acceptable service room trip hotel location decent trip,Neutral
CUST1638,Jaipur,Web,2,service experience unpleasant hotel bad terrible location experience hotel stay bad experience service unpleasant service bad trip bad experience unpleasant service service terrible experience trip service unpleasant terrible unpleasant service hotel bad stay trip terrible bad service service bad location location bad hotel hotel unpleasant terrible experience bad unpleasant hotel room bad location stay room trip trip bad room terrible stay bad terrible experience terrible terrible terrible hotel unpleasant terrible stay location terrible terrible unpleasant hotel bad terrible bad stay experience hotel experience trip terrible room hotel experience hotel stay terrible experience terrible hotel bad service terrible bad hotel experience experience bad hotel unpleasant experience experience bad terrible terrible service service terrible unpleasant trip terrible trip bad terrible location experience terrible terrible service experience terrible terrible room service service terrible bad room unpleasant bad bad hotel unpleasant location stay bad bad location hotel service terrible hotel room trip,Negative
CUST1639,Jaipur,Web,5,pleasant location service trip enjoyable hotel hotel fantastic room fantastic hotel stay pleasant enjoyable service service pleasant experience fantastic stay experience enjoyable location experience pleasant hotel pleasant room pleasant pleasant pleasant fantastic pleasant room pleasant experience room pleasant experience hotel pleasant service pleasant pleasant pleasant location fantastic fantastic stay pleasant service pleasant pleasant fantastic fantastic experience trip fantastic enjoyable fantastic experience pleasant pleasant trip enjoyable service fantastic service trip experience pleasant experience pleasant room experience location stay fantastic enjoyable pleasant experience pleasant hotel room pleasant fantastic trip experience fantastic pleasant service trip hotel stay hotel location trip enjoyable stay pleasant fantastic trip hotel pleasant fantastic enjoyable experience stay fantastic room fantastic pleasant experience fantastic location experience fantastic pleasant pleasant pleasant fantastic fantastic location stay hotel service pleasant enjoyable service fantastic pleasant stay stay stay pleasant experience pleasant experience hotel pleasant enjoyable,Positive
CUST1640,Bangalore,App,5,experience experience location amazing room hotel amazing amazing amazing amazing trip pleasant pleasant trip trip amazing room amazing pleasant location pleasant amazing pleasant pleasant room pleasant room amazing service pleasant experience hotel amazing pleasant amazing amazing amazing amazing pleasant pleasant stay amazing amazing stay pleasant amazing amazing room room hotel trip pleasant pleasant location amazing trip experience pleasant experience experience experience experience service room pleasant location service experience pleasant amazing experience hotel stay location pleasant room hotel location amazing room service trip experience pleasant trip room amazing pleasant amazing experience hotel pleasant amazing service pleasant pleasant service pleasant service amazing amazing stay room hotel stay pleasant stay amazing amazing pleasant room service hotel pleasant experience experience trip amazing experience stay stay experience stay trip pleasant amazing service room amazing amazing amazing stay trip pleasant room pleasant service hotel hotel hotel pleasant pleasant pleasant stay service service trip amazing hotel amazing amazing pleasant pleasant pleasant pleasant hotel amazing trip pleasant amazing room hotel location experience stay amazing stay amazing trip hotel experience stay amazing hotel service stay stay hotel amazing service location amazing pleasant trip service hotel amazing,Positive
CUST1641,Mumbai,Web,5,location trip amazing stay trip experience great service pleasant great service trip stay experience great service great service stay pleasant trip trip experience pleasant location great service great service great service service trip great service experience experience location pleasant amazing pleasant great service pleasant great service room service experience great service hotel room pleasant location room great service pleasant experience hotel experience trip experience trip location experience pleasant stay stay great service pleasant amazing stay hotel amazing experience service hotel pleasant pleasant location pleasant experience pleasant trip amazing stay pleasant location room amazing stay experience stay location great service stay experience service experience pleasant great service pleasant great service service pleasant stay stay experience great service pleasant service great service pleasant trip room service great service great service trip pleasant service,Positive
CUST1642,Bangalore,App,4,service hotel pleasant room enjoyable great service hotel enjoyable pleasant stay service service recommended recommended service recommended stay location stay trip location fantastic location stay stay great service experience,Positive
CUST1643,Jaipur,App,3,service acceptable room acceptable location hotel decent acceptable okay decent trip trip hotel decent okay location acceptable decent experience service acceptable room experience okay stay location acceptable hotel trip trip okay decent location decent location acceptable decent hotel acceptable acceptable stay experience acceptable service experience acceptable room stay acceptable experience acceptable service experience location experience room experience trip decent service decent decent experience acceptable stay trip acceptable location experience experience room service decent room acceptable stay stay location okay acceptable decent acceptable stay decent okay hotel hotel acceptable decent acceptable stay trip acceptable acceptable hotel hotel hotel location location okay acceptable room experience,Neutral
CUST1644,Goa,App,5,recommended room great service service amazing trip trip room recommended room pleasant hotel service location service great service location service amazing pleasant service trip pleasant great service stay great service room location stay pleasant service location service pleasant experience amazing great service great service stay location recommended location great service experience hotel amazing great service great service location pleasant pleasant trip service stay amazing trip great service experience pleasant great service trip amazing hotel trip experience location service great service hotel great service stay service great service stay pleasant pleasant trip amazing pleasant experience experience stay great service location room experience experience service service amazing experience recommended stay location recommended experience great service experience great service hotel great service pleasant great service stay great service experience location recommended great service great service service great service pleasant stay experience experience room room stay great service great service recommended location location experience room great service experience recommended,Positive
CUST1645,Goa,Web,5,experience hotel location recommended location service stay recommended trip stay stay location stay location recommended recommended hotel recommended stay great service stay experience amazing experience recommended amazing recommended recommended room amazing,Positive
CUST1646,Delhi,App,1,service unpleasant location not recommended service room room experience not recommended stay unpleasant not recommended location hotel service location not recommended not recommended bad not recommended unpleasant not recommended service not recommended not recommended not recommended experience bad stay bad experience not recommended location not recommended experience bad bad unpleasant bad service not recommended hotel room stay location hotel stay service not recommended location not recommended stay bad hotel hotel not recommended trip trip bad bad hotel bad not recommended not recommended experience room experience hotel experience bad bad experience bad,Negative
CUST1647,Jaipur,App,2,trip experience trip bad hotel hotel unpleasant trip stay service terrible room hotel terrible unpleasant room stay experience bad terrible unpleasant bad stay stay service experience bad bad hotel hotel experience terrible not recommended experience service room service bad bad room room bad bad hotel location room terrible bad stay not recommended bad experience terrible stay terrible terrible unpleasant experience bad bad trip bad location location room room bad experience stay stay hotel trip bad room not recommended room experience terrible unpleasant unpleasant experience location unpleasant trip hotel room terrible stay experience bad unpleasant not recommended bad service not recommended not recommended trip stay stay stay room bad hotel service bad bad location service terrible terrible room experience trip not recommended service unpleasant location not recommended bad terrible bad bad terrible bad stay experience hotel,Negative
CUST1648,Mumbai,App,4,hotel location room pleasant location fantastic experience great service enjoyable fantastic experience enjoyable fantastic room pleasant pleasant location great service great service experience pleasant trip trip enjoyable room pleasant hotel amazing pleasant pleasant service great service experience fantastic service stay pleasant fantastic great service service hotel enjoyable amazing amazing fantastic experience enjoyable stay service room fantastic great service pleasant pleasant service trip hotel service hotel trip fantastic service great service pleasant amazing hotel experience trip room experience trip amazing room trip service enjoyable trip great service location location enjoyable location hotel service great service location pleasant stay stay service pleasant hotel room hotel service experience experience experience pleasant stay pleasant room location location pleasant service experience amazing trip experience fantastic experience amazing stay enjoyable pleasant service location great service amazing enjoyable enjoyable fantastic trip amazing hotel great service enjoyable enjoyable pleasant service hotel pleasant pleasant pleasant location great service service pleasant location,Positive
CUST1649,Mumbai,Web,5,experience amazing stay service amazing amazing pleasant pleasant stay service service experience amazing amazing amazing pleasant recommended recommended experience amazing trip room recommended trip stay hotel enjoyable room amazing location service stay pleasant recommended room trip trip amazing enjoyable enjoyable room enjoyable trip pleasant stay room recommended service hotel location trip recommended amazing room experience pleasant amazing amazing stay recommended recommended hotel recommended recommended service experience hotel trip recommended stay amazing recommended hotel service enjoyable recommended stay service enjoyable enjoyable hotel recommended pleasant room stay pleasant recommended amazing room amazing experience service stay room amazing service experience location hotel pleasant amazing amazing pleasant location recommended hotel enjoyable,Positive
CUST1650,Delhi,Web,3,okay moderate experience experience service room acceptable location acceptable okay room acceptable okay acceptable service moderate acceptable trip room room room room location acceptable acceptable room acceptable service moderate stay trip moderate acceptable service acceptable stay trip acceptable trip trip stay location acceptable okay acceptable hotel location okay moderate acceptable acceptable trip hotel experience acceptable acceptable acceptable moderate moderate acceptable acceptable acceptable acceptable service trip okay experience okay moderate trip okay acceptable acceptable acceptable service stay service okay acceptable stay location okay stay acceptable okay acceptable experience room okay acceptable location service location service acceptable location acceptable trip hotel acceptable acceptable acceptable location service stay experience service trip room experience trip room moderate moderate experience moderate hotel acceptable service trip okay acceptable okay hotel room okay acceptable moderate acceptable location location hotel moderate stay hotel trip trip hotel experience experience location stay okay room okay,Neutral
CUST1651,Goa,Web,4,amazing experience service enjoyable experience trip stay experience location room hotel room hotel recommended service location enjoyable recommended experience hotel location room location stay amazing experience service stay location amazing trip trip recommended experience stay amazing trip hotel pleasant great service location amazing trip enjoyable enjoyable service pleasant trip service amazing service great service enjoyable amazing stay amazing amazing hotel stay amazing stay great service service service hotel experience room trip great service amazing amazing location,Positive
CUST1652,Jaipur,Web,5,room pleasant room fantastic hotel hotel pleasant service recommended service trip pleasant room enjoyable location enjoyable hotel fantastic experience fantastic stay trip fantastic service trip stay pleasant pleasant trip location fantastic hotel pleasant experience fantastic stay pleasant recommended stay pleasant fantastic enjoyable experience stay fantastic pleasant location recommended service pleasant hotel pleasant pleasant enjoyable pleasant pleasant fantastic hotel pleasant fantastic trip pleasant experience hotel pleasant service experience pleasant room enjoyable pleasant trip service fantastic experience service location location room hotel room pleasant stay,Positive
CUST1653,Jaipur,Web,4,fantastic fantastic room location trip location recommended recommended recommended enjoyable location fantastic fantastic room recommended recommended stay fantastic trip trip enjoyable experience recommended fantastic stay hotel hotel stay service enjoyable room stay service trip service fantastic recommended stay recommended recommended enjoyable fantastic service fantastic recommended recommended fantastic room fantastic stay fantastic fantastic room hotel location recommended room fantastic experience recommended hotel fantastic fantastic trip location recommended fantastic trip enjoyable trip stay experience room fantastic service experience recommended recommended service experience recommended fantastic fantastic recommended fantastic location service stay recommended experience fantastic room hotel enjoyable experience fantastic stay recommended service experience service recommended location recommended recommended service service recommended recommended fantastic recommended,Positive
CUST1654,Jaipur,App,5,stay hotel service service amazing amazing enjoyable great service experience hotel great service enjoyable amazing experience stay pleasant location recommended room recommended stay trip service pleasant amazing recommended location location recommended service enjoyable enjoyable enjoyable recommended room service experience pleasant service recommended trip pleasant enjoyable location pleasant service hotel stay amazing stay experience amazing service amazing recommended recommended amazing experience hotel hotel enjoyable amazing enjoyable recommended great service location stay room stay stay stay experience room recommended recommended room stay recommended experience pleasant pleasant amazing recommended service room great service recommended stay trip experience experience recommended hotel amazing trip amazing great service service hotel,Positive
CUST1655,Goa,App,2,bad experience bad room trip experience trip poor not recommended stay stay service trip location service bad stay stay bad room hotel service bad experience room bad hotel bad bad trip bad location experience bad bad bad experience experience poor hotel experience bad trip room room trip not recommended hotel location bad service stay bad service experience hotel stay bad room poor hotel bad bad bad service bad bad not recommended experience room poor bad not recommended experience hotel trip stay poor bad trip experience stay service bad experience trip not recommended bad hotel not recommended not recommended trip not recommended trip service not recommended bad bad location bad bad location,Negative
CUST1656,Delhi,Web,4,amazing trip stay location fantastic location location fantastic fantastic experience amazing service fantastic experience experience fantastic fantastic service fantastic service location location service service stay amazing amazing stay amazing stay trip fantastic hotel fantastic experience amazing fantastic fantastic fantastic room amazing location fantastic location fantastic fantastic room fantastic trip fantastic amazing stay room location amazing amazing amazing fantastic experience fantastic fantastic fantastic location stay fantastic stay experience fantastic hotel experience fantastic trip amazing experience trip experience fantastic fantastic fantastic fantastic location experience fantastic location fantastic service amazing room trip hotel amazing fantastic trip experience amazing fantastic amazing fantastic amazing experience stay amazing service stay amazing amazing stay fantastic hotel fantastic fantastic fantastic service experience fantastic room trip fantastic amazing fantastic hotel service location fantastic experience fantastic fantastic amazing service trip fantastic trip room amazing location fantastic fantastic fantastic location location fantastic experience fantastic hotel fantastic location fantastic,Positive
CUST1657,Mumbai,App,4,stay trip stay enjoyable service hotel enjoyable enjoyable great service great service room enjoyable experience experience great service trip hotel room amazing great service trip service hotel enjoyable trip hotel experience amazing service great service great service stay great service great service amazing room great service trip stay enjoyable stay enjoyable service great service great service great service room,Positive
CUST1658,Bangalore,Web,4,pleasant amazing service recommended trip recommended location pleasant recommended recommended service experience service room recommended amazing room recommended stay trip service experience amazing experience location recommended experience amazing hotel experience pleasant amazing fantastic pleasant room recommended trip trip pleasant recommended stay location stay pleasant pleasant pleasant room hotel experience pleasant pleasant amazing experience hotel service fantastic pleasant stay hotel stay hotel trip experience trip hotel hotel service fantastic pleasant recommended hotel amazing fantastic trip fantastic hotel experience stay room trip experience stay trip experience recommended hotel service recommended amazing pleasant experience hotel room stay amazing recommended recommended amazing hotel pleasant pleasant location hotel recommended recommended trip room hotel pleasant experience service amazing pleasant service pleasant hotel trip trip room pleasant room recommended service stay location stay location amazing pleasant location trip pleasant room recommended trip service location recommended experience pleasant fantastic service recommended recommended room stay pleasant experience stay recommended pleasant stay experience hotel amazing stay,Positive
CUST1659,Mumbai,App,5,recommended recommended pleasant trip location pleasant pleasant hotel room stay service trip location pleasant pleasant room hotel recommended amazing room pleasant pleasant hotel pleasant location room room trip hotel pleasant pleasant trip stay pleasant experience trip location hotel room amazing location experience recommended pleasant hotel pleasant stay pleasant trip service experience recommended,Positive
CUST1660,Delhi,App,4,great service great service great service fantastic room great service stay trip fantastic trip great service experience hotel service enjoyable experience room stay stay stay hotel location stay great service service room pleasant enjoyable location stay great service great service service hotel fantastic great service location fantastic room room great service hotel stay room great service pleasant location room enjoyable experience pleasant experience great service experience great service hotel experience great service experience great service pleasant pleasant great service great service room room service hotel enjoyable trip hotel enjoyable service room trip service room pleasant room enjoyable trip pleasant pleasant fantastic stay pleasant great service stay enjoyable enjoyable hotel fantastic pleasant great service hotel enjoyable room stay room pleasant stay pleasant great service great service service fantastic great service service room fantastic pleasant,Positive
CUST1661,Mumbai,Web,2,experience room location service not recommended location hotel unpleasant stay unpleasant trip stay service unpleasant location not recommended not recommended not recommended unpleasant stay not recommended not recommended unpleasant unpleasant service hotel trip not recommended location unpleasant not recommended not recommended not recommended not recommended location trip stay not recommended not recommended unpleasant trip stay not recommended unpleasant hotel unpleasant experience not recommended not recommended stay unpleasant unpleasant location hotel not recommended location room,Negative
CUST1662,Delhi,App,4,experience fantastic great service enjoyable room fantastic stay recommended pleasant fantastic location pleasant location service trip room room enjoyable fantastic trip hotel fantastic pleasant pleasant experience enjoyable fantastic enjoyable fantastic great service recommended hotel stay hotel hotel recommended stay room trip experience room hotel service great service service great service trip trip recommended room room pleasant room great service pleasant fantastic enjoyable room recommended hotel fantastic hotel fantastic recommended recommended room trip fantastic enjoyable location fantastic room fantastic fantastic great service recommended experience stay room fantastic location trip enjoyable room fantastic recommended fantastic recommended service fantastic experience great service fantastic pleasant pleasant trip service location hotel pleasant enjoyable trip trip great service recommended experience stay enjoyable fantastic pleasant service fantastic,Positive
CUST1663,Delhi,Web,2,hotel hotel service not recommended stay hotel not recommended hotel experience hotel stay hotel poor unpleasant poor poor poor room unpleasant poor stay poor service service location location location unpleasant stay trip stay hotel not recommended unpleasant not recommended poor location experience unpleasant service room not recommended not recommended not recommended location experience experience location room poor hotel not recommended not recommended location service service location not recommended trip room stay poor trip unpleasant not recommended not recommended room hotel stay service experience unpleasant unpleasant hotel poor service poor poor unpleasant stay poor trip trip hotel service location room experience service not recommended poor not recommended service hotel poor not recommended poor stay service unpleasant room not recommended trip experience stay experience hotel hotel location poor not recommended experience experience unpleasant poor not recommended service poor trip location not recommended stay unpleasant not recommended poor poor poor trip hotel service poor service experience poor experience stay not recommended hotel poor poor hotel service experience not recommended poor not recommended unpleasant experience,Negative
CUST1664,Goa,Web,5,experience location service trip room pleasant pleasant location experience pleasant location recommended pleasant hotel hotel service location service amazing recommended trip recommended trip pleasant recommended pleasant amazing service amazing stay trip recommended trip amazing service hotel pleasant pleasant stay recommended amazing trip recommended recommended pleasant location stay hotel pleasant amazing stay service pleasant stay location room amazing recommended experience service trip location pleasant room recommended recommended recommended trip pleasant amazing hotel hotel recommended service recommended location recommended service room trip amazing amazing hotel hotel recommended hotel trip trip location amazing amazing recommended room experience pleasant amazing recommended hotel hotel service service pleasant recommended recommended trip amazing location recommended recommended,Positive
CUST1665,Mumbai,Web,4,room service recommended room pleasant pleasant pleasant location pleasant room service great service location service service pleasant pleasant pleasant pleasant pleasant location pleasant room location hotel pleasant trip pleasant hotel recommended room trip location pleasant stay room great service enjoyable pleasant pleasant location hotel pleasant service pleasant enjoyable pleasant stay great service pleasant pleasant experience experience room stay pleasant pleasant pleasant pleasant stay stay service service hotel location great service pleasant pleasant service stay location room enjoyable enjoyable hotel recommended pleasant stay pleasant recommended pleasant great service service location pleasant pleasant hotel pleasant experience pleasant service enjoyable room pleasant pleasant stay recommended pleasant stay hotel pleasant service enjoyable great service stay room great service pleasant great service recommended pleasant experience trip enjoyable recommended stay hotel recommended experience service hotel pleasant location great service trip service stay experience room room pleasant experience stay location recommended great service trip experience enjoyable service pleasant stay stay trip pleasant hotel pleasant pleasant stay great service pleasant great service recommended pleasant location,Positive
CUST1666,Goa,Web,5,room great service pleasant fantastic experience pleasant room enjoyable trip pleasant enjoyable room experience pleasant stay enjoyable great service experience great service pleasant service location enjoyable recommended great service enjoyable trip experience experience room trip experience service trip enjoyable location pleasant fantastic room recommended pleasant room pleasant stay service room enjoyable trip room fantastic service pleasant experience stay stay recommended fantastic enjoyable stay trip experience trip hotel service pleasant experience pleasant pleasant recommended hotel room pleasant service service trip recommended pleasant trip enjoyable trip fantastic stay location enjoyable fantastic enjoyable location fantastic trip great service great service pleasant hotel fantastic service pleasant service location experience stay hotel stay enjoyable location enjoyable great service service fantastic room trip great service pleasant pleasant great service great service experience trip fantastic pleasant great service great service service pleasant room experience service hotel experience pleasant service service pleasant stay great service room great service experience great service location recommended great service service enjoyable fantastic enjoyable experience enjoyable stay fantastic recommended pleasant pleasant recommended trip enjoyable trip experience pleasant experience location location location pleasant room service stay great service great service great service,Positive
CUST1667,Bangalore,App,5,recommended location fantastic recommended hotel room location service room great service great service pleasant amazing fantastic great service location service fantastic service location stay hotel location great service fantastic hotel trip experience hotel experience fantastic hotel pleasant service great service amazing fantastic room service trip great service recommended stay amazing location,Positive
CUST1668,Jaipur,Web,1,location room experience location service not recommended experience poor service experience bad stay not recommended trip experience service service not recommended room poor poor room room hotel service room hotel hotel experience trip service service stay room not recommended poor trip hotel poor bad not recommended bad stay stay service stay room hotel room poor location room room not recommended trip unpleasant experience unpleasant,Negative
CUST1669,Jaipur,App,4,service enjoyable experience stay location amazing enjoyable fantastic hotel enjoyable service trip experience experience amazing amazing experience location stay enjoyable hotel hotel fantastic enjoyable fantastic hotel amazing experience hotel enjoyable location fantastic fantastic amazing service experience experience experience fantastic stay stay amazing service hotel fantastic experience enjoyable stay amazing fantastic fantastic service pleasant pleasant room enjoyable pleasant stay enjoyable fantastic hotel enjoyable location service amazing hotel amazing service hotel amazing service location fantastic experience pleasant trip amazing room trip hotel amazing location,Positive
CUST1670,Goa,App,4,experience fantastic service pleasant trip fantastic amazing fantastic trip hotel pleasant pleasant great service hotel pleasant trip hotel trip room amazing great service stay stay recommended hotel pleasant recommended pleasant experience room trip experience location fantastic experience great service trip experience recommended fantastic fantastic recommended pleasant fantastic pleasant room experience pleasant stay service room trip great service stay trip location stay great service great service pleasant location amazing service great service pleasant hotel experience hotel service fantastic amazing location pleasant location fantastic location trip trip great service hotel recommended experience location hotel recommended great service pleasant pleasant pleasant stay location service stay trip pleasant trip experience room experience pleasant great service service amazing pleasant pleasant great service great service room experience recommended fantastic location room amazing hotel recommended location experience trip trip hotel hotel experience room stay trip stay fantastic location great service fantastic pleasant service experience experience location great service pleasant recommended room pleasant pleasant experience great service pleasant pleasant amazing stay pleasant recommended trip trip trip stay fantastic pleasant recommended hotel location fantastic pleasant experience pleasant pleasant pleasant,Positive
CUST1671,Bangalore,App,5,location room location amazing amazing recommended amazing amazing pleasant location room trip experience room trip hotel recommended location stay experience amazing stay room fantastic hotel fantastic pleasant experience room amazing recommended hotel trip amazing experience pleasant location recommended experience experience room pleasant service room fantastic pleasant experience service service hotel fantastic stay hotel trip recommended amazing amazing amazing room location location pleasant stay trip location location trip location trip service experience hotel recommended pleasant hotel fantastic amazing trip recommended stay stay room room recommended amazing hotel room amazing amazing service room fantastic amazing trip amazing hotel room fantastic pleasant service pleasant hotel pleasant fantastic recommended stay amazing location hotel hotel room fantastic stay amazing location pleasant pleasant pleasant room trip stay,Positive
CUST1672,Bangalore,Web,1,experience stay not recommended terrible terrible stay experience unpleasant unpleasant unpleasant hotel location service stay hotel location terrible unpleasant service not recommended location trip poor terrible location not recommended trip unpleasant not recommended location not recommended unpleasant service experience unpleasant poor service room stay service unpleasant poor poor not recommended,Negative
CUST1673,Delhi,App,4,amazing amazing great service location room great service room hotel hotel great service great service experience amazing trip trip recommended amazing service great service pleasant hotel recommended great service room service room amazing trip room experience amazing recommended location great service hotel stay trip service pleasant trip experience enjoyable recommended pleasant location hotel service amazing stay location room location amazing amazing location trip amazing pleasant enjoyable room hotel enjoyable experience stay amazing amazing stay enjoyable experience pleasant enjoyable location stay stay trip service,Positive
CUST1674,Mumbai,App,1,not recommended trip bad room not recommended location unpleasant experience trip not recommended location location trip service bad trip experience not recommended unpleasant location service room bad stay unpleasant hotel location unpleasant experience unpleasant not recommended hotel trip room location bad location bad bad service location trip unpleasant room service trip stay bad hotel unpleasant hotel not recommended not recommended bad hotel trip not recommended bad stay trip experience hotel not recommended stay location room bad stay unpleasant room not recommended hotel experience service trip bad service not recommended unpleasant not recommended service location stay bad room bad stay room experience experience not recommended service room room trip not recommended bad hotel not recommended bad location unpleasant location service bad stay location stay experience location service not recommended service stay bad bad bad service experience bad experience location stay bad trip not recommended not recommended bad not recommended bad stay experience service not recommended trip bad not recommended stay room bad room not recommended unpleasant not recommended hotel service trip bad not recommended bad service not recommended location bad not recommended unpleasant room location not recommended bad not recommended not recommended experience stay unpleasant stay bad unpleasant location location unpleasant room room not recommended service trip bad stay stay not recommended unpleasant bad not recommended unpleasant service not recommended trip stay stay bad unpleasant not recommended hotel room unpleasant service stay,Negative
CUST1675,Jaipur,App,4,recommended room recommended enjoyable great service hotel location service location great service recommended great service recommended experience enjoyable stay recommended location enjoyable recommended hotel stay enjoyable great service hotel recommended location recommended experience stay recommended hotel hotel enjoyable location room recommended great service recommended experience hotel experience enjoyable room room service recommended stay experience recommended recommended stay hotel hotel room location stay great service trip service recommended hotel trip recommended recommended hotel stay great service hotel stay service,Positive
CUST1676,Mumbai,Web,5,experience recommended recommended fantastic enjoyable enjoyable service enjoyable service recommended experience experience recommended trip recommended room room recommended fantastic enjoyable recommended recommended service enjoyable recommended service enjoyable enjoyable fantastic experience recommended experience enjoyable recommended trip recommended recommended service enjoyable recommended location recommended experience enjoyable hotel service recommended hotel enjoyable hotel recommended recommended service service hotel enjoyable experience trip recommended fantastic fantastic fantastic location room location enjoyable enjoyable service stay location fantastic fantastic stay recommended location recommended enjoyable room location room service recommended service experience recommended hotel location trip service fantastic trip hotel service enjoyable enjoyable location hotel enjoyable recommended room location experience fantastic location location enjoyable recommended service trip enjoyable service recommended recommended recommended enjoyable experience trip room experience room stay recommended recommended enjoyable room recommended fantastic trip experience hotel fantastic trip location trip hotel recommended recommended recommended recommended recommended recommended recommended room stay trip hotel location enjoyable stay experience service hotel service recommended service fantastic location trip recommended trip hotel service service trip enjoyable service recommended service stay trip location recommended trip experience enjoyable,Positive
CUST1677,Bangalore,Web,4,location recommended enjoyable room trip trip enjoyable location pleasant stay experience great service service trip stay pleasant recommended pleasant trip location service location pleasant pleasant hotel location stay pleasant enjoyable great service hotel location recommended recommended great service stay pleasant service pleasant hotel hotel recommended recommended experience enjoyable service enjoyable enjoyable enjoyable trip stay pleasant trip location hotel pleasant location enjoyable hotel service pleasant hotel trip pleasant pleasant stay service pleasant pleasant stay pleasant room pleasant stay trip pleasant room experience pleasant great service pleasant trip pleasant trip experience pleasant great service pleasant trip pleasant pleasant trip recommended hotel trip location stay hotel location stay room experience pleasant stay pleasant experience pleasant enjoyable great service experience hotel pleasant recommended service pleasant location service hotel location stay service pleasant recommended enjoyable service stay pleasant room pleasant service pleasant pleasant pleasant great service experience location pleasant enjoyable enjoyable great service room trip location trip pleasant service experience experience hotel location location pleasant pleasant hotel experience recommended recommended service recommended enjoyable experience location pleasant stay service hotel service trip pleasant hotel great service location trip service experience enjoyable enjoyable stay pleasant enjoyable stay recommended recommended service pleasant pleasant stay,Positive
CUST1678,Jaipur,App,2,terrible trip experience terrible room room terrible terrible location trip trip stay location hotel location trip terrible experience hotel service terrible location not recommended terrible stay service not recommended terrible room location terrible room location service stay terrible stay poor poor hotel room terrible not recommended terrible trip poor poor terrible service stay service poor stay not recommended poor experience terrible room terrible room not recommended terrible terrible terrible trip terrible room stay terrible not recommended terrible trip service terrible trip terrible hotel room terrible room trip terrible location room stay not recommended poor experience terrible poor terrible terrible stay room terrible terrible hotel not recommended not recommended hotel terrible room trip room room room hotel room terrible not recommended terrible hotel trip room terrible trip experience terrible terrible terrible not recommended experience stay not recommended service terrible trip trip terrible location not recommended room service location trip stay terrible terrible service location terrible hotel service stay stay stay trip poor terrible service not recommended service terrible,Negative
CUST1679,Mumbai,Web,4,hotel fantastic amazing trip fantastic service trip stay location room experience stay recommended fantastic fantastic room trip trip fantastic hotel fantastic fantastic hotel stay fantastic location fantastic experience experience experience recommended fantastic fantastic enjoyable experience location recommended location fantastic fantastic amazing room enjoyable fantastic trip fantastic room fantastic enjoyable amazing service experience location fantastic location service fantastic amazing stay recommended recommended service fantastic service service trip fantastic location room experience fantastic service recommended service stay experience service,Positive
CUST1680,Jaipur,Web,3,service decent decent decent acceptable room decent service hotel location acceptable location acceptable room experience location decent experience decent acceptable acceptable acceptable location decent location trip decent experience acceptable location acceptable acceptable trip hotel stay service service acceptable stay location trip room decent service acceptable acceptable decent acceptable location service trip hotel room stay service decent acceptable trip experience room decent service decent location room acceptable service decent trip acceptable experience experience stay experience acceptable service hotel acceptable decent trip service decent trip experience trip stay acceptable service hotel decent stay service stay experience decent service trip hotel stay location service experience trip experience decent room acceptable acceptable service acceptable trip decent acceptable trip trip acceptable acceptable hotel stay hotel experience acceptable acceptable location,Neutral
CUST1681,Jaipur,App,3,room location location acceptable trip service acceptable decent experience acceptable room acceptable experience service location service acceptable acceptable acceptable stay acceptable moderate acceptable experience service okay acceptable hotel experience service stay acceptable location acceptable room acceptable trip stay room okay service location trip room acceptable trip okay decent room location okay hotel experience stay stay decent hotel room stay moderate moderate decent moderate trip okay decent acceptable decent hotel decent location okay acceptable location room experience moderate decent trip decent okay acceptable acceptable acceptable experience acceptable stay trip experience okay room service location location experience acceptable experience moderate experience acceptable trip location service room service acceptable moderate hotel moderate room decent room location acceptable experience hotel trip decent,Neutral
CUST1682,Jaipur,Web,3,moderate moderate okay location decent room okay moderate decent moderate moderate okay room room okay room moderate okay moderate okay service stay experience trip service trip location hotel service hotel okay trip room location experience moderate moderate okay location okay moderate moderate hotel okay okay okay room moderate okay moderate trip moderate okay moderate okay location stay stay room hotel moderate hotel experience location okay moderate decent okay room moderate hotel room decent location trip okay experience location service moderate moderate location moderate okay moderate okay service okay trip okay experience room stay location,Neutral
CUST1683,Mumbai,App,4,enjoyable enjoyable room pleasant trip room hotel experience stay experience experience stay service amazing pleasant trip trip room room pleasant stay room pleasant location amazing enjoyable pleasant trip enjoyable pleasant service experience experience enjoyable room service stay pleasant stay trip amazing pleasant pleasant enjoyable room amazing experience room amazing location experience enjoyable hotel pleasant service service room pleasant pleasant enjoyable enjoyable room room stay stay enjoyable amazing enjoyable service location service experience room enjoyable pleasant amazing location pleasant hotel pleasant room service enjoyable location amazing amazing pleasant stay service amazing service location amazing enjoyable,Positive
CUST1684,Mumbai,App,3,acceptable trip service acceptable room stay average trip location experience hotel stay room trip service hotel hotel location decent decent stay acceptable room room stay trip trip trip decent hotel acceptable stay stay trip acceptable location average stay trip acceptable acceptable room experience trip acceptable service acceptable acceptable trip hotel trip stay average decent hotel decent acceptable acceptable acceptable decent stay hotel service decent average hotel hotel hotel stay decent decent service hotel stay service acceptable decent average stay stay acceptable stay average stay acceptable location hotel decent acceptable average service experience acceptable experience acceptable decent location decent acceptable hotel stay experience service decent acceptable average trip room decent acceptable trip average location average experience room stay experience trip hotel location location hotel decent stay decent stay acceptable decent average decent stay average trip acceptable experience trip service average average room room stay acceptable room decent decent stay stay decent trip room stay hotel trip decent acceptable hotel acceptable decent acceptable decent acceptable experience trip experience,Neutral
CUST1685,Jaipur,App,4,service amazing recommended amazing recommended amazing experience hotel service location room fantastic stay hotel room recommended room amazing fantastic amazing service experience fantastic stay amazing amazing amazing amazing trip amazing recommended room amazing service hotel location location amazing fantastic room recommended stay recommended fantastic trip recommended experience stay stay hotel service amazing room recommended amazing room recommended location trip fantastic recommended service fantastic amazing location experience location stay recommended location fantastic recommended room trip service trip experience amazing service amazing fantastic service location fantastic,Positive
CUST1686,Delhi,Web,4,pleasant enjoyable fantastic hotel trip hotel amazing trip service fantastic service enjoyable enjoyable amazing experience experience location amazing hotel room service enjoyable service enjoyable location location fantastic amazing location enjoyable service room pleasant service room service hotel location enjoyable trip enjoyable enjoyable hotel pleasant enjoyable enjoyable enjoyable fantastic enjoyable hotel stay fantastic service enjoyable experience trip trip experience enjoyable experience stay trip enjoyable stay room enjoyable enjoyable enjoyable enjoyable service amazing amazing pleasant experience enjoyable hotel fantastic pleasant stay amazing location fantastic hotel pleasant enjoyable hotel experience trip location experience location trip pleasant service room enjoyable amazing trip hotel enjoyable stay service location hotel amazing fantastic service enjoyable enjoyable service trip location stay enjoyable room enjoyable enjoyable stay trip enjoyable,Positive
CUST1687,Goa,App,5,room stay service stay stay pleasant fantastic pleasant hotel pleasant location pleasant recommended recommended experience recommended experience recommended stay experience trip stay room experience stay location fantastic pleasant enjoyable experience fantastic stay pleasant location fantastic experience hotel,Positive
CUST1688,Bangalore,App,2,poor poor poor trip hotel poor poor service unpleasant poor service not recommended poor service poor not recommended poor service trip location unpleasant bad room trip location hotel hotel experience location hotel bad hotel experience bad trip not recommended location stay bad stay,Negative
CUST1689,Bangalore,Web,5,pleasant stay recommended service service room pleasant pleasant room stay great service room room service location recommended hotel pleasant location pleasant room amazing hotel pleasant recommended recommended amazing service experience hotel amazing experience great service amazing hotel experience pleasant hotel amazing experience experience hotel location service location hotel hotel room hotel amazing great service experience pleasant pleasant trip amazing experience amazing trip pleasant pleasant room amazing amazing amazing amazing hotel recommended location great service experience experience amazing location pleasant amazing stay great service location room location hotel great service pleasant trip stay amazing great service experience great service,Positive
CUST1690,Mumbai,Web,3,decent room hotel stay trip stay acceptable experience acceptable stay trip stay average trip room hotel hotel hotel acceptable location room experience acceptable hotel okay trip service stay service hotel experience location service okay trip experience okay hotel stay room location room room service room experience location decent average acceptable experience acceptable acceptable okay,Neutral
CUST1691,Goa,App,4,fantastic experience room hotel stay stay stay enjoyable amazing amazing trip service stay fantastic room fantastic stay amazing experience amazing stay trip stay stay stay experience room room amazing fantastic room fantastic room experience stay amazing fantastic room enjoyable fantastic amazing stay amazing amazing fantastic amazing hotel room fantastic amazing service experience enjoyable stay trip enjoyable fantastic fantastic amazing hotel amazing room room amazing amazing amazing location hotel pleasant enjoyable room service amazing location fantastic location experience pleasant stay hotel fantastic amazing room pleasant fantastic service hotel pleasant fantastic service amazing enjoyable amazing hotel pleasant hotel location enjoyable location experience service fantastic fantastic hotel experience hotel service enjoyable amazing amazing fantastic hotel room stay service fantastic service pleasant amazing fantastic service fantastic fantastic fantastic enjoyable experience amazing hotel pleasant pleasant fantastic service trip fantastic service stay trip trip amazing service trip experience,Positive
CUST1692,Goa,App,5,trip trip recommended location great service service location enjoyable trip service enjoyable hotel experience enjoyable amazing hotel room amazing trip fantastic room enjoyable great service trip great service stay service stay enjoyable trip stay hotel stay hotel recommended service recommended hotel recommended trip location location great service enjoyable experience great service experience enjoyable enjoyable hotel fantastic room enjoyable experience fantastic hotel enjoyable stay stay trip fantastic enjoyable enjoyable recommended enjoyable experience fantastic stay trip service fantastic fantastic enjoyable enjoyable great service hotel service enjoyable trip hotel enjoyable room room experience fantastic great service great service trip fantastic stay room experience hotel experience hotel amazing service location great service hotel enjoyable fantastic fantastic room great service room location location room amazing stay trip enjoyable stay trip experience recommended trip trip enjoyable room fantastic room enjoyable stay service stay hotel stay stay amazing service enjoyable room stay recommended location service enjoyable enjoyable experience enjoyable enjoyable enjoyable service enjoyable location service fantastic room hotel fantastic enjoyable trip experience location room experience recommended great service recommended trip room room stay amazing enjoyable amazing trip trip room,Positive
CUST1693,Delhi,Web,3,okay experience okay hotel average decent service service decent decent service trip acceptable okay okay okay service okay experience acceptable experience trip average location location acceptable trip decent trip service experience location stay okay stay room acceptable room,Neutral
CUST1694,Goa,App,2,unpleasant hotel stay unpleasant service poor trip experience terrible poor service terrible terrible poor poor experience stay room stay room room poor terrible service location location unpleasant hotel unpleasant stay service trip hotel hotel poor trip terrible room poor poor experience location poor service room unpleasant trip poor location location hotel hotel service unpleasant hotel trip terrible stay location hotel service terrible hotel location hotel terrible room unpleasant unpleasant poor hotel unpleasant poor poor trip stay hotel stay poor location hotel experience poor experience unpleasant poor location unpleasant room stay terrible poor service poor unpleasant hotel trip location service poor unpleasant poor trip experience location service experience poor unpleasant poor room unpleasant unpleasant unpleasant stay service service poor unpleasant room terrible unpleasant terrible terrible hotel stay service unpleasant unpleasant unpleasant poor hotel unpleasant location trip trip room,Negative
CUST1695,Bangalore,App,5,pleasant stay hotel enjoyable experience enjoyable trip recommended room service recommended trip location great service recommended great service recommended great service great service hotel hotel enjoyable service hotel stay trip great service recommended recommended room hotel recommended great service recommended room stay trip enjoyable recommended room recommended experience location trip experience recommended stay stay hotel trip enjoyable stay trip trip stay pleasant recommended recommended stay enjoyable hotel trip pleasant trip trip recommended room recommended stay pleasant recommended enjoyable enjoyable recommended room recommended trip recommended recommended service experience pleasant room great service experience recommended recommended pleasant trip hotel experience experience pleasant recommended room enjoyable room recommended experience recommended service service hotel great service location pleasant hotel room hotel enjoyable hotel great service hotel enjoyable stay great service recommended service pleasant stay stay pleasant recommended stay,Positive
CUST1696,Goa,App,3,room stay location experience trip hotel stay average stay hotel experience average okay trip average average average hotel average experience location service stay room room okay average room location trip service average experience average experience room average trip service okay okay experience stay experience location trip average location average service service okay average location stay average okay hotel stay experience average average location average location trip stay service trip trip average experience stay trip stay trip location hotel service average average service experience average room average average hotel average okay room okay average location hotel okay service okay service service okay hotel trip experience stay okay okay average hotel experience okay stay location experience hotel okay trip hotel okay service average stay okay average okay experience trip okay okay okay okay stay location okay okay stay average average room okay hotel location okay experience okay hotel room average location average room location service room okay location hotel trip location average average okay room location average service average okay okay,Neutral
CUST1697,Mumbai,Web,4,stay great service room location location experience service enjoyable enjoyable enjoyable service stay room stay stay location trip room great service service stay recommended service hotel service service trip recommended enjoyable great service trip enjoyable trip location room experience hotel trip stay enjoyable experience great service great service enjoyable service stay enjoyable stay room recommended trip location experience trip experience hotel experience hotel service hotel enjoyable enjoyable great service enjoyable service trip experience enjoyable service great service enjoyable recommended great service location location great service trip great service enjoyable stay enjoyable trip recommended enjoyable experience great service service trip location service enjoyable location room great service stay enjoyable location enjoyable enjoyable trip great service enjoyable recommended service great service experience enjoyable location hotel experience experience experience trip hotel great service enjoyable enjoyable great service recommended enjoyable enjoyable enjoyable hotel enjoyable enjoyable location stay enjoyable service enjoyable room trip stay hotel recommended great service great service experience enjoyable enjoyable location enjoyable service,Positive
CUST1698,Goa,App,3,okay stay stay stay moderate room average location trip okay hotel experience moderate hotel service location room trip okay okay stay moderate okay experience trip moderate stay experience room room trip experience room trip experience location okay moderate location location stay moderate okay average moderate average service okay okay experience experience okay location average service okay room average average service okay experience service moderate service okay location location hotel trip service experience hotel location moderate moderate,Neutral
CUST1699,Goa,Web,4,enjoyable great service enjoyable enjoyable trip room great service location hotel enjoyable enjoyable hotel experience room great service great service stay room experience great service experience stay trip enjoyable enjoyable hotel enjoyable great service great service enjoyable enjoyable great service room great service hotel location location great service great service location trip trip great service room experience stay enjoyable experience great service trip recommended great service hotel recommended enjoyable room experience hotel enjoyable hotel great service recommended enjoyable hotel experience trip great service location trip great service service great service room experience great service service recommended room enjoyable room room great service great service enjoyable enjoyable hotel trip recommended location experience service trip great service enjoyable recommended experience room enjoyable recommended experience experience recommended great service location service room enjoyable hotel enjoyable hotel enjoyable room trip great service enjoyable great service enjoyable recommended room service enjoyable great service hotel location location location hotel enjoyable hotel location location enjoyable enjoyable room trip experience service hotel enjoyable hotel great service location trip enjoyable service room stay great service location stay enjoyable great service location stay hotel great service recommended great service enjoyable service room enjoyable location stay room stay great service room hotel trip hotel trip enjoyable experience great service great service enjoyable experience enjoyable great service location enjoyable great service recommended service enjoyable enjoyable great service great service great service,Positive
CUST1700,Delhi,Web,5,stay stay amazing stay stay trip service experience room amazing location stay trip stay trip room service trip location hotel recommended amazing amazing trip room recommended service room experience trip experience stay recommended service amazing hotel fantastic experience experience hotel room amazing amazing service amazing location fantastic recommended amazing service experience amazing room fantastic amazing amazing fantastic trip amazing stay amazing location amazing amazing fantastic amazing amazing recommended,Positive
CUST1701,Jaipur,App,5,hotel trip location service experience service service fantastic fantastic fantastic trip fantastic trip pleasant fantastic great service fantastic fantastic room fantastic pleasant great service hotel pleasant fantastic service fantastic fantastic pleasant service experience service fantastic room location fantastic fantastic trip stay experience experience experience fantastic experience fantastic trip experience stay trip service fantastic experience fantastic service experience fantastic pleasant hotel pleasant pleasant fantastic fantastic fantastic stay service experience room fantastic trip fantastic experience experience hotel service fantastic experience room room fantastic hotel service pleasant fantastic service hotel hotel experience hotel trip trip fantastic great service stay trip trip fantastic hotel experience trip fantastic service service room fantastic hotel fantastic great service fantastic hotel trip service pleasant great service pleasant fantastic great service experience fantastic service hotel stay service great service fantastic stay fantastic pleasant trip fantastic trip service experience great service trip trip fantastic great service experience trip trip room service trip fantastic fantastic great service,Positive
CUST1702,Goa,Web,5,hotel fantastic pleasant trip service room hotel amazing amazing recommended amazing great service pleasant amazing room fantastic great service location amazing stay recommended hotel recommended amazing pleasant room experience experience great service great service amazing stay service fantastic pleasant great service amazing amazing amazing great service trip trip room location service experience fantastic trip location recommended trip recommended hotel amazing fantastic fantastic service amazing stay fantastic amazing room experience amazing pleasant room experience fantastic hotel amazing stay experience location amazing pleasant location experience amazing stay experience location stay location pleasant experience stay great service amazing room service great service trip great service recommended service room great service amazing amazing great service fantastic fantastic recommended trip trip hotel stay amazing stay great service hotel stay hotel service pleasant experience location recommended fantastic experience fantastic amazing stay fantastic fantastic trip experience trip trip pleasant experience stay recommended amazing great service recommended trip fantastic service pleasant amazing location recommended experience hotel great service location experience service pleasant fantastic pleasant recommended room pleasant recommended amazing hotel great service stay service trip trip trip service,Positive
CUST1703,Mumbai,App,5,service pleasant fantastic stay pleasant experience stay fantastic room amazing stay experience hotel amazing pleasant pleasant stay pleasant experience experience amazing pleasant pleasant amazing service trip amazing experience service trip hotel stay pleasant pleasant fantastic amazing pleasant location experience fantastic hotel fantastic location stay pleasant hotel pleasant experience hotel experience location pleasant trip room pleasant service room trip trip trip pleasant location trip amazing experience,Positive
CUST1704,Mumbai,App,5,fantastic amazing trip service room enjoyable fantastic amazing trip fantastic trip service amazing amazing pleasant fantastic room enjoyable stay fantastic pleasant hotel fantastic fantastic amazing hotel service experience amazing trip fantastic amazing pleasant amazing service location fantastic fantastic room room hotel fantastic location amazing service enjoyable location fantastic fantastic trip hotel amazing service enjoyable amazing experience service fantastic service fantastic pleasant fantastic trip location room stay fantastic pleasant trip enjoyable hotel trip trip room hotel room trip fantastic fantastic experience stay stay service room service location stay trip room service fantastic fantastic amazing location fantastic experience experience room service stay pleasant fantastic pleasant stay room service enjoyable pleasant fantastic experience pleasant hotel room trip enjoyable amazing hotel room,Positive
CUST1705,Bangalore,Web,4,enjoyable trip amazing service fantastic amazing recommended trip enjoyable trip experience fantastic recommended amazing location recommended stay amazing stay room amazing,Positive
CUST1706,Jaipur,Web,3,room hotel stay okay average service stay average trip okay room acceptable room average stay stay room acceptable decent service hotel service acceptable average hotel service average experience decent stay stay experience service location acceptable average room acceptable average hotel okay location stay acceptable service acceptable hotel stay okay trip acceptable average service okay room location location decent average decent service decent location location decent hotel okay acceptable trip service location average decent average experience decent okay stay hotel room hotel acceptable acceptable experience hotel location service average average average room hotel room average okay hotel okay decent acceptable acceptable hotel decent service location decent location experience,Neutral
CUST1707,Goa,App,5,room location pleasant pleasant trip recommended experience service recommended experience pleasant great service recommended recommended great service fantastic pleasant pleasant stay great service stay room great service room,Positive
CUST1708,Jaipur,App,5,experience pleasant pleasant service service hotel enjoyable great service location room trip enjoyable room enjoyable hotel trip great service location service great service pleasant great service pleasant pleasant trip great service pleasant trip pleasant enjoyable experience trip enjoyable location pleasant room trip service enjoyable experience stay trip hotel experience room location great service hotel pleasant stay pleasant stay great service service experience experience great service hotel room service pleasant room great service pleasant great service service trip pleasant location stay enjoyable enjoyable service hotel enjoyable room service trip great service enjoyable enjoyable enjoyable enjoyable trip great service great service location room enjoyable trip pleasant great service room pleasant enjoyable pleasant service experience location enjoyable location location great service service great service great service pleasant great service hotel enjoyable enjoyable enjoyable stay pleasant experience room enjoyable room experience pleasant enjoyable great service location hotel service room enjoyable enjoyable hotel location location enjoyable,Positive
CUST1709,Goa,App,2,trip poor location hotel hotel trip terrible poor trip stay experience terrible experience terrible poor experience hotel location stay hotel stay room poor room trip experience terrible bad service bad hotel trip stay experience poor stay poor stay poor experience trip hotel service poor room service room location room hotel poor location service experience hotel terrible poor bad room hotel hotel poor poor poor poor terrible terrible location trip service location experience terrible experience hotel poor trip stay experience bad service bad room stay room service bad poor terrible terrible service hotel stay poor experience trip trip poor bad poor location bad terrible experience terrible poor hotel service terrible stay trip poor stay poor trip service poor poor poor bad trip service trip experience poor poor hotel service stay trip bad terrible service bad bad service location poor location hotel bad service stay bad trip trip poor experience terrible service room poor room,Negative
CUST1710,Bangalore,Web,1,terrible room stay location service room location poor poor experience experience poor trip room hotel stay location poor room service service terrible service hotel poor unpleasant service terrible terrible poor poor terrible terrible experience poor poor terrible room room poor trip room poor stay experience trip terrible trip poor poor terrible terrible experience terrible poor trip room poor location location poor terrible stay stay trip unpleasant unpleasant location hotel experience stay unpleasant location service service service experience hotel poor room hotel trip location stay experience location poor poor poor terrible location room room service poor poor poor unpleasant terrible unpleasant trip location unpleasant experience service service,Negative
CUST1711,Delhi,App,1,room trip location unpleasant experience poor unpleasant poor not recommended unpleasant service poor trip experience unpleasant service poor terrible hotel service stay hotel terrible unpleasant trip terrible service location service terrible not recommended experience poor poor experience hotel terrible stay location experience location poor room hotel service stay hotel terrible trip poor location location poor poor poor room experience stay unpleasant trip room hotel service hotel experience stay room not recommended location hotel stay not recommended,Negative
CUST1712,Delhi,App,3,service decent moderate location average location decent trip average room service room average stay decent service moderate moderate decent hotel trip stay okay moderate trip average moderate okay hotel decent service experience okay location trip stay trip trip hotel okay decent decent hotel okay moderate trip experience hotel trip location service decent stay moderate location experience stay moderate experience moderate stay okay location hotel hotel moderate moderate location okay stay service moderate okay trip moderate stay experience decent experience service service trip trip hotel room room,Neutral
CUST1713,Delhi,Web,4,fantastic amazing fantastic amazing trip fantastic stay amazing amazing service trip amazing enjoyable pleasant amazing stay experience location stay hotel amazing location fantastic room trip amazing trip amazing service location hotel experience trip hotel service experience fantastic experience pleasant pleasant amazing enjoyable room pleasant amazing location room trip stay location location stay pleasant fantastic pleasant enjoyable room enjoyable amazing experience amazing service fantastic trip amazing stay hotel hotel amazing amazing experience hotel amazing experience amazing trip amazing amazing fantastic amazing location amazing fantastic fantastic fantastic pleasant location amazing amazing location room trip fantastic fantastic hotel location experience pleasant stay amazing stay amazing amazing hotel room trip amazing room fantastic amazing service amazing location amazing trip location service hotel hotel experience trip stay enjoyable experience stay experience location location enjoyable trip amazing trip amazing pleasant pleasant amazing fantastic trip enjoyable amazing enjoyable amazing experience pleasant amazing stay hotel location pleasant pleasant location pleasant service fantastic pleasant,Positive
CUST1714,Jaipur,App,5,pleasant recommended location room room service service stay recommended trip room location service pleasant room location pleasant location pleasant experience trip pleasant stay pleasant pleasant recommended location hotel recommended recommended room pleasant recommended recommended recommended pleasant recommended recommended stay pleasant recommended recommended recommended location room pleasant stay room location pleasant pleasant trip hotel recommended room trip experience location experience recommended service recommended experience hotel recommended hotel pleasant recommended recommended recommended room trip pleasant experience stay pleasant recommended pleasant experience hotel experience recommended pleasant recommended recommended pleasant location location pleasant experience pleasant stay recommended pleasant recommended pleasant pleasant experience hotel pleasant pleasant stay pleasant pleasant recommended recommended,Positive
CUST1715,Delhi,Web,3,average location stay acceptable hotel hotel trip room hotel hotel stay average hotel room service average room decent hotel trip room trip room acceptable experience experience trip average location room acceptable experience service location hotel service average experience decent decent decent room experience hotel decent trip decent room service service decent hotel decent acceptable hotel hotel decent decent average room experience decent location acceptable acceptable location average room average hotel acceptable room average service,Neutral
CUST1716,Jaipur,Web,4,location hotel hotel pleasant location location service room location room room experience pleasant room pleasant room hotel enjoyable pleasant trip amazing pleasant pleasant room enjoyable trip pleasant experience room stay trip experience enjoyable hotel hotel hotel enjoyable stay pleasant pleasant amazing pleasant experience amazing enjoyable pleasant room experience room trip service pleasant pleasant trip experience pleasant pleasant trip trip pleasant pleasant enjoyable pleasant stay location amazing trip pleasant pleasant room room room enjoyable amazing stay pleasant service location service enjoyable amazing hotel,Positive
CUST1717,Mumbai,Web,5,great service service pleasant trip experience great service amazing service hotel trip great service pleasant location hotel experience great service experience hotel trip great service great service amazing service amazing pleasant service pleasant stay room stay amazing stay location experience pleasant trip amazing room trip amazing great service experience service trip stay room trip experience stay great service amazing experience room hotel experience amazing stay amazing stay great service hotel amazing amazing great service stay hotel experience great service amazing trip hotel service stay pleasant amazing stay service trip location room service service great service amazing great service service hotel experience experience service amazing room location experience hotel location great service great service stay great service great service amazing experience great service location great service service great service pleasant great service pleasant location service amazing experience service pleasant service experience great service trip amazing amazing experience,Positive
CUST1718,Jaipur,Web,5,hotel service stay room trip experience pleasant experience service amazing experience experience stay location amazing room fantastic location amazing great service pleasant pleasant hotel hotel amazing location location location service location stay location experience location pleasant room experience hotel,Positive
CUST1719,Bangalore,App,5,pleasant fantastic stay stay trip fantastic pleasant room amazing room fantastic fantastic stay room trip pleasant fantastic amazing recommended trip recommended amazing pleasant recommended recommended stay recommended stay amazing trip service stay enjoyable fantastic service recommended enjoyable amazing amazing hotel service enjoyable pleasant fantastic service location trip amazing recommended enjoyable service experience hotel pleasant stay location room trip amazing amazing fantastic fantastic hotel experience hotel room stay amazing trip location stay pleasant pleasant room amazing stay location service fantastic room room recommended enjoyable experience experience fantastic hotel experience fantastic stay fantastic enjoyable hotel fantastic room experience location room location enjoyable stay amazing recommended,Positive
CUST1720,Mumbai,Web,3,experience stay acceptable stay room decent location moderate stay decent hotel moderate room decent room room decent location decent experience trip room acceptable decent experience acceptable acceptable experience service hotel moderate service service room decent experience trip trip room moderate acceptable location experience hotel acceptable acceptable acceptable moderate moderate moderate moderate acceptable trip hotel decent acceptable decent hotel room moderate experience location decent,Neutral
CUST1721,Jaipur,App,5,service amazing amazing location amazing service service great service stay amazing amazing room amazing recommended service experience amazing recommended trip location stay trip service amazing great service location amazing location great service amazing amazing recommended location recommended hotel location great service amazing great service service pleasant experience hotel service recommended recommended amazing recommended amazing hotel service location amazing amazing trip room experience hotel stay experience recommended amazing recommended great service amazing recommended pleasant trip amazing great service recommended recommended pleasant experience stay room great service trip recommended amazing room recommended location hotel hotel stay experience hotel stay recommended trip recommended amazing room hotel stay amazing amazing experience service room great service hotel room location amazing trip recommended amazing amazing amazing stay amazing location location recommended location service location pleasant hotel hotel experience hotel room recommended stay pleasant great service experience location recommended hotel amazing room recommended location pleasant service amazing room trip room,Positive
CUST1722,Jaipur,Web,2,hotel poor unpleasant stay room poor not recommended location trip service experience trip unpleasant stay hotel trip not recommended experience trip experience trip terrible unpleasant stay location unpleasant stay room not recommended experience trip room location experience hotel stay service terrible experience stay hotel room room poor location experience location bad bad experience location not recommended terrible location poor unpleasant terrible stay not recommended terrible bad hotel trip stay terrible terrible not recommended bad bad location bad room service stay unpleasant stay trip service terrible unpleasant unpleasant room stay stay service room hotel service not recommended experience location hotel stay hotel location stay location not recommended poor experience poor location not recommended service not recommended experience unpleasant terrible location poor experience unpleasant bad bad stay,Negative
CUST1723,Delhi,Web,4,pleasant hotel experience experience experience trip amazing amazing trip trip amazing service trip experience service room amazing trip trip trip stay stay location location trip trip amazing service experience service pleasant amazing room amazing pleasant amazing location amazing amazing fantastic room amazing location pleasant amazing trip amazing location service amazing amazing pleasant amazing fantastic pleasant stay amazing amazing experience pleasant,Positive
CUST1724,Mumbai,Web,4,room location location great service great service recommended great service great service location experience room amazing stay great service amazing great service great service amazing hotel amazing recommended amazing service enjoyable recommended amazing recommended stay location hotel trip enjoyable hotel service recommended recommended amazing experience service trip recommended stay location enjoyable amazing great service recommended enjoyable stay trip recommended stay experience location experience trip great service stay hotel amazing trip amazing hotel enjoyable experience hotel experience room stay great service trip,Positive
CUST1725,Jaipur,App,1,terrible service room service hotel service trip experience room room room experience experience stay trip trip not recommended hotel trip service location unpleasant terrible unpleasant experience stay unpleasant location hotel bad experience stay hotel not recommended terrible location bad stay experience service trip bad stay terrible room,Negative
CUST1726,Jaipur,Web,4,trip enjoyable enjoyable amazing hotel experience service location enjoyable recommended enjoyable service trip hotel amazing service trip recommended service enjoyable amazing room room hotel hotel location hotel recommended location experience experience stay amazing amazing trip hotel amazing experience room enjoyable enjoyable amazing location recommended location recommended recommended experience hotel recommended enjoyable amazing recommended recommended hotel service amazing amazing experience service service enjoyable experience recommended recommended amazing location location hotel stay experience location service recommended recommended recommended recommended amazing hotel enjoyable enjoyable amazing experience recommended experience trip hotel hotel recommended location hotel stay stay amazing hotel enjoyable amazing recommended recommended amazing location location enjoyable enjoyable recommended experience recommended service location recommended location experience stay amazing hotel stay room stay trip recommended service enjoyable trip amazing experience room recommended service recommended amazing enjoyable recommended service location enjoyable,Positive
CUST1727,Bangalore,App,3,okay experience location experience room okay decent okay room location experience trip service trip room service trip okay hotel experience experience moderate service moderate experience okay trip moderate okay decent trip service stay decent trip moderate room trip location room trip trip,Neutral
CUST1728,Jaipur,App,4,pleasant amazing location experience pleasant trip trip fantastic service location experience location pleasant stay hotel experience trip recommended experience room hotel recommended amazing fantastic hotel recommended pleasant fantastic trip room fantastic hotel fantastic recommended fantastic recommended pleasant fantastic recommended recommended hotel hotel room pleasant trip trip fantastic trip trip experience experience stay stay trip stay amazing recommended experience hotel experience recommended fantastic recommended recommended experience fantastic stay pleasant recommended pleasant hotel fantastic stay stay recommended service recommended service hotel hotel trip recommended trip hotel hotel location experience recommended location recommended hotel fantastic experience trip,Positive
CUST1729,Bangalore,App,5,enjoyable stay hotel service pleasant experience pleasant amazing pleasant enjoyable amazing pleasant experience pleasant enjoyable enjoyable enjoyable room pleasant enjoyable location amazing pleasant amazing stay pleasant pleasant location experience stay pleasant room enjoyable amazing amazing room room stay room enjoyable service enjoyable trip location enjoyable pleasant stay stay enjoyable enjoyable pleasant room amazing amazing trip location hotel pleasant amazing experience enjoyable room enjoyable pleasant enjoyable room enjoyable amazing enjoyable location enjoyable enjoyable pleasant room amazing amazing pleasant room location pleasant stay stay pleasant service enjoyable location amazing amazing amazing hotel enjoyable enjoyable pleasant stay hotel service room hotel pleasant service amazing service enjoyable pleasant pleasant trip room experience stay enjoyable stay pleasant enjoyable amazing location enjoyable stay pleasant pleasant location pleasant pleasant room pleasant trip pleasant enjoyable service amazing enjoyable stay enjoyable enjoyable amazing enjoyable stay service pleasant service amazing amazing enjoyable trip trip enjoyable pleasant trip pleasant service pleasant hotel pleasant enjoyable room room trip,Positive
CUST1730,Bangalore,App,2,stay room hotel bad trip terrible bad terrible room service bad location bad bad experience room experience trip hotel bad trip trip trip unpleasant bad stay service bad bad bad bad service location stay hotel trip location room unpleasant unpleasant bad trip trip unpleasant hotel room experience service hotel bad bad location experience experience unpleasant location trip stay room room experience trip room hotel location trip hotel bad unpleasant bad location trip room bad bad,Negative
CUST1731,Jaipur,Web,4,stay pleasant trip pleasant room enjoyable enjoyable pleasant location great service experience experience trip enjoyable hotel great service trip enjoyable great service pleasant experience service pleasant service service service stay service hotel pleasant amazing room amazing location location room location room great service amazing pleasant hotel enjoyable hotel trip room amazing trip enjoyable amazing location amazing service pleasant location service stay stay trip service pleasant pleasant enjoyable pleasant hotel trip room hotel enjoyable great service service great service pleasant pleasant room experience pleasant enjoyable trip pleasant enjoyable trip enjoyable great service experience experience pleasant amazing great service enjoyable pleasant enjoyable stay pleasant amazing experience pleasant enjoyable stay experience stay room great service stay service pleasant trip pleasant experience hotel hotel stay hotel hotel amazing pleasant room amazing pleasant hotel pleasant amazing great service pleasant stay location location pleasant enjoyable room pleasant room great service trip trip service location pleasant service experience pleasant service experience pleasant hotel hotel service service amazing location hotel pleasant pleasant great service hotel pleasant stay pleasant experience pleasant pleasant service pleasant,Positive
CUST1732,Bangalore,Web,3,experience service location decent moderate moderate service stay moderate stay stay service decent decent experience trip service trip decent room experience service trip stay moderate average stay moderate room decent hotel decent decent room moderate room room room,Neutral
CUST1733,Goa,App,5,location hotel room room enjoyable hotel stay fantastic trip experience pleasant pleasant enjoyable location enjoyable location recommended hotel room experience recommended pleasant pleasant amazing recommended service pleasant trip location amazing room pleasant location enjoyable stay fantastic enjoyable enjoyable recommended pleasant stay enjoyable trip trip amazing stay room hotel stay service enjoyable hotel recommended service service enjoyable amazing room,Positive
CUST1734,Mumbai,Web,5,great service enjoyable amazing amazing stay amazing hotel trip amazing room experience amazing room hotel amazing amazing enjoyable great service amazing room amazing hotel amazing amazing great service amazing great service stay amazing experience amazing enjoyable amazing amazing amazing experience room great service enjoyable amazing room great service great service hotel great service trip amazing great service experience location amazing room amazing stay location stay room room hotel amazing stay enjoyable amazing trip stay enjoyable experience experience location enjoyable stay amazing great service enjoyable great service enjoyable amazing enjoyable amazing amazing stay enjoyable amazing service great service service stay location great service amazing room enjoyable enjoyable great service,Positive
CUST1735,Mumbai,Web,5,experience amazing trip service service experience great service experience great service service fantastic trip service service stay location enjoyable service service room hotel experience experience great service great service fantastic service trip fantastic hotel great service trip hotel room stay enjoyable amazing fantastic great service amazing hotel fantastic experience trip experience hotel stay room fantastic great service experience service stay hotel service great service service stay location experience fantastic experience location enjoyable hotel room service amazing great service fantastic location service fantastic trip great service experience location amazing experience hotel experience great service room service fantastic service location hotel trip great service fantastic trip great service great service hotel trip hotel fantastic room hotel trip service room great service great service enjoyable great service great service amazing enjoyable great service trip great service great service enjoyable trip experience great service room amazing great service great service location amazing hotel great service great service amazing enjoyable great service stay service trip enjoyable amazing fantastic trip location room trip hotel great service enjoyable experience enjoyable experience trip trip great service,Positive
CUST1736,Delhi,Web,3,decent decent hotel stay stay trip stay location trip moderate service hotel moderate moderate location moderate stay room location decent hotel moderate experience decent hotel moderate location stay decent service hotel hotel trip moderate moderate service decent trip moderate service average location hotel average moderate decent moderate service experience stay stay decent moderate experience hotel average decent average service location service service hotel decent decent room moderate moderate moderate hotel trip decent room experience location decent decent service room decent service stay stay experience hotel location trip location moderate stay average trip average decent decent decent stay moderate moderate moderate service moderate stay experience hotel location average average moderate decent location trip service average moderate decent moderate hotel moderate decent decent average service moderate average moderate experience average average average stay hotel stay location trip trip experience moderate location decent average decent decent service decent location average location moderate average location room experience room trip average location decent location location trip room average decent decent trip room stay hotel moderate experience decent hotel room moderate room decent experience trip trip room average decent hotel,Neutral
CUST1737,Delhi,Web,4,recommended experience trip experience great service trip pleasant hotel experience fantastic experience great service trip trip great service pleasant location stay service recommended fantastic room fantastic trip pleasant experience experience hotel room fantastic pleasant great service service experience pleasant trip recommended pleasant pleasant stay location pleasant trip pleasant pleasant location recommended pleasant pleasant pleasant room great service service great service fantastic service recommended stay hotel pleasant great service room stay service service great service room location location service recommended fantastic stay service hotel location location pleasant hotel trip location trip fantastic room location trip stay pleasant room location trip experience experience hotel great service pleasant recommended trip recommended trip stay recommended pleasant location,Positive
CUST1738,Mumbai,Web,5,trip enjoyable service trip stay experience pleasant stay stay pleasant pleasant room amazing amazing room location stay room enjoyable enjoyable location amazing pleasant location trip stay recommended stay enjoyable pleasant location amazing pleasant amazing location pleasant service enjoyable room amazing experience location amazing amazing pleasant service recommended trip pleasant stay location experience hotel pleasant location location pleasant amazing service pleasant amazing location location recommended stay service service amazing hotel pleasant hotel recommended enjoyable room service room recommended amazing service hotel pleasant pleasant amazing stay location trip enjoyable room service amazing hotel amazing stay pleasant stay pleasant room stay,Positive
CUST1739,Bangalore,Web,5,trip fantastic room recommended fantastic fantastic room room stay location stay trip recommended hotel trip service experience location trip hotel service trip hotel fantastic hotel fantastic amazing hotel hotel fantastic fantastic hotel location service fantastic fantastic room hotel hotel location fantastic amazing hotel amazing trip hotel service amazing service recommended fantastic fantastic amazing stay fantastic room amazing amazing service location experience amazing hotel fantastic room fantastic service stay service amazing service hotel amazing room service location fantastic room amazing recommended hotel room service fantastic amazing fantastic service fantastic room service amazing experience stay service amazing fantastic stay trip service fantastic experience amazing location hotel fantastic experience trip amazing fantastic experience amazing hotel location trip recommended amazing amazing service trip amazing fantastic amazing trip fantastic fantastic recommended location experience recommended fantastic room amazing experience amazing fantastic service amazing location service room stay fantastic fantastic experience amazing experience amazing experience amazing service fantastic fantastic trip fantastic trip fantastic experience fantastic service stay hotel stay location stay hotel fantastic location amazing fantastic amazing amazing fantastic trip trip fantastic recommended room service recommended fantastic trip hotel stay trip hotel trip hotel amazing amazing trip experience,Positive
CUST1740,Jaipur,App,4,amazing pleasant recommended trip recommended amazing great service recommended location location experience location amazing location recommended hotel amazing recommended service room experience great service hotel location great service recommended hotel recommended experience experience pleasant service location amazing service recommended room pleasant amazing amazing hotel recommended trip service hotel service great service location amazing room great service amazing location stay trip great service trip great service trip pleasant service recommended,Positive
CUST1741,Goa,App,4,trip room experience hotel recommended great service pleasant hotel pleasant great service service recommended recommended pleasant room hotel pleasant room recommended service pleasant recommended great service room service trip hotel room recommended pleasant hotel location experience pleasant great service pleasant trip great service experience pleasant great service pleasant hotel hotel great service service stay pleasant recommended service recommended pleasant pleasant pleasant experience stay recommended recommended experience pleasant experience pleasant location pleasant experience experience experience room location great service service trip service trip experience pleasant great service trip hotel room pleasant pleasant pleasant recommended great service service recommended pleasant great service pleasant service stay recommended trip great service pleasant recommended service great service hotel room trip trip room pleasant pleasant pleasant great service service service great service stay hotel hotel pleasant pleasant hotel location room service pleasant pleasant recommended location great service hotel hotel stay room pleasant recommended experience hotel pleasant location location pleasant hotel pleasant great service,Positive
CUST1742,Bangalore,App,4,service location service service amazing amazing amazing location amazing hotel stay fantastic location room experience experience service amazing fantastic hotel fantastic pleasant stay experience fantastic room amazing location service stay fantastic service service amazing pleasant amazing location trip amazing location room stay hotel great service great service experience amazing fantastic stay experience great service great service recommended room amazing amazing trip experience stay stay fantastic service recommended experience recommended room experience hotel trip location location great service stay amazing service hotel stay amazing great service amazing great service amazing fantastic amazing,Positive
CUST1743,Mumbai,Web,4,fantastic fantastic hotel service experience enjoyable room enjoyable fantastic trip service pleasant enjoyable pleasant stay trip experience service pleasant enjoyable trip pleasant fantastic experience service location stay enjoyable trip room fantastic trip fantastic fantastic fantastic amazing pleasant fantastic pleasant service amazing service enjoyable hotel pleasant amazing hotel amazing enjoyable room pleasant enjoyable pleasant enjoyable stay trip fantastic enjoyable trip amazing room fantastic enjoyable amazing stay pleasant experience enjoyable hotel fantastic hotel service fantastic amazing hotel pleasant amazing service enjoyable fantastic experience enjoyable amazing service fantastic room amazing service service amazing pleasant pleasant enjoyable enjoyable amazing amazing hotel amazing pleasant experience amazing fantastic,Positive
CUST1744,Goa,Web,5,recommended location room recommended fantastic hotel hotel fantastic fantastic recommended great service location location trip trip room trip room trip fantastic service trip service fantastic experience amazing experience service trip recommended amazing room recommended fantastic service room trip location experience stay pleasant amazing room trip trip experience great service amazing trip amazing experience service location fantastic amazing service service trip recommended hotel hotel hotel amazing,Positive
CUST1745,Delhi,Web,5,location stay amazing location room experience amazing fantastic stay experience amazing enjoyable hotel experience location enjoyable fantastic fantastic amazing pleasant enjoyable trip experience amazing location room amazing room amazing amazing room trip trip amazing location hotel experience hotel service experience hotel pleasant amazing service stay pleasant room amazing enjoyable trip hotel amazing trip amazing experience service trip location trip room hotel fantastic service enjoyable room service hotel trip pleasant service room fantastic amazing trip pleasant pleasant amazing amazing trip stay pleasant trip service location experience room pleasant fantastic hotel experience amazing location location enjoyable fantastic hotel enjoyable trip amazing hotel fantastic experience enjoyable room enjoyable enjoyable amazing room room location room stay fantastic service stay amazing hotel amazing pleasant hotel fantastic stay hotel trip enjoyable service stay amazing hotel amazing amazing hotel pleasant location,Positive
CUST1746,Bangalore,App,5,location room fantastic fantastic fantastic pleasant trip pleasant room fantastic stay pleasant trip experience service service enjoyable stay amazing pleasant hotel location pleasant fantastic fantastic hotel location service service room fantastic fantastic fantastic amazing location service room stay fantastic location service amazing experience location,Positive
CUST1747,Mumbai,Web,5,enjoyable fantastic experience service experience recommended enjoyable recommended fantastic room enjoyable enjoyable room location location location experience recommended trip enjoyable pleasant location hotel trip,Positive
CUST1748,Jaipur,Web,2,not recommended experience stay bad bad location not recommended room bad experience location room not recommended stay bad room not recommended bad bad stay bad bad not recommended room bad bad bad stay bad room room service bad bad trip hotel not recommended stay bad bad not recommended not recommended room bad trip experience experience location stay stay not recommended service location experience stay trip experience stay bad room bad not recommended not recommended location not recommended stay experience room hotel service bad not recommended location not recommended bad not recommended not recommended stay service not recommended trip experience stay experience bad stay experience bad bad location location bad not recommended not recommended hotel bad bad hotel room bad service not recommended bad hotel bad bad trip bad location location bad service trip service service stay trip location room hotel service experience hotel room room stay bad stay not recommended location service bad bad room,Negative
CUST1749,Delhi,App,4,trip pleasant amazing great service pleasant amazing great service pleasant service great service pleasant room service pleasant great service stay location great service location trip recommended pleasant hotel experience experience pleasant stay experience room service trip amazing service stay amazing stay stay recommended pleasant great service trip pleasant recommended experience great service trip pleasant location recommended location pleasant pleasant recommended pleasant trip pleasant trip location service recommended pleasant trip hotel pleasant hotel pleasant pleasant amazing pleasant trip trip room great service location room amazing pleasant great service great service pleasant location pleasant amazing,Positive
CUST1750,Bangalore,App,3,trip stay service decent decent decent average decent stay hotel service experience trip average hotel hotel average room service trip location location location decent trip decent average service average hotel room,Neutral
CUST1751,Delhi,Web,4,pleasant hotel amazing stay amazing hotel recommended location stay trip stay amazing recommended trip trip trip hotel amazing amazing amazing amazing service recommended recommended amazing great service service recommended service amazing amazing service pleasant amazing recommended service amazing location location service pleasant trip service trip amazing great service amazing pleasant service amazing experience service trip recommended location service hotel stay pleasant great service great service recommended room amazing amazing amazing amazing amazing amazing amazing room trip amazing trip hotel amazing experience room recommended recommended amazing amazing pleasant amazing great service recommended amazing pleasant trip pleasant amazing location amazing stay trip recommended experience experience trip experience pleasant location amazing great service pleasant amazing stay room trip amazing trip service stay location room amazing amazing recommended service hotel experience recommended amazing stay,Positive
CUST1752,Bangalore,Web,2,location unpleasant experience trip service stay bad hotel terrible experience location stay hotel service unpleasant stay stay trip hotel service poor terrible location location room hotel poor unpleasant hotel bad room poor poor bad stay poor experience bad bad service experience location terrible location experience service trip not recommended poor not recommended location service poor poor room location terrible experience stay poor terrible location room terrible hotel experience service not recommended stay bad service trip service room poor terrible not recommended hotel unpleasant unpleasant bad trip bad terrible trip location terrible hotel poor not recommended trip room poor room unpleasant service location service location not recommended location trip service terrible bad location experience stay room stay,Negative
CUST1753,Delhi,Web,4,trip fantastic experience fantastic stay trip pleasant fantastic pleasant pleasant hotel experience fantastic stay recommended room experience room room pleasant hotel pleasant recommended fantastic room fantastic room room recommended pleasant fantastic location fantastic pleasant pleasant location pleasant pleasant stay service fantastic location pleasant service experience trip stay pleasant service stay location location trip experience trip stay fantastic pleasant experience location hotel pleasant hotel service pleasant room recommended trip trip room hotel experience trip fantastic pleasant fantastic trip pleasant experience stay experience stay hotel fantastic experience location pleasant fantastic location stay experience pleasant hotel recommended stay pleasant fantastic fantastic pleasant location trip stay hotel stay room pleasant pleasant trip pleasant location location service pleasant pleasant hotel pleasant fantastic fantastic service pleasant fantastic trip stay location experience stay pleasant fantastic fantastic fantastic pleasant recommended pleasant trip recommended pleasant pleasant location hotel pleasant service recommended location pleasant pleasant fantastic experience pleasant fantastic pleasant trip fantastic recommended pleasant pleasant fantastic location recommended room recommended experience service fantastic pleasant pleasant trip experience fantastic room pleasant fantastic experience fantastic pleasant pleasant service fantastic pleasant pleasant location experience hotel recommended,Positive
CUST1754,Jaipur,App,2,poor service poor location unpleasant not recommended location room poor trip trip experience unpleasant poor poor poor poor poor experience hotel experience trip service location service poor room unpleasant hotel service hotel unpleasant room poor service experience experience trip trip not recommended poor poor service stay hotel location room trip trip not recommended poor service experience stay poor experience location poor service service room experience stay service poor poor trip trip location hotel poor poor not recommended experience trip hotel not recommended,Negative
CUST1755,Bangalore,App,1,not recommended service location location stay bad room bad bad location bad room poor not recommended not recommended hotel terrible hotel bad terrible terrible hotel poor location location poor poor service poor trip stay service room terrible poor terrible experience location not recommended poor bad terrible stay experience trip hotel terrible service room service terrible terrible bad location room location room stay poor experience bad experience terrible location stay service poor terrible trip trip location trip location experience trip hotel poor terrible trip experience terrible trip terrible hotel stay terrible bad stay stay service bad bad poor poor terrible room service not recommended terrible stay bad experience hotel hotel trip terrible hotel room service stay trip trip hotel hotel terrible location terrible trip bad trip experience room poor bad trip poor terrible trip terrible terrible service poor not recommended bad hotel poor terrible location service room not recommended terrible terrible location trip hotel poor terrible hotel poor not recommended terrible location service,Negative
CUST1756,Goa,Web,4,fantastic pleasant fantastic location enjoyable fantastic pleasant trip hotel stay hotel location trip enjoyable stay stay trip experience room fantastic enjoyable hotel trip amazing fantastic service experience fantastic experience service fantastic location enjoyable location fantastic pleasant hotel fantastic amazing location fantastic amazing fantastic stay enjoyable service trip fantastic stay hotel stay fantastic stay amazing service room experience stay amazing room location fantastic pleasant experience enjoyable amazing trip amazing hotel room stay fantastic fantastic stay service stay amazing fantastic enjoyable fantastic hotel trip hotel amazing room fantastic service experience amazing fantastic trip room stay location location fantastic location pleasant amazing location service amazing pleasant experience location enjoyable service service fantastic service room enjoyable enjoyable stay stay room fantastic hotel amazing location experience pleasant fantastic stay experience enjoyable location fantastic fantastic fantastic enjoyable fantastic fantastic fantastic fantastic amazing pleasant pleasant fantastic,Positive
CUST1757,Mumbai,App,4,recommended pleasant stay location fantastic pleasant room recommended location service service room fantastic service experience fantastic pleasant trip experience pleasant location room pleasant recommended recommended recommended room amazing recommended hotel location hotel hotel recommended experience hotel stay hotel pleasant amazing pleasant service location hotel pleasant service room location experience recommended experience room experience experience room recommended location amazing recommended room location stay hotel,Positive
CUST1758,Goa,Web,5,experience recommended room hotel enjoyable stay pleasant experience experience trip location enjoyable great service great service pleasant enjoyable great service trip recommended great service pleasant enjoyable trip experience pleasant hotel fantastic fantastic fantastic great service fantastic fantastic trip pleasant trip hotel location recommended pleasant pleasant great service recommended stay location experience experience experience pleasant stay enjoyable,Positive
CUST1759,Bangalore,Web,4,experience service location amazing stay amazing service experience amazing hotel fantastic room location enjoyable hotel fantastic fantastic enjoyable fantastic service fantastic amazing hotel experience stay location stay fantastic fantastic fantastic fantastic fantastic amazing amazing service hotel amazing experience amazing fantastic location stay hotel experience hotel fantastic amazing stay experience trip hotel fantastic service trip room trip fantastic location stay fantastic stay service trip amazing fantastic hotel experience enjoyable room fantastic amazing experience amazing fantastic amazing fantastic stay room room amazing service amazing hotel hotel experience room service room amazing fantastic location fantastic enjoyable amazing room location fantastic fantastic enjoyable fantastic stay hotel enjoyable enjoyable room fantastic fantastic enjoyable hotel stay fantastic room service room amazing stay location fantastic stay amazing service stay enjoyable amazing location enjoyable service,Positive
CUST1760,Delhi,Web,4,stay room trip recommended service fantastic trip location fantastic recommended room fantastic hotel room room stay trip stay recommended pleasant location hotel hotel fantastic hotel stay pleasant fantastic fantastic service room service stay recommended room experience location trip fantastic hotel fantastic enjoyable room service trip stay enjoyable fantastic fantastic experience experience enjoyable trip experience fantastic enjoyable room enjoyable service room recommended experience location trip enjoyable fantastic room recommended trip trip pleasant enjoyable recommended location fantastic trip experience location fantastic room location location experience fantastic recommended fantastic pleasant stay location enjoyable trip hotel location hotel room location trip room hotel experience recommended fantastic service trip enjoyable recommended enjoyable recommended room enjoyable hotel fantastic room service stay enjoyable experience enjoyable enjoyable fantastic enjoyable enjoyable stay fantastic,Positive
CUST1761,Bangalore,App,4,enjoyable hotel great service enjoyable amazing enjoyable stay recommended location amazing hotel great service amazing amazing location amazing amazing amazing stay trip trip experience stay great service hotel pleasant stay location enjoyable amazing enjoyable hotel enjoyable stay location room trip stay service pleasant amazing amazing great service recommended trip recommended pleasant hotel stay service stay amazing location stay trip room recommended pleasant experience location hotel experience amazing location experience service enjoyable amazing trip enjoyable amazing room stay room pleasant hotel room great service amazing hotel room trip amazing service hotel trip trip pleasant stay stay hotel hotel experience enjoyable amazing enjoyable enjoyable location,Positive
CUST1762,Goa,App,5,fantastic location recommended enjoyable hotel great service great service room great service stay fantastic amazing great service amazing amazing enjoyable enjoyable trip enjoyable service service trip location experience amazing amazing fantastic amazing location service recommended experience hotel trip,Positive
CUST1763,Delhi,App,2,room trip hotel hotel not recommended unpleasant stay hotel unpleasant trip unpleasant not recommended experience location trip unpleasant unpleasant unpleasant room not recommended hotel unpleasant not recommended unpleasant service not recommended unpleasant stay location terrible location unpleasant unpleasant unpleasant room unpleasant service terrible experience unpleasant room trip,Negative
CUST1764,Delhi,App,3,decent trip location room trip service service okay decent stay decent room decent hotel acceptable service trip experience experience trip decent experience stay acceptable okay acceptable okay experience service trip decent experience service hotel trip location okay experience experience decent experience location decent decent experience acceptable acceptable location okay okay decent trip trip decent decent room experience experience okay hotel stay decent,Neutral
CUST1765,Jaipur,App,1,service hotel terrible location not recommended stay terrible stay hotel not recommended stay terrible trip not recommended bad bad room hotel not recommended not recommended stay room hotel service not recommended experience location room room stay not recommended trip trip terrible location location location not recommended stay terrible location hotel location hotel location location terrible room stay stay experience terrible trip bad location bad hotel experience not recommended room room experience stay terrible experience terrible not recommended room not recommended trip terrible room location not recommended service stay location room location location location room room room not recommended not recommended hotel service experience room experience terrible hotel service terrible experience,Negative
CUST1766,Mumbai,App,4,enjoyable amazing pleasant location fantastic location trip fantastic trip room pleasant trip experience pleasant experience service hotel service stay trip fantastic trip amazing location stay fantastic hotel location hotel amazing service pleasant fantastic room amazing amazing amazing amazing amazing fantastic enjoyable location great service great service fantastic room enjoyable hotel trip enjoyable experience location pleasant fantastic stay hotel location experience trip service stay service location fantastic amazing room fantastic pleasant room location service location pleasant trip pleasant trip service trip amazing pleasant amazing experience amazing hotel experience,Positive
CUST1767,Mumbai,Web,5,recommended enjoyable pleasant recommended enjoyable location enjoyable enjoyable hotel pleasant enjoyable trip great service room location hotel room great service recommended enjoyable great service hotel recommended service enjoyable hotel enjoyable recommended great service stay room recommended stay stay enjoyable pleasant experience room enjoyable hotel hotel room pleasant room pleasant pleasant recommended enjoyable trip enjoyable stay room service recommended enjoyable enjoyable enjoyable hotel enjoyable room experience recommended service great service great service experience recommended trip service service hotel enjoyable enjoyable great service service pleasant experience enjoyable experience experience hotel location service location experience great service enjoyable trip enjoyable location enjoyable great service recommended trip enjoyable room experience hotel experience room service room room trip recommended service enjoyable location location room enjoyable enjoyable location room recommended service,Positive
CUST1768,Jaipur,Web,4,location stay experience pleasant stay hotel room great service pleasant service location pleasant service trip trip amazing hotel great service service experience amazing service pleasant fantastic fantastic hotel service fantastic experience trip fantastic amazing great service fantastic service amazing hotel amazing stay hotel stay location fantastic great service experience trip great service pleasant experience hotel trip room great service amazing location service amazing fantastic stay experience pleasant great service service trip fantastic trip amazing amazing stay stay hotel trip room stay amazing trip hotel room room amazing service pleasant location pleasant room fantastic amazing service trip room great service experience location amazing hotel hotel hotel amazing room experience,Positive
CUST1769,Mumbai,App,4,room service hotel location hotel location location great service service experience hotel location trip experience experience location fantastic trip recommended recommended room experience service fantastic enjoyable recommended hotel location experience hotel experience experience recommended location experience hotel stay fantastic room great service enjoyable recommended enjoyable enjoyable hotel location recommended stay trip room recommended fantastic experience location stay hotel hotel location great service location great service recommended service experience location stay stay location trip enjoyable recommended enjoyable service stay room stay room hotel recommended fantastic hotel recommended trip room room recommended recommended fantastic stay stay hotel room service fantastic recommended service recommended recommended great service recommended enjoyable stay recommended room enjoyable fantastic recommended room room service service location trip trip fantastic location enjoyable great service hotel recommended enjoyable recommended hotel enjoyable stay stay recommended great service recommended stay experience great service location service location hotel recommended recommended recommended recommended stay enjoyable stay great service recommended hotel great service room experience recommended recommended experience great service recommended fantastic recommended trip recommended service room hotel stay recommended location stay enjoyable service enjoyable stay hotel room recommended fantastic room stay trip enjoyable enjoyable trip great service recommended great service enjoyable hotel great service hotel great service service fantastic,Positive
CUST1770,Delhi,App,5,amazing service hotel trip experience experience great service service room hotel amazing location pleasant recommended pleasant amazing experience trip amazing hotel room pleasant stay location room enjoyable service pleasant great service location room pleasant pleasant recommended service stay service room pleasant location service pleasant enjoyable enjoyable stay trip room hotel location experience location trip,Positive
CUST1771,Jaipur,Web,1,location room unpleasant bad unpleasant trip location experience room stay service terrible terrible terrible location trip service terrible bad service bad service location terrible bad hotel stay bad terrible stay unpleasant trip service stay stay experience location hotel hotel unpleasant bad bad location,Negative
CUST1772,Jaipur,App,5,fantastic recommended room stay stay room room room experience recommended recommended trip great service service recommended room experience location stay location hotel room trip room experience great service stay location service recommended great service hotel trip room fantastic amazing stay recommended experience amazing recommended stay trip room stay recommended room recommended trip service experience trip recommended trip trip recommended great service great service great service stay experience recommended amazing great service recommended fantastic recommended trip experience recommended amazing great service hotel room amazing stay hotel recommended experience experience recommended trip location recommended location trip fantastic great service hotel trip trip amazing stay fantastic service room stay hotel service recommended fantastic hotel service location experience room room experience location recommended recommended service recommended fantastic amazing recommended service great service room trip great service service experience recommended recommended recommended recommended recommended,Positive
CUST1773,Jaipur,Web,3,moderate trip trip moderate experience decent experience experience trip average room stay hotel experience stay average service moderate experience trip moderate trip stay location moderate acceptable service stay acceptable average moderate decent service acceptable room acceptable stay trip location stay stay stay decent service experience decent room stay stay acceptable service moderate average decent moderate hotel hotel moderate trip service room average room experience location acceptable moderate acceptable room average hotel hotel decent room stay hotel trip hotel moderate hotel location average trip decent service service service average moderate service moderate moderate service decent average service stay room hotel experience experience average hotel,Neutral
CUST1774,Goa,Web,2,bad location hotel location service poor bad trip location poor hotel hotel hotel experience trip trip terrible bad poor trip poor experience poor bad hotel location service experience experience room terrible terrible stay location stay experience experience bad location terrible bad terrible hotel room terrible terrible hotel terrible service experience poor bad terrible location service stay poor terrible hotel terrible service terrible experience bad terrible terrible bad stay trip experience terrible terrible location terrible trip bad hotel bad location hotel bad trip service service terrible room poor bad terrible service room room location terrible experience location bad poor service experience location stay bad poor terrible terrible bad bad location hotel service trip room terrible bad service bad experience service service terrible hotel poor terrible terrible bad hotel room room bad service terrible stay trip experience bad stay bad bad trip experience service hotel room bad terrible terrible hotel experience hotel service bad poor stay trip terrible experience hotel stay stay location stay trip service experience trip service location bad location room stay terrible service experience room trip bad location service terrible experience hotel room terrible stay trip,Negative
CUST1775,Bangalore,Web,5,stay service trip trip room enjoyable experience experience room pleasant hotel hotel amazing recommended service location recommended trip hotel experience recommended recommended hotel,Positive
CUST1776,Bangalore,App,3,decent average room service average trip decent experience room room hotel room trip room decent decent trip decent average okay decent service hotel decent stay room location okay decent decent decent service stay decent service hotel stay decent average okay decent service hotel decent decent room service stay decent trip location stay trip decent experience experience hotel room location experience trip room room decent okay stay room okay decent hotel stay location stay trip trip decent trip hotel hotel decent service room decent stay location decent average location trip location service okay hotel average service decent okay location average service hotel decent room experience decent service location okay stay hotel experience service service average decent location trip location okay trip service average decent decent okay room service average experience average average room decent decent service decent experience service location decent stay hotel stay stay hotel okay stay decent experience hotel decent decent experience average okay room decent okay decent experience experience experience okay service location experience decent stay average location okay average experience okay decent average decent experience trip experience decent stay average experience okay okay hotel location room decent room average decent service trip,Neutral
CUST1777,Delhi,App,5,hotel recommended recommended great service location trip room pleasant recommended trip location great service pleasant amazing location pleasant location hotel experience recommended stay pleasant trip service pleasant trip great service location great service amazing hotel recommended recommended fantastic service fantastic room recommended fantastic great service stay recommended amazing stay stay experience trip recommended recommended fantastic service experience recommended recommended trip pleasant fantastic room amazing fantastic trip great service stay fantastic trip experience fantastic hotel recommended fantastic recommended service location great service trip pleasant amazing location recommended great service experience amazing great service amazing recommended great service stay recommended stay location stay hotel trip,Positive
CUST1778,Mumbai,Web,5,recommended amazing room service fantastic room fantastic hotel recommended amazing trip amazing hotel recommended enjoyable hotel amazing room experience room fantastic recommended location amazing recommended location amazing location experience fantastic amazing recommended experience experience amazing stay trip service hotel recommended recommended location experience recommended enjoyable recommended trip amazing enjoyable enjoyable room enjoyable hotel fantastic recommended service service room trip room room room recommended amazing amazing amazing experience experience hotel hotel trip recommended hotel fantastic location amazing fantastic location stay room hotel service amazing enjoyable trip fantastic amazing recommended enjoyable hotel stay room amazing enjoyable amazing service hotel amazing recommended amazing amazing amazing,Positive
CUST1779,Jaipur,App,5,service experience service trip amazing amazing amazing great service great service great service great service stay great service great service great service great service amazing location great service great service stay great service service fantastic amazing amazing fantastic room room amazing great service amazing trip fantastic great service stay great service great service great service experience amazing amazing service stay service fantastic location great service hotel room great service amazing service service amazing great service experience room stay great service hotel amazing experience service service great service great service amazing amazing room great service trip fantastic experience amazing service amazing service great service fantastic amazing location stay location fantastic amazing great service great service great service great service experience room fantastic fantastic great service trip great service amazing amazing amazing great service stay service trip service room stay amazing hotel stay fantastic great service fantastic trip experience great service stay great service great service hotel great service fantastic hotel trip great service trip great service great service stay trip amazing fantastic hotel fantastic room stay great service great service amazing stay trip service location stay amazing hotel hotel great service amazing great service experience room service amazing great service amazing hotel experience fantastic great service fantastic great service,Positive
CUST1780,Goa,App,4,enjoyable trip experience fantastic hotel great service great service hotel enjoyable great service great service fantastic service experience fantastic hotel enjoyable enjoyable fantastic service service service enjoyable great service great service enjoyable room fantastic great service room fantastic enjoyable enjoyable hotel great service fantastic enjoyable room service great service great service enjoyable fantastic enjoyable room trip trip enjoyable service great service location stay fantastic experience enjoyable experience stay stay fantastic location enjoyable great service location room trip room location great service enjoyable experience fantastic enjoyable stay service hotel hotel location stay great service stay fantastic stay fantastic fantastic stay hotel fantastic room stay room enjoyable experience service service enjoyable fantastic hotel enjoyable fantastic service location service fantastic fantastic location stay stay location enjoyable fantastic hotel fantastic great service fantastic great service great service trip great service fantastic stay hotel location enjoyable experience fantastic location hotel hotel great service stay fantastic room fantastic stay experience fantastic room great service fantastic service hotel great service service location enjoyable great service great service trip fantastic location stay enjoyable fantastic great service stay fantastic stay great service stay service enjoyable service experience trip trip service fantastic room fantastic experience great service great service location enjoyable fantastic fantastic great service great service service fantastic enjoyable hotel great service fantastic hotel trip location,Positive
CUST1781,Delhi,App,4,amazing service pleasant pleasant stay experience trip recommended pleasant amazing pleasant stay recommended experience pleasant service hotel room recommended location room trip location experience amazing amazing experience great service amazing experience service service amazing location trip service great service recommended service amazing service room amazing service recommended service service stay room great service location amazing hotel pleasant location room experience amazing recommended room hotel great service great service experience,Positive
CUST1782,Jaipur,App,5,stay recommended service fantastic service service service recommended service recommended room enjoyable enjoyable great service experience experience stay enjoyable hotel enjoyable experience great service enjoyable hotel experience service stay enjoyable fantastic hotel recommended trip recommended location recommended location stay fantastic fantastic location experience recommended location enjoyable fantastic location fantastic trip great service enjoyable service enjoyable enjoyable fantastic experience trip hotel recommended hotel room enjoyable service room room trip stay recommended great service room enjoyable room trip hotel great service stay enjoyable service enjoyable enjoyable trip room enjoyable stay trip enjoyable stay enjoyable stay fantastic location experience recommended location fantastic hotel location experience hotel fantastic service stay enjoyable location enjoyable fantastic enjoyable enjoyable hotel fantastic stay stay service fantastic enjoyable great service location great service great service trip great service great service enjoyable location experience location service great service trip room recommended enjoyable room great service hotel stay trip enjoyable recommended trip room fantastic enjoyable fantastic fantastic enjoyable hotel stay hotel trip recommended great service great service fantastic recommended service recommended experience trip service trip recommended enjoyable experience fantastic fantastic recommended location service fantastic fantastic room enjoyable location fantastic fantastic hotel service,Positive
CUST1783,Bangalore,App,4,amazing amazing enjoyable amazing amazing amazing enjoyable stay amazing enjoyable amazing room location room amazing amazing enjoyable amazing amazing enjoyable enjoyable location amazing service recommended location location stay amazing experience amazing enjoyable room service enjoyable amazing enjoyable stay experience hotel service recommended enjoyable enjoyable enjoyable service trip enjoyable experience hotel trip hotel trip enjoyable location amazing stay amazing hotel recommended enjoyable enjoyable hotel experience recommended amazing amazing trip enjoyable amazing recommended enjoyable room amazing trip experience experience experience amazing trip amazing room recommended room hotel enjoyable amazing service amazing location hotel location hotel amazing amazing stay service room enjoyable service hotel trip enjoyable recommended recommended stay trip stay location hotel experience room service amazing service room experience amazing amazing hotel amazing room enjoyable trip service experience enjoyable enjoyable enjoyable enjoyable hotel enjoyable room hotel hotel room amazing service amazing amazing enjoyable location amazing amazing experience amazing enjoyable enjoyable amazing recommended enjoyable hotel hotel stay hotel location amazing location trip service enjoyable recommended room stay amazing service amazing amazing enjoyable room amazing stay experience hotel trip experience location enjoyable stay amazing amazing experience stay recommended amazing enjoyable service stay enjoyable service enjoyable service location,Positive
CUST1784,Bangalore,App,5,pleasant location recommended recommended great service experience great service fantastic trip stay stay great service hotel trip room pleasant pleasant experience stay location fantastic service hotel service service room recommended fantastic location service room great service stay pleasant fantastic room fantastic recommended recommended great service fantastic fantastic hotel hotel fantastic trip stay fantastic service recommended stay hotel fantastic great service hotel room room trip recommended fantastic fantastic pleasant hotel recommended great service pleasant recommended service recommended room fantastic hotel experience hotel recommended pleasant service great service service hotel recommended recommended hotel fantastic great service location room great service recommended pleasant hotel experience recommended trip service service stay pleasant service fantastic hotel great service location recommended experience recommended hotel recommended room recommended service room hotel,Positive
CUST1785,Bangalore,Web,3,experience decent acceptable hotel moderate stay acceptable experience location moderate experience experience stay hotel decent acceptable room moderate decent experience room okay experience experience decent experience hotel experience stay decent moderate experience okay hotel trip moderate trip okay decent room moderate room moderate hotel stay moderate room experience service service stay moderate moderate service experience decent experience trip experience hotel location experience hotel location okay trip location okay hotel location room stay service acceptable experience moderate room hotel experience room decent room hotel moderate stay moderate room experience location service location moderate stay hotel decent hotel trip location acceptable acceptable service room decent hotel hotel experience moderate room trip location acceptable room decent service stay stay trip moderate okay location service moderate hotel hotel stay room okay trip,Neutral
CUST1786,Mumbai,App,5,stay service pleasant enjoyable enjoyable hotel experience hotel experience pleasant stay hotel enjoyable stay room pleasant enjoyable location stay trip enjoyable location hotel hotel amazing service enjoyable pleasant location service location hotel hotel pleasant trip location pleasant room stay amazing room pleasant pleasant experience enjoyable hotel pleasant stay room recommended room enjoyable room hotel stay stay pleasant pleasant enjoyable experience location location pleasant,Positive
CUST1787,Delhi,Web,4,hotel experience hotel service enjoyable trip recommended location enjoyable hotel stay service enjoyable stay great service service fantastic room service hotel great service location hotel hotel recommended enjoyable pleasant trip recommended stay service stay stay hotel hotel service pleasant enjoyable fantastic fantastic recommended great service enjoyable pleasant great service room recommended service great service service fantastic room great service experience pleasant great service recommended stay fantastic room hotel hotel room service fantastic great service recommended recommended stay service enjoyable great service experience recommended recommended pleasant experience trip recommended recommended great service experience recommended pleasant trip pleasant recommended pleasant hotel pleasant experience recommended fantastic enjoyable location hotel stay experience pleasant recommended great service enjoyable room service stay enjoyable hotel enjoyable fantastic location pleasant pleasant fantastic fantastic trip pleasant recommended fantastic room fantastic hotel pleasant service experience trip service trip service trip location location room hotel pleasant enjoyable enjoyable recommended hotel great service room fantastic service recommended recommended hotel fantastic room location pleasant trip fantastic fantastic experience fantastic service fantastic stay location pleasant fantastic recommended fantastic stay great service,Positive
CUST1788,Bangalore,App,3,decent experience service okay average experience experience experience stay location acceptable average room decent experience hotel okay decent acceptable decent trip experience location trip experience location acceptable okay room room service service location stay experience room okay service service decent experience service trip average room hotel okay room decent experience service hotel hotel experience okay average okay decent room decent trip service acceptable average location room okay room hotel experience average average decent stay acceptable okay location okay experience location hotel service location room decent decent decent decent decent room stay stay decent experience trip average experience room room experience acceptable hotel trip experience service average location okay stay trip stay room decent acceptable location acceptable stay stay hotel service decent experience location acceptable room acceptable okay okay decent okay room hotel trip decent decent decent stay acceptable acceptable hotel location trip stay decent acceptable average hotel decent trip,Neutral
CUST1789,Delhi,App,4,experience fantastic stay location enjoyable pleasant fantastic stay hotel service fantastic experience service location fantastic stay fantastic fantastic enjoyable recommended service hotel stay enjoyable fantastic amazing hotel recommended service fantastic fantastic fantastic experience fantastic amazing fantastic recommended hotel amazing fantastic room fantastic recommended enjoyable experience fantastic trip hotel trip service location enjoyable location fantastic enjoyable service location trip amazing fantastic experience trip fantastic amazing hotel experience room pleasant experience room fantastic experience trip trip stay pleasant recommended enjoyable fantastic fantastic location service hotel experience fantastic amazing room service hotel room fantastic location room fantastic enjoyable trip fantastic room pleasant service pleasant recommended experience trip amazing experience location service location recommended location experience fantastic fantastic enjoyable room location service trip trip amazing stay trip hotel trip fantastic experience recommended experience fantastic enjoyable amazing hotel pleasant amazing room location trip hotel fantastic fantastic amazing experience service experience experience stay room trip pleasant experience amazing hotel trip location trip experience room recommended location hotel fantastic service trip hotel service experience stay hotel stay service location trip pleasant service trip enjoyable room stay service amazing stay enjoyable fantastic pleasant location recommended,Positive
CUST1790,Bangalore,Web,2,stay service hotel experience hotel bad experience unpleasant trip bad bad trip unpleasant stay bad hotel experience poor unpleasant experience bad experience poor bad unpleasant location service bad location service location stay stay service stay hotel bad service poor room hotel stay experience experience room poor experience stay unpleasant trip poor hotel bad service bad poor hotel bad trip bad stay,Negative
CUST1791,Jaipur,Web,4,location pleasant recommended pleasant recommended room recommended great service location recommended room service hotel enjoyable trip location stay recommended hotel recommended experience stay recommended pleasant stay recommended great service hotel location location recommended enjoyable pleasant experience enjoyable location service hotel hotel stay stay location pleasant experience stay great service hotel enjoyable service hotel trip enjoyable trip stay experience location experience experience stay stay room service great service location trip pleasant hotel hotel great service great service recommended enjoyable enjoyable stay trip recommended service recommended room service enjoyable location hotel room enjoyable trip recommended service recommended recommended location trip recommended recommended experience recommended trip room great service stay service location recommended service recommended service pleasant hotel trip great service trip recommended recommended recommended recommended recommended great service stay recommended stay recommended recommended recommended recommended stay experience great service great service great service experience recommended recommended service hotel recommended room room room room room room service pleasant location service stay location hotel experience hotel hotel stay room recommended recommended great service pleasant service pleasant recommended experience trip trip location stay experience enjoyable trip stay stay recommended experience experience pleasant room location experience enjoyable pleasant recommended experience trip recommended enjoyable hotel service recommended great service,Positive
CUST1792,Jaipur,App,4,hotel hotel room great service great service great service room stay stay trip stay location amazing great service experience service great service amazing room amazing fantastic service room pleasant stay location great service hotel great service location trip great service great service pleasant room experience hotel experience great service trip location great service fantastic stay fantastic location service experience location pleasant pleasant amazing great service trip room great service room room fantastic amazing hotel fantastic service location pleasant amazing hotel room service amazing hotel pleasant pleasant pleasant trip experience great service trip trip location stay hotel amazing service pleasant stay hotel fantastic trip trip stay amazing service fantastic great service great service trip amazing fantastic trip great service trip amazing pleasant hotel experience great service great service room great service service amazing great service great service location trip experience amazing room location location great service stay location service amazing stay trip pleasant stay great service great service experience hotel trip stay hotel room great service stay trip trip service stay amazing service trip room experience trip trip trip pleasant room experience fantastic room hotel stay hotel amazing hotel location hotel hotel location pleasant hotel hotel,Positive
CUST1793,Jaipur,App,2,trip terrible stay trip unpleasant unpleasant poor trip terrible location not recommended room service experience experience experience not recommended poor trip poor service stay location location stay not recommended service service unpleasant stay service not recommended service stay poor stay unpleasant unpleasant unpleasant poor hotel room service service poor poor experience terrible stay unpleasant hotel not recommended trip terrible trip unpleasant location not recommended terrible poor hotel hotel service poor not recommended unpleasant unpleasant room service unpleasant service trip trip unpleasant stay experience not recommended stay,Negative
CUST1794,Delhi,App,3,okay decent average okay hotel average okay average trip average service experience decent stay trip trip service experience trip service service average average hotel okay location room hotel trip okay average average hotel trip okay decent experience room hotel okay trip hotel experience average stay stay trip okay okay average stay service location okay,Neutral
CUST1795,Delhi,App,2,hotel terrible not recommended poor hotel bad room poor not recommended trip poor hotel not recommended stay hotel room not recommended experience not recommended bad service location stay terrible stay stay trip terrible hotel bad terrible not recommended stay poor terrible room not recommended poor poor bad not recommended service poor not recommended hotel terrible not recommended location experience experience not recommended location service poor trip bad service experience service terrible hotel not recommended service bad room poor hotel location bad trip not recommended bad experience not recommended not recommended stay bad stay not recommended room not recommended location not recommended trip service not recommended not recommended service room location location not recommended location room room poor bad not recommended not recommended not recommended not recommended experience not recommended poor bad service room experience not recommended not recommended stay poor location trip location room stay trip room not recommended trip room room terrible experience not recommended experience service location,Negative
CUST1796,Goa,Web,4,trip great service pleasant stay great service experience pleasant enjoyable location location enjoyable stay experience pleasant recommended recommended hotel pleasant recommended trip great service enjoyable service great service recommended pleasant recommended pleasant stay location pleasant pleasant experience pleasant pleasant recommended stay great service great service trip location great service pleasant experience enjoyable enjoyable pleasant recommended recommended recommended pleasant pleasant experience experience enjoyable room location trip pleasant great service location pleasant pleasant hotel hotel enjoyable location pleasant recommended recommended stay location location room pleasant stay trip pleasant service service experience room recommended pleasant hotel location stay pleasant experience hotel trip experience hotel great service stay service enjoyable enjoyable hotel trip recommended room,Positive
CUST1797,Mumbai,Web,4,amazing great service hotel great service amazing room amazing amazing location hotel service amazing great service service great service pleasant amazing great service location amazing great service great service amazing room trip hotel location experience great service hotel pleasant amazing trip amazing location stay hotel service experience trip pleasant room room amazing great service great service experience location service amazing great service great service experience great service great service stay location room amazing stay pleasant great service amazing great service great service amazing great service service room stay experience great service stay great service stay pleasant service trip stay service great service experience great service experience location service stay room hotel trip amazing amazing hotel trip hotel experience service experience service experience amazing great service trip amazing experience amazing amazing amazing location experience location amazing location amazing room experience great service location trip hotel room room trip service service amazing great service room great service room great service great service great service trip great service hotel stay amazing pleasant pleasant hotel great service hotel amazing trip experience location great service trip experience great service room experience great service amazing great service trip service experience room room service hotel great service great service location stay pleasant great service trip experience great service room stay great service location trip trip hotel great service great service room hotel,Positive
CUST1798,Goa,App,5,location amazing amazing great service amazing pleasant room service experience experience great service amazing fantastic service trip location experience experience amazing room amazing fantastic location amazing experience hotel trip hotel pleasant fantastic hotel pleasant experience pleasant hotel fantastic amazing fantastic amazing stay fantastic service room great service experience location great service hotel experience great service amazing pleasant room amazing room location amazing fantastic great service stay experience service room pleasant great service pleasant stay pleasant trip experience experience experience location service pleasant fantastic location amazing great service location trip service service experience great service service experience location service trip service fantastic,Positive
CUST1799,Bangalore,App,3,decent hotel hotel experience acceptable average service stay acceptable average room location stay trip service service experience stay acceptable acceptable experience decent acceptable hotel acceptable decent experience experience average decent decent trip room service average decent decent trip acceptable service location hotel trip trip acceptable acceptable acceptable decent decent decent decent experience service decent decent acceptable location room service location location decent decent experience decent experience acceptable stay room acceptable average decent experience hotel,Neutral
CUST1800,Delhi,App,4,room great service trip enjoyable recommended amazing stay experience enjoyable amazing service stay amazing room enjoyable service room amazing great service enjoyable experience experience recommended amazing amazing amazing great service enjoyable location trip room service recommended stay hotel amazing amazing experience enjoyable hotel hotel experience stay recommended service hotel trip trip location enjoyable room trip experience great service amazing stay enjoyable amazing location amazing hotel amazing recommended experience experience service trip great service experience recommended room amazing trip stay room enjoyable amazing recommended hotel hotel room enjoyable hotel amazing service enjoyable room room room hotel room trip amazing stay amazing hotel service stay hotel great service amazing recommended experience location enjoyable enjoyable recommended hotel experience room enjoyable recommended room location enjoyable recommended trip hotel location trip stay amazing amazing great service service great service stay enjoyable recommended enjoyable room amazing amazing hotel location service location amazing amazing stay amazing experience hotel amazing enjoyable stay great service recommended hotel enjoyable trip location amazing recommended enjoyable enjoyable stay great service amazing stay service service trip stay room amazing amazing service enjoyable room enjoyable trip enjoyable hotel enjoyable trip hotel,Positive
CUST1801,Goa,App,1,experience trip experience stay trip bad service trip unpleasant poor location location service hotel unpleasant poor service unpleasant experience hotel bad hotel unpleasant service not recommended hotel room experience location location room hotel not recommended location trip bad hotel unpleasant bad bad location stay unpleasant location location bad room trip service not recommended stay stay bad stay room trip unpleasant stay bad,Negative
CUST1802,Jaipur,App,4,trip stay experience room service stay great service great service trip hotel pleasant location pleasant location enjoyable room location enjoyable great service recommended pleasant trip service room service great service great service great service location location great service stay pleasant trip hotel recommended pleasant pleasant service great service trip service great service great service service room hotel great service recommended location experience great service experience great service great service great service pleasant enjoyable great service trip trip great service enjoyable pleasant enjoyable hotel great service trip pleasant hotel location recommended enjoyable recommended enjoyable enjoyable service great service great service service stay great service experience great service great service location stay service service trip recommended pleasant room trip experience great service service location stay location experience stay pleasant great service stay experience hotel great service hotel room great service recommended pleasant hotel trip recommended enjoyable experience great service pleasant pleasant location stay pleasant enjoyable room experience stay trip stay pleasant trip trip trip stay great service trip recommended trip great service great service great service enjoyable enjoyable recommended recommended great service recommended room great service experience service stay,Positive
CUST1803,Delhi,App,3,service okay average location stay room location average room experience average okay room average service acceptable okay acceptable stay decent okay room location experience location hotel experience location okay trip acceptable decent okay acceptable room okay trip experience acceptable hotel acceptable experience acceptable,Neutral
CUST1804,Delhi,App,2,unpleasant poor terrible poor service service poor unpleasant hotel poor hotel stay stay stay trip unpleasant stay terrible room poor trip room poor room stay terrible stay service room stay room poor poor room trip trip service experience trip unpleasant stay poor stay location experience stay poor trip location location poor service hotel terrible experience terrible trip service experience location stay unpleasant terrible poor terrible poor terrible location poor room poor poor poor unpleasant poor experience service unpleasant location poor experience terrible service service experience trip service unpleasant stay location poor stay location experience poor poor experience experience hotel poor stay poor trip trip service unpleasant trip stay terrible poor room hotel terrible experience poor room experience trip experience stay poor hotel service poor location service stay experience poor poor poor poor room service experience location poor poor poor room poor trip terrible poor room unpleasant location room room location poor poor poor poor poor poor room poor hotel stay room experience poor stay service unpleasant poor room poor experience terrible trip,Negative
CUST1805,Delhi,Web,5,hotel recommended fantastic hotel hotel location trip hotel recommended stay fantastic trip hotel fantastic location recommended enjoyable enjoyable enjoyable fantastic fantastic trip enjoyable fantastic location recommended fantastic hotel enjoyable fantastic recommended fantastic fantastic fantastic stay trip location stay room enjoyable fantastic fantastic fantastic enjoyable experience trip room location fantastic recommended trip service location experience hotel service location room recommended experience fantastic stay experience hotel experience enjoyable fantastic enjoyable hotel fantastic room experience room enjoyable recommended hotel room hotel fantastic experience trip stay enjoyable fantastic enjoyable stay location stay hotel fantastic enjoyable enjoyable fantastic location hotel experience stay stay trip enjoyable hotel location room location hotel service service stay room fantastic fantastic fantastic fantastic recommended room recommended fantastic room enjoyable location room location room enjoyable fantastic fantastic room fantastic fantastic fantastic experience stay service fantastic,Positive
CUST1806,Mumbai,Web,5,amazing trip room trip recommended experience trip pleasant service recommended stay amazing pleasant pleasant service recommended room experience amazing location pleasant experience location experience service great service service hotel hotel stay great service amazing recommended service trip location hotel room experience recommended great service trip room fantastic location room fantastic amazing stay service amazing recommended room recommended amazing hotel trip great service great service recommended hotel stay amazing trip hotel fantastic hotel hotel fantastic hotel pleasant amazing amazing pleasant fantastic amazing location location service fantastic pleasant pleasant amazing amazing amazing stay amazing hotel hotel stay amazing stay hotel service fantastic great service location experience room location fantastic stay experience location great service room amazing great service location location recommended amazing pleasant service trip service amazing pleasant stay room room service recommended amazing recommended stay pleasant recommended service hotel recommended stay room room amazing great service service location fantastic great service,Positive
CUST1807,Goa,Web,5,recommended stay pleasant location trip room service service enjoyable trip experience pleasant experience pleasant pleasant experience pleasant stay recommended trip room service pleasant hotel hotel hotel enjoyable enjoyable hotel enjoyable service hotel pleasant experience pleasant hotel stay enjoyable recommended pleasant location trip experience pleasant experience location pleasant great service pleasant stay room enjoyable great service service great service pleasant location enjoyable enjoyable pleasant service pleasant pleasant pleasant pleasant service recommended enjoyable trip pleasant pleasant trip service pleasant experience room recommended room experience room pleasant great service stay hotel service pleasant stay pleasant recommended recommended experience room hotel recommended pleasant pleasant recommended hotel service trip pleasant recommended pleasant experience room experience stay pleasant room pleasant trip hotel enjoyable hotel hotel service trip location stay,Positive
CUST1808,Mumbai,App,1,poor experience terrible poor stay hotel location stay poor room terrible trip hotel poor experience poor poor poor poor location location service poor stay room terrible hotel location service room location hotel terrible poor poor trip stay trip service stay poor poor hotel poor poor service stay stay stay stay poor room poor room service poor stay location poor poor location hotel poor poor experience poor service service stay room poor poor experience poor stay room terrible service poor,Negative
CUST1809,Goa,Web,3,location location stay room acceptable hotel room service service experience room stay hotel experience service acceptable room service hotel acceptable service moderate moderate hotel trip stay trip acceptable stay moderate hotel acceptable room service moderate moderate moderate stay service stay room hotel acceptable experience moderate moderate trip stay trip room acceptable moderate room moderate moderate trip service service service moderate trip location acceptable moderate moderate moderate acceptable moderate experience experience acceptable moderate trip hotel acceptable hotel moderate acceptable moderate hotel stay trip moderate acceptable acceptable stay acceptable hotel hotel moderate moderate trip acceptable moderate moderate room stay acceptable trip experience acceptable location acceptable room stay experience location moderate hotel moderate moderate moderate location moderate location hotel,Neutral
CUST1810,Delhi,Web,4,great service experience location recommended recommended recommended experience great service hotel experience location great service great service great service hotel great service experience hotel stay trip recommended service service stay experience great service great service hotel recommended great service great service recommended recommended great service hotel stay amazing recommended service great service service great service service location experience recommended room trip stay room location amazing location great service recommended great service recommended service hotel trip great service stay amazing recommended amazing room great service experience experience great service location great service great service trip recommended great service hotel location room recommended recommended service recommended location recommended service recommended great service great service experience service recommended location location great service trip stay great service recommended great service great service great service recommended experience amazing location location hotel experience great service great service trip experience recommended location location location great service trip recommended stay recommended trip recommended great service service great service stay room great service stay room recommended recommended service recommended recommended recommended stay great service recommended great service room recommended amazing great service great service hotel trip stay hotel trip stay great service recommended location recommended stay stay trip amazing room hotel hotel hotel amazing service recommended room location location great service trip recommended recommended service great service hotel recommended stay room,Positive
CUST1811,Bangalore,App,4,recommended room experience trip location service hotel enjoyable enjoyable location stay pleasant enjoyable stay stay service location room pleasant enjoyable hotel hotel trip pleasant pleasant pleasant service pleasant pleasant service service room hotel trip enjoyable pleasant stay enjoyable location recommended experience enjoyable pleasant pleasant experience location service enjoyable recommended stay pleasant enjoyable hotel pleasant enjoyable experience service pleasant enjoyable pleasant pleasant enjoyable service enjoyable service location enjoyable enjoyable experience experience hotel trip enjoyable pleasant enjoyable recommended recommended pleasant pleasant room room trip service hotel location pleasant recommended pleasant experience pleasant recommended experience pleasant room pleasant pleasant recommended room room room location location enjoyable pleasant stay enjoyable enjoyable enjoyable pleasant pleasant pleasant stay location pleasant,Positive
CUST1812,Bangalore,App,4,pleasant hotel pleasant service room pleasant pleasant pleasant pleasant amazing amazing experience location fantastic location location room amazing location service stay pleasant enjoyable amazing stay pleasant service stay stay service location service pleasant service experience pleasant hotel pleasant service pleasant trip enjoyable trip hotel enjoyable trip room location service hotel experience pleasant service pleasant pleasant pleasant trip trip enjoyable enjoyable stay enjoyable service location pleasant amazing pleasant enjoyable pleasant pleasant pleasant pleasant experience room pleasant pleasant enjoyable pleasant fantastic trip amazing location experience hotel fantastic service fantastic service enjoyable enjoyable room enjoyable location location experience location pleasant room amazing pleasant trip experience service pleasant room amazing pleasant amazing stay pleasant pleasant pleasant room pleasant location enjoyable experience experience amazing location hotel pleasant hotel pleasant hotel enjoyable hotel experience stay pleasant amazing fantastic stay enjoyable service amazing service fantastic enjoyable stay service stay amazing pleasant trip stay pleasant fantastic fantastic experience enjoyable stay service room,Positive
CUST1813,Goa,App,5,experience fantastic location room great service experience fantastic experience location great service great service amazing hotel enjoyable trip great service room stay great service trip room trip experience location fantastic fantastic service hotel fantastic enjoyable fantastic great service great service fantastic fantastic trip fantastic hotel hotel amazing service experience great service service trip amazing great service location enjoyable fantastic location room service great service fantastic amazing fantastic location trip great service amazing enjoyable room fantastic service trip hotel great service stay location great service location enjoyable experience location amazing service enjoyable service hotel enjoyable great service fantastic fantastic fantastic trip hotel location fantastic amazing experience amazing amazing great service fantastic enjoyable great service great service service great service location location room hotel experience stay trip great service stay service great service fantastic stay hotel great service room stay fantastic hotel trip enjoyable room fantastic great service service great service location hotel service fantastic stay great service fantastic service amazing room hotel experience location hotel enjoyable amazing fantastic great service stay trip stay amazing location hotel stay amazing service stay great service service stay trip service great service enjoyable stay great service enjoyable stay amazing fantastic hotel enjoyable,Positive
CUST1814,Jaipur,App,4,experience fantastic stay recommended stay hotel hotel stay recommended enjoyable recommended stay room location recommended fantastic enjoyable recommended recommended location hotel recommended enjoyable service enjoyable service trip service pleasant experience hotel room recommended experience enjoyable enjoyable enjoyable experience room recommended location enjoyable enjoyable trip hotel room fantastic enjoyable stay recommended pleasant pleasant enjoyable recommended recommended service fantastic location experience enjoyable recommended fantastic room trip experience recommended service recommended recommended stay pleasant trip fantastic enjoyable location hotel recommended stay fantastic pleasant recommended room experience trip recommended experience pleasant room stay enjoyable fantastic trip room enjoyable recommended recommended experience stay room experience enjoyable experience enjoyable service enjoyable recommended fantastic recommended hotel recommended fantastic trip hotel fantastic service room fantastic enjoyable recommended stay enjoyable recommended service experience trip enjoyable pleasant room recommended location experience stay room stay enjoyable stay service service recommended enjoyable enjoyable,Positive
CUST1815,Bangalore,Web,2,unpleasant stay stay unpleasant trip experience trip trip bad bad stay unpleasant unpleasant unpleasant experience trip hotel experience bad experience unpleasant experience experience trip room room unpleasant stay location unpleasant room bad location stay unpleasant unpleasant trip hotel unpleasant service unpleasant unpleasant unpleasant bad bad experience experience hotel unpleasant service unpleasant unpleasant bad hotel unpleasant,Negative
CUST1816,Goa,Web,5,hotel hotel hotel hotel stay hotel location amazing recommended amazing great service amazing experience enjoyable location recommended recommended great service hotel pleasant service enjoyable enjoyable room pleasant great service great service enjoyable enjoyable stay pleasant pleasant service great service location great service recommended stay recommended recommended trip amazing stay enjoyable enjoyable,Positive
CUST1817,Goa,App,5,hotel trip pleasant amazing fantastic stay pleasant great service fantastic trip great service service great service room fantastic location location service pleasant room location hotel location pleasant pleasant fantastic stay experience service pleasant experience pleasant service experience fantastic pleasant stay experience trip fantastic location stay service fantastic pleasant location fantastic pleasant hotel service pleasant room pleasant pleasant service service experience great service service experience fantastic great service fantastic pleasant great service service fantastic location hotel stay room room great service room room stay stay stay trip experience pleasant trip experience stay experience service great service trip trip stay location trip amazing pleasant amazing room experience amazing pleasant amazing amazing hotel stay hotel trip service experience experience great service amazing trip stay stay pleasant room great service great service fantastic room experience,Positive
CUST1818,Mumbai,App,5,recommended location trip recommended hotel amazing pleasant location hotel recommended pleasant stay location fantastic recommended trip room location pleasant pleasant recommended service recommended pleasant amazing experience fantastic pleasant amazing service hotel location service recommended pleasant trip service trip fantastic service room recommended recommended recommended experience experience stay room trip hotel trip pleasant hotel location recommended pleasant fantastic stay pleasant trip service recommended hotel pleasant hotel recommended experience experience fantastic service room pleasant room trip experience experience recommended amazing pleasant experience trip amazing stay experience recommended service room pleasant location pleasant pleasant trip pleasant fantastic recommended recommended service recommended fantastic,Positive
CUST1819,Jaipur,Web,5,enjoyable hotel enjoyable trip hotel great service pleasant hotel great service great service experience location enjoyable enjoyable trip hotel hotel location experience enjoyable enjoyable pleasant fantastic great service fantastic great service great service room,Positive
CUST1820,Jaipur,App,3,moderate trip experience room decent moderate hotel stay service moderate moderate stay moderate experience decent moderate service moderate service moderate hotel moderate decent room room moderate moderate service moderate moderate service moderate trip moderate location decent moderate trip service experience stay decent moderate moderate service stay stay moderate stay room moderate trip moderate experience location location hotel hotel trip service experience service moderate moderate location experience moderate room moderate location room trip stay service location moderate moderate hotel service moderate location room location room moderate moderate moderate hotel experience hotel moderate moderate decent location moderate moderate stay moderate moderate moderate moderate moderate room experience moderate moderate location decent trip stay trip moderate stay moderate location decent experience moderate moderate hotel experience service moderate service moderate stay moderate moderate room decent decent experience moderate moderate location location trip moderate,Neutral
CUST1821,Goa,App,3,room hotel moderate hotel moderate location hotel room location acceptable service stay location trip hotel room room moderate hotel room acceptable room room average okay hotel trip location location trip trip stay service location moderate stay location room experience moderate hotel trip,Neutral
CUST1822,Delhi,Web,5,enjoyable pleasant experience experience experience experience location trip great service stay location pleasant fantastic great service enjoyable room fantastic location enjoyable pleasant amazing service pleasant enjoyable room enjoyable stay trip,Positive
CUST1823,Mumbai,App,4,hotel hotel great service location stay service experience trip fantastic fantastic stay service great service room experience recommended hotel location trip recommended service amazing fantastic fantastic room stay stay location location stay trip experience service service fantastic location great service location fantastic recommended room fantastic great service fantastic experience service stay service service location amazing hotel trip location fantastic fantastic great service great service amazing great service great service experience location location recommended stay stay fantastic great service trip fantastic great service hotel room fantastic great service stay hotel amazing great service experience great service hotel location great service location fantastic hotel experience service fantastic room experience great service recommended room location stay,Positive
CUST1824,Bangalore,App,5,service location room trip experience service stay room enjoyable location experience great service location stay hotel experience trip stay stay great service stay service pleasant pleasant pleasant experience location stay hotel fantastic trip fantastic hotel stay great service stay room experience experience service service stay enjoyable pleasant great service pleasant trip stay enjoyable enjoyable pleasant fantastic hotel pleasant pleasant hotel room trip location trip pleasant great service pleasant enjoyable pleasant great service experience location,Positive
CUST1825,Bangalore,Web,3,service trip moderate okay okay stay room trip okay hotel stay trip okay moderate experience okay trip room service room stay service okay room okay hotel experience decent okay service location room moderate hotel moderate stay okay room trip okay service decent experience decent moderate experience moderate experience moderate okay okay okay service okay okay service room stay room okay okay experience okay service stay moderate experience okay location trip experience decent okay trip location room hotel trip service experience room room moderate stay decent hotel experience okay experience room okay okay location location room okay trip decent moderate moderate stay stay room okay decent experience decent hotel stay decent stay trip moderate trip moderate room moderate stay trip location okay experience hotel decent room moderate okay okay stay okay hotel okay service okay trip okay trip location experience stay trip okay location stay trip stay location room hotel trip okay moderate room stay service okay stay stay decent moderate trip hotel experience service trip location okay okay location room okay stay trip location stay hotel stay,Neutral
CUST1826,Mumbai,Web,5,enjoyable experience service enjoyable fantastic amazing pleasant fantastic location location trip location fantastic enjoyable hotel amazing enjoyable location fantastic service room fantastic hotel stay enjoyable amazing enjoyable stay service pleasant enjoyable experience enjoyable hotel service amazing trip pleasant location hotel enjoyable hotel pleasant hotel location trip stay room enjoyable experience,Positive
CUST1827,Jaipur,App,3,location hotel room location decent decent moderate decent moderate moderate moderate service hotel trip stay hotel service moderate hotel room stay room moderate stay stay experience trip location room acceptable moderate experience decent decent moderate location moderate experience trip room moderate location service location trip moderate trip decent stay decent decent experience hotel acceptable experience experience location location experience hotel service acceptable acceptable acceptable stay experience service hotel stay acceptable room service acceptable trip hotel acceptable hotel decent moderate moderate trip location decent stay experience room service decent service hotel acceptable moderate location decent hotel acceptable stay,Neutral
CUST1828,Bangalore,App,5,amazing fantastic fantastic experience fantastic room room hotel experience enjoyable enjoyable amazing enjoyable hotel enjoyable hotel location amazing hotel room amazing enjoyable location enjoyable service room enjoyable enjoyable enjoyable stay fantastic stay hotel trip fantastic experience fantastic hotel hotel enjoyable stay amazing enjoyable location enjoyable enjoyable enjoyable location trip enjoyable trip amazing location enjoyable enjoyable location hotel enjoyable amazing room amazing room enjoyable room amazing amazing enjoyable room amazing amazing experience service service amazing trip amazing trip enjoyable fantastic amazing enjoyable amazing stay service amazing enjoyable hotel enjoyable enjoyable service enjoyable enjoyable location amazing room amazing enjoyable service amazing enjoyable experience amazing location hotel enjoyable amazing enjoyable amazing stay service trip fantastic service,Positive
CUST1829,Bangalore,App,4,fantastic fantastic experience hotel fantastic amazing enjoyable fantastic stay enjoyable fantastic service pleasant stay enjoyable amazing amazing location service amazing enjoyable fantastic enjoyable experience fantastic fantastic amazing enjoyable amazing amazing enjoyable amazing trip experience service amazing amazing pleasant pleasant location experience fantastic amazing room location amazing fantastic amazing service amazing amazing service pleasant location fantastic experience fantastic amazing service fantastic service location service pleasant room fantastic room stay amazing fantastic trip fantastic amazing hotel fantastic pleasant fantastic pleasant pleasant amazing trip amazing stay room service location trip amazing fantastic amazing enjoyable service stay room fantastic pleasant fantastic room hotel service hotel fantastic pleasant amazing enjoyable amazing service trip amazing experience amazing amazing pleasant enjoyable enjoyable fantastic hotel amazing amazing trip amazing service stay stay amazing room hotel pleasant amazing amazing amazing room amazing enjoyable stay trip service pleasant amazing enjoyable room amazing service service fantastic trip experience room location pleasant stay service amazing service,Positive
CUST1830,Mumbai,Web,1,room unpleasant not recommended experience terrible poor not recommended unpleasant hotel service not recommended service room room not recommended poor terrible trip service not recommended not recommended trip not recommended terrible stay stay not recommended not recommended experience trip unpleasant terrible trip trip terrible poor,Negative
CUST1831,Mumbai,App,1,hotel location terrible stay stay trip hotel unpleasant poor experience room service terrible room room trip terrible experience unpleasant terrible terrible location unpleasant experience room terrible hotel poor room stay terrible hotel stay terrible hotel location hotel terrible room terrible terrible stay experience room unpleasant location terrible terrible hotel poor poor location service service room poor poor poor poor location location trip terrible terrible room hotel room experience trip,Negative
CUST1832,Delhi,Web,5,experience recommended pleasant trip recommended pleasant location enjoyable recommended trip great service hotel fantastic fantastic location pleasant service recommended recommended fantastic location fantastic experience trip service experience service stay enjoyable fantastic recommended fantastic fantastic enjoyable fantastic fantastic experience trip recommended location hotel service service stay trip hotel location stay recommended experience service stay fantastic experience enjoyable fantastic experience experience trip service fantastic enjoyable enjoyable great service stay fantastic room enjoyable stay experience hotel enjoyable recommended hotel enjoyable trip fantastic location location experience great service service great service hotel recommended hotel pleasant recommended experience service pleasant location fantastic hotel location fantastic trip fantastic hotel fantastic recommended pleasant stay stay fantastic experience stay room room fantastic room location trip pleasant pleasant service great service recommended trip recommended room recommended stay pleasant recommended fantastic room service stay trip fantastic trip great service great service fantastic trip service great service fantastic great service fantastic recommended great service trip enjoyable fantastic fantastic fantastic location trip recommended fantastic location hotel location enjoyable fantastic recommended stay great service pleasant room,Positive
CUST1833,Delhi,App,3,average service room hotel decent room stay room trip decent room room service service room acceptable average hotel service location hotel location experience service experience stay average room service trip trip hotel acceptable experience experience stay location trip location stay location stay location room hotel,Neutral
CUST1834,Jaipur,Web,3,trip acceptable service service acceptable stay experience trip acceptable okay acceptable experience room hotel stay room okay stay experience okay location trip average acceptable experience acceptable moderate moderate okay location room trip acceptable acceptable stay experience room location hotel average okay okay hotel location trip service room hotel moderate trip room location room hotel trip service average room experience trip stay acceptable location stay room moderate stay moderate experience average experience average acceptable experience acceptable service moderate average experience location acceptable room moderate stay trip hotel room service hotel trip acceptable location room moderate okay acceptable experience hotel service acceptable okay location stay room experience okay room trip hotel acceptable location okay location room average room acceptable experience average okay trip acceptable trip acceptable stay average acceptable average okay stay hotel moderate trip trip acceptable service moderate average okay trip hotel room experience room room,Neutral
CUST1835,Mumbai,Web,3,experience okay hotel moderate experience moderate okay okay hotel moderate trip trip experience moderate service trip location hotel okay stay moderate experience acceptable stay acceptable experience moderate trip room,Neutral
CUST1836,Mumbai,App,4,recommended pleasant location stay room room room experience trip fantastic experience location recommended room recommended recommended hotel trip recommended trip trip pleasant recommended service,Positive
CUST1837,Goa,Web,5,pleasant amazing location service experience hotel trip pleasant room stay room enjoyable amazing great service enjoyable great service stay great service experience hotel experience great service enjoyable room enjoyable amazing great service trip location enjoyable stay enjoyable stay hotel service experience great service trip pleasant location location trip hotel hotel great service service room great service experience service hotel great service room room hotel amazing location enjoyable amazing enjoyable great service hotel amazing experience location trip enjoyable amazing experience amazing room hotel stay great service room enjoyable room trip pleasant hotel hotel location service great service amazing service pleasant enjoyable hotel hotel enjoyable experience experience enjoyable amazing location hotel trip room service pleasant amazing trip pleasant service service pleasant stay great service room enjoyable pleasant room great service service,Positive
CUST1838,Jaipur,App,3,room service room room decent stay stay stay okay experience hotel location service stay okay okay stay okay location moderate experience service location hotel decent okay experience room moderate decent trip decent trip hotel stay location okay moderate trip experience hotel room decent hotel experience stay trip decent hotel trip experience stay service service service room moderate room okay service service okay okay service stay okay okay experience okay trip location okay stay moderate moderate moderate okay okay hotel decent experience decent hotel okay decent moderate decent decent decent location okay location stay okay hotel room service stay location okay decent hotel stay moderate stay okay okay okay service stay moderate hotel decent room okay okay hotel okay room service experience experience trip stay service hotel okay decent room okay decent room okay okay hotel stay experience okay location okay decent decent location okay hotel service experience hotel okay decent trip okay stay okay decent room room moderate trip okay,Neutral
CUST1839,Jaipur,App,5,amazing trip fantastic location amazing location location hotel pleasant amazing room fantastic amazing service pleasant location amazing fantastic great service experience service amazing room amazing service location amazing experience great service amazing room hotel amazing amazing amazing trip hotel hotel trip amazing stay fantastic fantastic amazing amazing amazing stay room amazing service amazing pleasant location stay pleasant service amazing location great service fantastic experience amazing service service room location fantastic amazing amazing amazing amazing service amazing amazing pleasant stay trip fantastic pleasant room trip experience service pleasant amazing fantastic location room pleasant amazing amazing stay service location hotel amazing pleasant amazing trip amazing trip amazing amazing amazing fantastic fantastic amazing amazing trip hotel fantastic stay fantastic amazing amazing location location hotel room room fantastic location trip pleasant service trip experience pleasant amazing great service stay amazing amazing trip location amazing experience pleasant amazing room trip fantastic great service experience amazing pleasant room service great service amazing amazing fantastic pleasant amazing trip room amazing great service fantastic fantastic fantastic great service room service service room trip pleasant pleasant room stay amazing service stay stay amazing room amazing trip stay amazing great service amazing,Positive
CUST1840,Bangalore,App,4,fantastic great service location hotel service location stay enjoyable hotel trip trip fantastic enjoyable fantastic enjoyable location great service enjoyable fantastic fantastic hotel fantastic fantastic room experience fantastic enjoyable fantastic enjoyable fantastic fantastic fantastic fantastic trip experience stay fantastic stay hotel great service experience service hotel service room room experience trip enjoyable fantastic enjoyable great service trip enjoyable location trip enjoyable location enjoyable fantastic service experience enjoyable service location enjoyable fantastic service hotel hotel hotel room service hotel stay service service enjoyable trip enjoyable great service location enjoyable location fantastic enjoyable enjoyable trip fantastic location fantastic stay fantastic experience fantastic experience fantastic hotel enjoyable trip great service enjoyable service experience service room location fantastic enjoyable fantastic room hotel trip enjoyable experience great service enjoyable stay enjoyable room fantastic fantastic experience hotel enjoyable great service room great service enjoyable fantastic fantastic enjoyable fantastic hotel fantastic experience great service fantastic stay trip service location hotel experience trip enjoyable experience hotel stay stay great service enjoyable service hotel location hotel experience trip service enjoyable experience experience trip location enjoyable enjoyable enjoyable service enjoyable hotel hotel hotel enjoyable service room fantastic location experience room room great service enjoyable location trip service great service great service enjoyable experience enjoyable location enjoyable room experience stay enjoyable great service enjoyable,Positive
CUST1841,Jaipur,App,5,great service stay great service fantastic trip fantastic amazing stay room hotel pleasant room fantastic location pleasant fantastic fantastic experience room amazing fantastic fantastic fantastic stay fantastic fantastic great service pleasant experience pleasant room service hotel experience recommended fantastic location service stay room experience experience hotel hotel fantastic service pleasant fantastic great service great service location fantastic trip amazing amazing recommended recommended pleasant stay room hotel stay great service location experience experience room trip recommended fantastic service trip amazing location hotel room location experience room room fantastic service trip hotel room recommended trip great service fantastic pleasant fantastic hotel stay recommended service recommended amazing great service room stay stay recommended pleasant location hotel pleasant location great service hotel service stay pleasant trip experience fantastic experience trip great service recommended room trip stay service fantastic great service location great service experience stay amazing amazing service great service location fantastic pleasant stay experience experience recommended amazing,Positive
CUST1842,Bangalore,App,2,not recommended bad unpleasant hotel bad not recommended experience location service location not recommended room service unpleasant not recommended bad not recommended experience experience experience service not recommended room stay location stay room stay location stay not recommended not recommended room service stay room bad service unpleasant not recommended room trip service bad hotel hotel not recommended service hotel hotel service room hotel service not recommended hotel not recommended stay bad bad unpleasant hotel not recommended hotel location location bad experience trip room not recommended trip room hotel room service bad service not recommended experience experience trip experience experience hotel bad bad stay bad unpleasant experience stay room hotel bad unpleasant stay room unpleasant stay room room bad not recommended room unpleasant location stay not recommended unpleasant stay bad unpleasant location experience location trip bad experience room location stay bad location not recommended not recommended bad trip bad bad not recommended room location hotel room unpleasant location hotel service location bad location location hotel room not recommended location not recommended experience hotel unpleasant trip stay bad trip hotel trip,Negative
CUST1843,Mumbai,App,5,trip great service room recommended experience stay service trip fantastic trip room hotel trip stay experience amazing trip amazing enjoyable amazing amazing location fantastic fantastic great service enjoyable fantastic amazing recommended fantastic fantastic fantastic amazing recommended room enjoyable location recommended experience enjoyable fantastic room location amazing fantastic great service fantastic amazing experience experience enjoyable trip service hotel enjoyable amazing amazing enjoyable trip stay hotel experience great service stay hotel amazing location service stay experience trip great service trip amazing recommended room amazing experience location room hotel amazing room experience experience experience recommended location service stay service amazing fantastic enjoyable room room service enjoyable service amazing fantastic recommended experience location experience enjoyable stay hotel great service location room enjoyable amazing great service enjoyable experience recommended experience amazing amazing service service room stay hotel recommended great service experience fantastic room trip location fantastic hotel room recommended stay great service trip recommended room trip amazing room enjoyable experience great service hotel service trip trip stay amazing great service service amazing hotel stay amazing service experience trip hotel great service amazing amazing location service experience great service trip amazing hotel room amazing recommended,Positive
CUST1844,Delhi,App,5,pleasant service hotel trip fantastic service hotel pleasant pleasant fantastic stay great service fantastic trip service great service fantastic trip fantastic fantastic location fantastic location experience enjoyable experience hotel pleasant hotel pleasant location pleasant pleasant service great service fantastic great service fantastic great service fantastic pleasant enjoyable location fantastic trip service fantastic stay pleasant enjoyable room pleasant stay fantastic pleasant trip fantastic fantastic fantastic room location room service location stay fantastic room pleasant hotel pleasant room pleasant location room pleasant location experience great service experience service location hotel pleasant room fantastic experience service fantastic experience great service service stay pleasant room great service stay pleasant pleasant great service enjoyable hotel great service service great service room great service pleasant great service enjoyable location location stay fantastic great service fantastic fantastic pleasant pleasant stay room trip enjoyable location room enjoyable great service enjoyable stay fantastic location fantastic service pleasant great service fantastic enjoyable hotel room enjoyable pleasant fantastic pleasant great service pleasant enjoyable pleasant room room location fantastic hotel room trip fantastic trip room trip fantastic enjoyable location service service experience fantastic service stay enjoyable location trip stay location room location service fantastic enjoyable hotel pleasant service trip location room fantastic pleasant trip pleasant trip enjoyable hotel fantastic fantastic pleasant hotel room hotel stay trip trip,Positive
CUST1845,Delhi,App,1,experience service bad terrible terrible trip hotel terrible room bad bad bad terrible bad terrible stay bad experience service bad service trip hotel bad service terrible hotel experience experience service service service hotel terrible hotel hotel terrible bad experience service hotel bad bad hotel room room room bad room terrible terrible experience terrible experience bad bad stay stay terrible location trip stay location bad experience terrible bad terrible bad hotel experience room terrible bad hotel room experience bad stay room terrible bad,Negative
CUST1846,Delhi,Web,5,enjoyable pleasant location experience hotel stay room location service pleasant service pleasant stay room location experience recommended pleasant recommended room pleasant pleasant pleasant pleasant experience service pleasant service pleasant room hotel recommended room stay pleasant pleasant room service pleasant recommended service pleasant location room pleasant enjoyable pleasant trip recommended recommended pleasant recommended pleasant stay recommended hotel pleasant enjoyable pleasant location recommended pleasant pleasant service location trip pleasant pleasant trip pleasant room pleasant room experience experience hotel hotel experience pleasant recommended service enjoyable hotel enjoyable recommended location recommended stay enjoyable recommended recommended pleasant pleasant recommended recommended stay location pleasant service trip pleasant recommended stay trip location room service pleasant service pleasant hotel hotel enjoyable pleasant pleasant experience enjoyable service enjoyable hotel service enjoyable experience pleasant pleasant enjoyable enjoyable pleasant pleasant stay recommended room pleasant recommended pleasant pleasant recommended pleasant pleasant trip location location service hotel pleasant hotel recommended room recommended pleasant recommended pleasant stay trip pleasant recommended room service pleasant recommended pleasant enjoyable pleasant recommended service experience service pleasant,Positive
CUST1847,Mumbai,App,5,location service stay trip stay room enjoyable location amazing trip recommended recommended recommended enjoyable experience service enjoyable recommended stay stay enjoyable location room stay service amazing amazing amazing recommended trip trip trip,Positive
CUST1848,Delhi,Web,1,hotel stay poor hotel service unpleasant location poor hotel not recommended poor terrible trip location room poor service not recommended room unpleasant poor terrible stay experience trip service poor poor poor terrible poor room stay poor hotel experience trip not recommended terrible poor service terrible trip poor service room poor service unpleasant service hotel experience hotel stay stay room room trip stay room poor poor poor hotel stay poor service trip terrible unpleasant terrible location terrible service hotel location hotel trip location service poor service trip trip experience poor not recommended location service hotel poor poor service location trip service unpleasant experience service stay trip unpleasant room poor terrible unpleasant trip experience hotel experience hotel experience poor service not recommended unpleasant poor not recommended service poor not recommended service location stay stay stay trip poor unpleasant service hotel terrible poor location trip service terrible stay terrible trip stay not recommended location trip experience poor not recommended stay location not recommended poor location experience unpleasant location room experience room terrible unpleasant hotel experience poor trip stay service terrible room terrible terrible poor terrible terrible service location,Negative
CUST1849,Goa,App,3,okay service moderate room experience moderate location room moderate trip room trip average service average moderate moderate experience average average okay hotel hotel acceptable location acceptable hotel average acceptable moderate hotel experience moderate trip moderate moderate moderate moderate stay location hotel trip moderate experience location location okay location okay trip trip location moderate moderate hotel experience location okay service room service,Neutral
CUST1850,Jaipur,Web,3,service stay acceptable moderate trip average average service experience average moderate average room stay acceptable moderate acceptable acceptable trip trip acceptable okay service room trip okay okay experience trip hotel acceptable okay location hotel okay trip service acceptable okay service experience hotel trip acceptable average acceptable service trip trip acceptable room average experience okay moderate okay trip okay,Neutral
CUST1851,Goa,App,4,hotel fantastic pleasant trip enjoyable pleasant pleasant pleasant fantastic recommended trip hotel fantastic enjoyable stay experience amazing recommended room service pleasant pleasant pleasant location pleasant service amazing amazing experience stay trip room service stay enjoyable pleasant hotel experience recommended trip service service recommended stay fantastic recommended enjoyable experience service amazing amazing service enjoyable enjoyable pleasant trip trip service enjoyable service recommended trip pleasant pleasant trip,Positive
CUST1852,Mumbai,Web,5,service stay enjoyable experience room trip hotel amazing enjoyable room location enjoyable trip location enjoyable pleasant stay amazing service room amazing amazing location hotel recommended enjoyable stay location recommended enjoyable room enjoyable enjoyable enjoyable stay pleasant pleasant experience service amazing trip pleasant amazing stay pleasant location location hotel recommended amazing recommended enjoyable stay amazing amazing hotel hotel hotel pleasant amazing location room stay amazing pleasant experience enjoyable room recommended pleasant amazing recommended recommended pleasant service experience stay enjoyable amazing amazing stay stay enjoyable amazing trip experience recommended trip location stay enjoyable trip pleasant amazing location hotel service enjoyable service enjoyable amazing enjoyable recommended room stay enjoyable enjoyable service enjoyable location enjoyable recommended experience hotel stay trip pleasant pleasant experience pleasant stay amazing pleasant experience enjoyable service room stay service location service enjoyable amazing amazing amazing room service location amazing pleasant recommended enjoyable trip pleasant trip pleasant enjoyable service service room trip hotel experience amazing stay stay room recommended trip trip enjoyable service experience trip trip pleasant amazing recommended amazing experience experience trip pleasant enjoyable recommended recommended service location stay pleasant stay amazing,Positive
CUST1853,Goa,App,4,amazing experience experience great service pleasant hotel stay stay great service experience hotel room trip trip stay hotel room amazing great service amazing amazing recommended hotel room service pleasant,Positive
CUST1854,Delhi,App,3,location decent location acceptable hotel location acceptable acceptable stay okay stay hotel service acceptable acceptable trip trip stay service trip location location experience experience service room hotel okay room acceptable location service hotel experience room room okay acceptable experience stay room acceptable,Neutral
CUST1855,Goa,Web,4,stay pleasant hotel service trip pleasant location hotel experience experience experience location fantastic location recommended hotel fantastic recommended recommended fantastic enjoyable pleasant room fantastic stay enjoyable location service room pleasant fantastic recommended trip experience room hotel fantastic fantastic room location recommended location recommended,Positive
CUST1856,Goa,Web,2,service stay experience trip poor room hotel not recommended room not recommended hotel location unpleasant poor service not recommended service unpleasant location location hotel hotel not recommended service bad stay bad stay room trip not recommended hotel hotel bad experience trip stay room location not recommended hotel unpleasant service service poor trip location not recommended service hotel hotel experience stay bad poor trip room experience experience poor not recommended stay experience not recommended hotel hotel room stay location experience trip trip service hotel not recommended location poor hotel experience service service trip not recommended not recommended poor,Negative
CUST1857,Jaipur,App,4,trip fantastic fantastic fantastic fantastic trip fantastic service enjoyable fantastic experience fantastic fantastic service fantastic trip enjoyable hotel pleasant fantastic experience stay fantastic trip great service room trip service trip hotel location service hotel fantastic service trip fantastic fantastic hotel fantastic stay hotel stay fantastic stay room hotel hotel pleasant great service fantastic fantastic service service hotel pleasant great service experience hotel service experience stay great service service fantastic great service fantastic hotel enjoyable trip great service fantastic experience enjoyable trip fantastic experience service hotel service hotel hotel room great service great service,Positive
CUST1858,Goa,App,5,trip location pleasant pleasant experience recommended stay great service trip trip great service great service recommended hotel great service stay trip hotel great service pleasant experience trip pleasant hotel room hotel trip trip great service trip location experience location experience great service stay trip great service trip room trip room great service service hotel service room recommended experience trip recommended pleasant pleasant recommended location recommended stay recommended stay pleasant experience room recommended recommended room room hotel service pleasant recommended pleasant pleasant recommended pleasant location experience service hotel great service hotel room pleasant pleasant pleasant pleasant location recommended location location location hotel great service pleasant recommended service pleasant experience recommended great service stay great service great service recommended hotel location location experience service recommended hotel hotel location pleasant service pleasant hotel recommended trip great service pleasant hotel location pleasant pleasant room pleasant location trip service experience location pleasant recommended pleasant stay great service trip recommended pleasant experience experience pleasant experience pleasant trip trip hotel room stay recommended recommended experience great service room room stay location great service location trip hotel pleasant stay stay trip hotel recommended room room location recommended hotel great service service stay trip recommended service pleasant hotel great service recommended great service service trip location hotel recommended location recommended experience recommended recommended great service,Positive
CUST1859,Jaipur,Web,1,experience location room hotel terrible location bad service stay bad service stay terrible service hotel unpleasant location terrible stay bad trip experience room hotel unpleasant service experience bad poor trip room room bad poor bad experience trip experience bad service bad stay terrible service location location trip experience service bad unpleasant bad stay trip service trip unpleasant unpleasant room service terrible trip trip location stay bad service terrible experience location trip terrible service hotel room trip room trip stay stay hotel service terrible location stay poor hotel unpleasant unpleasant poor hotel poor trip service poor hotel service terrible unpleasant unpleasant trip unpleasant location location bad location bad poor bad poor trip unpleasant trip poor terrible unpleasant terrible poor terrible stay unpleasant unpleasant location stay stay trip bad location bad trip location service experience location unpleasant stay poor unpleasant terrible room bad stay experience terrible experience room trip unpleasant experience bad bad stay stay location trip unpleasant terrible location poor service experience hotel,Negative
CUST1860,Delhi,App,4,service recommended experience great service enjoyable great service location amazing trip location hotel trip pleasant location amazing enjoyable pleasant amazing recommended enjoyable recommended stay stay recommended great service trip amazing room location amazing trip recommended pleasant location stay room enjoyable stay room experience room pleasant enjoyable room enjoyable stay great service experience recommended location experience trip pleasant trip great service hotel trip stay hotel location trip amazing recommended room recommended hotel service recommended service amazing location service amazing amazing location pleasant location great service room room amazing recommended pleasant location hotel room trip room great service amazing experience service amazing room hotel hotel enjoyable amazing room experience hotel recommended experience pleasant trip hotel hotel experience location room amazing hotel service service hotel location experience enjoyable experience pleasant pleasant room service service location enjoyable hotel trip amazing location stay trip enjoyable trip hotel trip stay pleasant room service hotel trip experience amazing amazing great service hotel service service service hotel amazing great service amazing trip service stay room service stay trip recommended recommended trip experience recommended pleasant room location recommended great service amazing recommended room stay hotel room experience hotel amazing pleasant hotel experience pleasant trip recommended,Positive
CUST1861,Bangalore,App,5,hotel pleasant location service experience stay great service stay service great service pleasant pleasant stay trip great service location service location hotel location pleasant recommended pleasant service recommended fantastic location great service pleasant stay great service pleasant trip location great service fantastic great service stay recommended pleasant great service trip room experience location stay stay service great service room great service experience trip hotel recommended fantastic pleasant room pleasant experience recommended great service fantastic trip pleasant service great service great service service trip fantastic great service pleasant experience service stay pleasant service fantastic trip pleasant recommended hotel service location great service hotel location experience pleasant hotel experience trip pleasant pleasant trip,Positive
CUST1862,Jaipur,Web,5,location stay experience great service room location great service great service experience room enjoyable enjoyable enjoyable great service room experience location amazing amazing hotel stay trip hotel amazing hotel fantastic amazing amazing location enjoyable trip recommended great service amazing experience recommended great service room location great service trip fantastic stay room enjoyable amazing service recommended experience amazing fantastic fantastic experience fantastic service hotel great service trip service service stay service fantastic great service experience great service experience room stay location great service hotel recommended location enjoyable room fantastic fantastic hotel experience trip amazing hotel great service enjoyable service great service great service recommended service hotel recommended enjoyable enjoyable room great service room,Positive
CUST1863,Jaipur,Web,1,poor poor bad hotel poor location service experience trip bad unpleasant hotel poor service poor poor trip experience trip service experience bad hotel poor stay room hotel poor location experience location poor hotel experience location service hotel poor experience hotel experience location poor bad hotel bad experience service hotel stay unpleasant trip unpleasant stay poor room trip poor bad bad trip trip poor poor bad hotel poor unpleasant poor poor hotel hotel hotel bad room poor location trip poor trip location trip hotel poor location poor poor poor poor location service experience hotel experience poor trip experience poor hotel poor experience poor location stay unpleasant trip hotel poor location poor poor bad poor poor bad poor bad room service bad location bad room service poor poor stay hotel experience poor service poor room experience poor hotel stay poor bad bad unpleasant poor service poor location hotel location poor poor poor bad poor,Negative
CUST1864,Mumbai,Web,4,hotel location amazing recommended recommended enjoyable experience stay service hotel service trip recommended trip amazing recommended enjoyable experience recommended pleasant pleasant amazing pleasant amazing recommended hotel enjoyable location recommended enjoyable recommended service room enjoyable location recommended location recommended trip recommended trip experience stay trip pleasant trip amazing amazing pleasant trip recommended room enjoyable hotel amazing hotel recommended pleasant trip pleasant pleasant pleasant room amazing recommended stay enjoyable stay recommended service experience enjoyable service amazing stay enjoyable experience trip recommended hotel room room recommended location amazing recommended experience amazing hotel service amazing room hotel amazing recommended recommended enjoyable experience trip amazing pleasant experience pleasant pleasant experience enjoyable amazing enjoyable stay room room enjoyable pleasant service enjoyable trip enjoyable recommended trip recommended experience amazing recommended pleasant pleasant location recommended service amazing enjoyable trip hotel enjoyable amazing trip experience pleasant location pleasant pleasant recommended experience service recommended enjoyable enjoyable enjoyable amazing room service enjoyable trip,Positive
CUST1865,Bangalore,App,3,hotel location hotel decent decent experience room hotel location decent decent trip decent acceptable hotel stay experience hotel average acceptable acceptable room hotel service acceptable decent experience service acceptable average acceptable acceptable room room hotel stay acceptable average decent decent experience stay average stay hotel room decent experience experience decent stay acceptable stay experience average decent average stay service decent decent decent experience acceptable acceptable trip location stay acceptable room decent stay service hotel trip hotel stay decent decent decent room decent hotel decent decent hotel service decent decent location decent room experience stay acceptable experience acceptable hotel location average stay service location decent location decent trip average stay decent room experience experience service experience average average hotel experience decent average experience decent service decent location room acceptable stay acceptable trip service experience experience experience decent stay trip decent experience decent service stay location acceptable trip hotel decent room service location average acceptable decent trip experience room average trip decent service decent room decent decent decent room service acceptable decent experience trip trip decent location trip average location hotel average room stay decent service experience service service decent acceptable,Neutral
CUST1866,Mumbai,App,3,stay okay okay experience hotel trip stay moderate experience location okay moderate moderate location location okay room room okay location moderate okay okay okay stay experience hotel average hotel okay hotel average okay location moderate experience moderate stay trip okay okay okay room average trip moderate room stay okay stay service average experience trip trip stay experience stay location moderate okay experience trip room okay location stay,Neutral
CUST1867,Mumbai,Web,5,enjoyable stay enjoyable recommended fantastic enjoyable recommended recommended room room room enjoyable trip service experience pleasant pleasant recommended service amazing amazing enjoyable room recommended enjoyable stay pleasant fantastic enjoyable enjoyable fantastic hotel enjoyable hotel room stay recommended service service experience enjoyable hotel trip location trip room fantastic stay stay pleasant enjoyable enjoyable amazing stay pleasant location room service enjoyable recommended hotel pleasant enjoyable trip pleasant trip stay enjoyable room room trip room hotel service enjoyable room service recommended room amazing room hotel enjoyable service recommended trip enjoyable recommended hotel hotel enjoyable stay enjoyable trip fantastic enjoyable hotel trip room amazing location fantastic room enjoyable pleasant recommended service stay stay experience fantastic enjoyable service recommended,Positive
CUST1868,Goa,App,4,location service great service experience stay experience fantastic great service fantastic stay experience stay great service fantastic fantastic experience fantastic fantastic stay fantastic experience room stay location fantastic fantastic trip trip stay great service stay stay hotel room trip service fantastic amazing amazing experience fantastic location great service stay great service room experience fantastic amazing fantastic great service amazing hotel hotel service fantastic amazing experience great service hotel room hotel service stay service hotel experience fantastic room experience room service fantastic experience amazing fantastic location room trip trip trip location great service great service fantastic fantastic fantastic amazing amazing amazing hotel service great service trip service fantastic fantastic service amazing amazing fantastic location room service fantastic fantastic fantastic fantastic fantastic stay great service experience location hotel trip great service fantastic fantastic trip fantastic great service hotel room great service service great service fantastic fantastic fantastic location service amazing trip service fantastic fantastic great service fantastic experience fantastic hotel amazing amazing fantastic amazing great service trip amazing room room trip great service hotel room experience experience great service amazing amazing great service great service fantastic hotel amazing,Positive
CUST1869,Mumbai,Web,1,service service not recommended terrible room trip hotel location unpleasant experience experience not recommended experience unpleasant poor stay not recommended bad poor terrible bad bad service room bad not recommended stay location service unpleasant unpleasant location experience experience hotel location service room service poor trip experience not recommended poor unpleasant trip terrible stay unpleasant service stay location room unpleasant stay experience trip location hotel unpleasant unpleasant terrible trip location poor experience room stay hotel poor trip bad terrible service bad not recommended room poor trip experience poor not recommended not recommended location experience trip unpleasant trip poor not recommended experience trip stay trip experience hotel poor trip stay terrible trip not recommended service trip not recommended experience stay location hotel service location room poor terrible service location service hotel bad experience room terrible hotel stay terrible unpleasant poor terrible terrible unpleasant location experience experience not recommended poor unpleasant not recommended unpleasant location room hotel room location trip location terrible trip unpleasant trip bad terrible poor stay service bad experience stay room terrible terrible poor not recommended service location poor service service,Negative
CUST1870,Delhi,App,4,amazing room room experience enjoyable great service location enjoyable amazing experience amazing experience room enjoyable service trip trip stay amazing pleasant pleasant service stay amazing service amazing location enjoyable experience trip great service location stay trip hotel pleasant hotel amazing experience amazing hotel enjoyable trip great service enjoyable stay amazing service great service experience amazing room enjoyable,Positive
CUST1871,Goa,Web,3,location service trip experience decent stay experience stay experience room experience experience room service room decent decent service experience acceptable,Neutral
CUST1872,Delhi,Web,5,amazing stay service service great service pleasant pleasant experience trip stay room fantastic amazing amazing stay great service amazing pleasant service fantastic service great service location pleasant amazing trip location location amazing service room great service location great service pleasant service amazing hotel trip great service experience room pleasant experience service amazing location hotel stay trip amazing amazing fantastic room room amazing great service hotel location amazing amazing service fantastic experience pleasant pleasant stay amazing amazing stay experience amazing experience room location trip amazing amazing amazing amazing room room pleasant fantastic great service hotel room experience trip amazing great service amazing room fantastic pleasant pleasant experience pleasant amazing hotel fantastic experience amazing pleasant location great service great service room amazing fantastic pleasant amazing pleasant service amazing room pleasant amazing amazing pleasant fantastic stay great service trip room hotel experience great service experience amazing service service stay pleasant experience pleasant location fantastic fantastic experience great service stay pleasant location trip pleasant experience service hotel trip service great service amazing stay stay pleasant fantastic service pleasant,Positive
CUST1873,Goa,App,4,recommended trip fantastic stay fantastic experience experience recommended recommended service recommended trip amazing trip location hotel stay stay service trip recommended fantastic fantastic service location amazing service location service hotel service room room stay room room trip amazing amazing amazing recommended stay fantastic location hotel amazing location trip trip experience fantastic recommended recommended experience recommended service recommended experience great service recommended hotel amazing stay hotel room stay recommended experience stay recommended amazing great service great service room amazing stay hotel location fantastic stay service room trip amazing service fantastic fantastic great service amazing recommended service experience amazing service recommended great service service trip experience recommended amazing trip service great service service fantastic great service fantastic stay location service location great service great service hotel recommended amazing fantastic service amazing room hotel amazing amazing hotel fantastic experience amazing recommended service great service trip great service trip recommended trip great service location great service amazing hotel fantastic trip great service great service room service recommended recommended stay recommended service trip room fantastic location experience recommended amazing amazing room recommended amazing recommended recommended great service amazing great service service room trip recommended amazing location room great service,Positive
CUST1874,Delhi,Web,5,recommended room room amazing great service service experience experience service stay great service recommended experience trip recommended amazing trip great service amazing trip hotel recommended great service service hotel amazing hotel room experience trip recommended experience stay amazing recommended amazing service room hotel great service recommended experience amazing stay amazing room stay amazing amazing recommended recommended amazing service great service service great service great service service amazing service amazing service trip service stay recommended trip recommended amazing recommended amazing,Positive
CUST1875,Mumbai,App,5,experience great service recommended hotel service pleasant trip location recommended service recommended experience great service room recommended pleasant recommended room trip experience room enjoyable great service enjoyable enjoyable hotel trip hotel stay experience trip recommended hotel experience recommended great service stay room great service trip experience room pleasant recommended trip stay room service great service stay enjoyable great service service pleasant service pleasant stay trip experience room pleasant experience recommended stay recommended experience great service hotel experience enjoyable enjoyable trip enjoyable enjoyable pleasant recommended service recommended enjoyable enjoyable hotel trip hotel service enjoyable pleasant recommended service service enjoyable hotel location recommended stay enjoyable trip recommended pleasant trip great service enjoyable room recommended service experience,Positive
CUST1876,Mumbai,App,1,bad hotel poor location trip poor location poor terrible trip location poor service bad hotel poor terrible bad room room stay hotel stay unpleasant unpleasant hotel unpleasant room trip poor experience service poor service location room bad stay terrible poor terrible hotel bad unpleasant room trip bad terrible location location terrible trip stay location unpleasant trip unpleasant location hotel trip unpleasant service service stay unpleasant experience terrible poor poor experience location terrible location trip trip poor location experience bad bad unpleasant poor unpleasant unpleasant stay experience experience unpleasant hotel stay bad experience service unpleasant room room service hotel experience terrible stay room trip service unpleasant service terrible room location room experience service bad poor trip location service trip stay bad hotel stay terrible location room poor location room service terrible bad bad experience service unpleasant stay location unpleasant experience terrible hotel bad room experience terrible room hotel experience unpleasant stay hotel trip,Negative
CUST1877,Mumbai,App,4,trip service location amazing amazing amazing service trip stay enjoyable stay service great service service room hotel service trip location service service amazing trip service room experience great service pleasant pleasant hotel location hotel great service amazing great service great service trip enjoyable experience trip location amazing location location trip amazing trip location experience stay stay amazing great service pleasant amazing service amazing great service experience experience experience service location pleasant great service great service service room room amazing great service experience location trip great service amazing pleasant great service hotel stay location great service hotel pleasant service hotel stay room room great service pleasant great service hotel hotel experience location experience service enjoyable pleasant trip great service stay great service great service enjoyable great service trip pleasant great service trip hotel amazing location great service location location service pleasant service stay location enjoyable hotel experience enjoyable room amazing enjoyable great service pleasant hotel great service trip stay great service service service trip amazing enjoyable enjoyable pleasant hotel great service trip pleasant stay enjoyable room trip stay service service stay amazing location stay amazing amazing pleasant great service service amazing trip amazing location stay trip trip experience experience service stay enjoyable pleasant trip experience stay amazing room amazing great service service trip great service experience amazing great service location location trip location stay amazing,Positive
CUST1878,Jaipur,Web,4,stay experience trip trip stay pleasant location great service hotel service pleasant great service great service pleasant great service hotel pleasant great service location trip room great service service pleasant pleasant experience stay great service trip location hotel great service trip trip stay service stay room service great service great service room pleasant great service pleasant great service pleasant location trip great service hotel hotel hotel great service trip pleasant great service hotel great service great service room great service pleasant trip hotel trip great service pleasant pleasant service trip great service pleasant location trip great service hotel pleasant stay great service pleasant hotel experience service great service great service hotel service room great service experience stay great service,Positive
CUST1879,Bangalore,App,4,service pleasant location service hotel service pleasant amazing pleasant hotel stay pleasant service great service pleasant pleasant stay pleasant recommended great service pleasant pleasant stay trip room hotel hotel location room experience hotel great service pleasant pleasant amazing trip stay great service room great service service pleasant room hotel amazing pleasant recommended experience amazing experience service amazing hotel room stay experience amazing experience pleasant amazing experience experience hotel room trip great service stay trip pleasant hotel trip service room service service service service hotel experience amazing stay experience amazing great service stay stay hotel great service amazing amazing trip amazing,Positive
CUST1880,Bangalore,App,2,stay trip stay unpleasant service hotel location not recommended stay location hotel hotel location experience unpleasant not recommended not recommended room unpleasant room unpleasant unpleasant unpleasant room unpleasant unpleasant experience location not recommended location not recommended unpleasant unpleasant not recommended trip unpleasant unpleasant hotel experience not recommended room service unpleasant room room unpleasant experience hotel not recommended experience unpleasant location unpleasant unpleasant location room location unpleasant unpleasant unpleasant unpleasant not recommended trip room experience unpleasant not recommended unpleasant room unpleasant stay stay stay service room unpleasant unpleasant stay unpleasant hotel hotel service location unpleasant unpleasant location not recommended location not recommended experience service not recommended unpleasant hotel unpleasant stay service trip unpleasant experience experience not recommended unpleasant hotel not recommended room unpleasant trip experience stay unpleasant room unpleasant room hotel location unpleasant unpleasant stay service not recommended unpleasant trip unpleasant room experience location stay location unpleasant hotel stay hotel hotel location service experience stay room room trip room trip not recommended unpleasant location trip unpleasant experience not recommended not recommended unpleasant service location stay not recommended unpleasant experience stay,Negative
CUST1881,Bangalore,App,3,room stay experience moderate trip service average average hotel location decent average moderate service location service decent stay hotel location average location trip okay moderate location average room service location hotel moderate location location moderate okay experience moderate moderate average decent decent average decent experience experience decent experience room okay experience room moderate moderate trip service hotel okay decent okay average moderate stay okay room service service okay hotel decent service room average moderate room hotel experience moderate okay service hotel location location hotel trip average average location decent average okay decent service moderate room moderate location okay moderate stay location hotel location stay service service decent decent trip moderate okay trip location okay stay moderate trip service room service decent service decent trip service stay decent okay hotel moderate average stay average experience moderate decent decent location room room room moderate location stay hotel moderate trip trip okay trip,Neutral
CUST1882,Delhi,App,4,pleasant amazing experience stay pleasant service amazing pleasant stay experience service amazing pleasant amazing room experience pleasant room amazing location amazing room stay location fantastic pleasant hotel room trip room room location amazing experience amazing room trip amazing amazing pleasant amazing hotel location service fantastic hotel pleasant stay hotel amazing location amazing room amazing pleasant stay hotel amazing pleasant pleasant experience service amazing trip pleasant amazing amazing service amazing service experience experience location fantastic room amazing amazing room pleasant amazing experience room pleasant trip room experience amazing fantastic fantastic trip pleasant amazing hotel service pleasant experience amazing stay trip amazing pleasant amazing hotel amazing experience service location amazing location hotel pleasant fantastic amazing amazing trip stay pleasant room location pleasant trip amazing room pleasant trip amazing fantastic trip service amazing room amazing location pleasant room fantastic location amazing service location fantastic fantastic pleasant location service stay hotel pleasant location location amazing stay trip trip trip experience amazing room experience room pleasant,Positive
CUST1883,Goa,App,3,experience experience average okay average decent service location stay stay trip stay service experience service acceptable experience decent location trip moderate service service hotel service decent stay decent room acceptable stay decent room experience trip average acceptable decent moderate average experience moderate room service room experience location decent location trip decent okay experience decent room moderate decent hotel experience trip experience hotel experience hotel location hotel moderate location stay hotel moderate room experience average okay hotel average service service acceptable stay experience service moderate experience moderate location location decent trip trip room experience hotel room okay trip stay decent stay okay experience location okay acceptable trip room room okay experience experience average stay experience moderate service location trip decent hotel hotel decent stay stay stay room stay room average location decent service decent stay room hotel trip experience stay location average location stay hotel location location okay moderate location experience okay stay stay okay hotel acceptable okay service room stay moderate experience moderate moderate trip okay service experience moderate location trip acceptable trip stay hotel service room room room service location service moderate location experience,Neutral
CUST1884,Delhi,Web,5,enjoyable hotel trip stay trip recommended amazing amazing enjoyable amazing enjoyable stay stay experience stay service amazing amazing amazing service hotel amazing location recommended trip amazing amazing enjoyable amazing recommended amazing enjoyable amazing amazing amazing enjoyable amazing stay recommended service recommended trip location amazing trip stay amazing location hotel amazing stay hotel stay stay location,Positive
CUST1885,Bangalore,Web,3,hotel hotel decent hotel room stay stay location trip decent decent service room average decent service decent trip trip service hotel experience average acceptable decent stay stay decent hotel hotel acceptable location decent acceptable room acceptable average acceptable service trip service decent average service trip decent acceptable decent service decent decent hotel average decent stay trip decent trip decent stay location trip decent decent service acceptable trip room average decent average average room room decent stay service stay acceptable average average service service location trip average trip location decent location room experience hotel,Neutral
CUST1886,Goa,Web,3,service moderate moderate hotel location moderate decent experience location decent room hotel moderate moderate decent moderate moderate moderate service moderate moderate moderate moderate service experience moderate moderate hotel location moderate trip location moderate location service stay experience trip moderate moderate moderate experience moderate hotel experience room trip moderate moderate service moderate service experience decent service decent moderate decent moderate moderate trip service location experience stay moderate stay moderate moderate moderate location decent trip hotel room room trip decent trip room stay stay room location hotel moderate moderate trip moderate moderate hotel experience moderate trip moderate experience moderate trip hotel moderate location,Neutral
CUST1887,Jaipur,App,4,trip pleasant hotel stay amazing enjoyable room amazing location amazing stay trip enjoyable trip hotel recommended room recommended location enjoyable location hotel recommended recommended experience recommended location room amazing,Positive
CUST1888,Mumbai,Web,3,decent decent hotel acceptable experience service service acceptable decent location acceptable acceptable location decent service service experience location acceptable acceptable stay location location decent decent room experience experience room trip service location room trip stay decent decent decent acceptable service location acceptable trip room experience experience stay acceptable trip decent experience stay stay decent service stay experience decent decent decent service trip stay room stay acceptable decent service service room room acceptable experience room decent room decent hotel hotel acceptable acceptable location decent decent service location decent service experience decent decent service room acceptable decent acceptable stay acceptable room location stay service service decent location acceptable trip stay location service,Neutral
CUST1889,Goa,Web,1,terrible bad trip bad unpleasant terrible hotel unpleasant stay unpleasant stay bad trip service location unpleasant unpleasant poor room stay terrible hotel unpleasant experience terrible experience room bad terrible,Negative
CUST1890,Delhi,App,3,decent stay service hotel okay moderate decent stay moderate average location room moderate trip moderate trip location stay average location room trip trip average room location decent room hotel experience experience location average hotel stay trip decent average experience location service trip okay trip okay service stay location experience room location hotel decent decent decent okay hotel trip okay experience average decent hotel moderate trip experience decent location decent decent hotel okay location okay moderate decent average moderate stay moderate decent decent service experience stay average experience trip,Neutral
CUST1891,Jaipur,Web,3,service service experience okay hotel moderate location moderate stay moderate service experience okay trip trip service moderate service service moderate location location experience hotel trip trip location room okay hotel location location service experience location service moderate moderate service hotel acceptable room moderate acceptable location hotel moderate acceptable moderate location hotel okay okay moderate acceptable okay moderate moderate acceptable stay stay moderate moderate trip service okay service trip hotel okay moderate service moderate location acceptable stay okay moderate moderate okay okay okay moderate okay moderate moderate stay moderate service trip service experience okay okay trip okay room okay service location experience moderate service acceptable experience location okay okay trip acceptable stay room service okay trip experience experience acceptable moderate moderate okay location okay stay location,Neutral
CUST1892,Mumbai,App,3,hotel trip average hotel location average average okay room average moderate average service average average hotel location okay moderate service moderate okay trip moderate service room service hotel experience okay experience experience okay stay room average hotel hotel stay service decent average average hotel okay okay location moderate service room room decent experience service average service okay average okay average location okay hotel service average hotel average decent average okay hotel okay stay room average moderate average service hotel trip experience experience moderate trip room moderate moderate room okay experience trip okay average average service decent okay service stay moderate stay room service trip average location average moderate trip trip location trip moderate trip stay okay location service hotel moderate moderate average decent location okay service trip okay trip average average moderate moderate trip stay,Neutral
CUST1893,Goa,Web,4,fantastic recommended experience location trip fantastic room pleasant experience great service hotel room stay service great service recommended service location experience experience pleasant trip fantastic trip fantastic recommended location stay pleasant pleasant experience recommended fantastic location experience experience hotel location great service experience service trip great service fantastic recommended service fantastic trip location pleasant stay pleasant fantastic stay service experience recommended experience service great service hotel fantastic hotel pleasant pleasant fantastic pleasant location,Positive
CUST1894,Goa,Web,4,pleasant service pleasant amazing experience recommended amazing experience great service room recommended recommended service great service pleasant hotel location experience pleasant location pleasant experience stay amazing amazing pleasant trip trip recommended amazing stay great service location recommended room service experience trip pleasant amazing location amazing recommended stay room recommended trip trip service amazing pleasant room experience room recommended trip recommended amazing experience trip room recommended experience stay recommended service location great service amazing room great service room hotel amazing location experience amazing amazing hotel stay trip trip room great service trip amazing room pleasant location trip recommended room amazing service experience trip pleasant location amazing hotel trip great service great service stay location great service recommended stay pleasant experience great service pleasant stay experience service pleasant hotel trip hotel amazing amazing service trip experience great service recommended amazing pleasant pleasant trip trip great service room service great service room trip room pleasant pleasant pleasant pleasant great service amazing amazing room,Positive
CUST1895,Bangalore,App,3,location experience decent okay decent experience service stay location okay service experience service service okay decent hotel room okay trip okay trip room stay okay location hotel experience service service service stay trip experience location hotel hotel decent decent trip acceptable room location experience stay stay trip trip experience okay stay trip decent decent okay decent decent location stay hotel okay stay service room experience service acceptable trip trip trip room hotel service hotel stay experience service room decent service decent hotel okay decent okay hotel trip decent okay acceptable hotel decent room experience trip okay okay okay acceptable room room okay service location stay location acceptable location okay decent okay okay acceptable service hotel room decent acceptable location room stay location trip decent decent decent hotel okay room trip location trip decent service okay okay,Neutral
CUST1896,Delhi,App,5,fantastic great service fantastic fantastic recommended recommended great service hotel experience fantastic pleasant service trip service experience great service experience trip fantastic enjoyable service fantastic recommended great service fantastic fantastic pleasant great service enjoyable great service location stay great service enjoyable recommended hotel enjoyable location recommended location service great service room trip stay trip room fantastic great service enjoyable great service trip location fantastic room recommended enjoyable service service trip service fantastic pleasant service room enjoyable service great service trip fantastic location pleasant recommended room fantastic hotel location room room stay enjoyable room location recommended fantastic fantastic hotel trip experience hotel service hotel stay enjoyable room pleasant pleasant enjoyable recommended fantastic pleasant hotel fantastic hotel enjoyable fantastic recommended room service great service location stay stay room experience fantastic recommended great service hotel great service experience room pleasant pleasant location pleasant recommended great service service recommended recommended stay room fantastic hotel great service service experience pleasant pleasant location fantastic stay pleasant room stay location location fantastic recommended service pleasant recommended trip trip service stay fantastic pleasant recommended fantastic hotel pleasant room experience fantastic recommended service great service enjoyable enjoyable room enjoyable stay great service stay stay fantastic pleasant location great service trip pleasant service experience hotel room,Positive
CUST1897,Goa,App,3,hotel trip trip decent average room experience acceptable acceptable okay hotel stay hotel average okay room okay hotel experience experience decent acceptable location hotel okay hotel decent hotel moderate okay trip location trip moderate average decent trip service average hotel service experience acceptable experience trip room trip moderate average okay moderate location trip moderate service okay average service room average acceptable acceptable trip average okay average trip experience service experience hotel hotel service room decent service experience average location experience moderate service trip service trip stay location okay hotel decent experience experience trip average average trip decent location room average room moderate hotel location moderate stay decent acceptable acceptable location okay moderate moderate trip stay location acceptable acceptable experience service decent location acceptable decent location moderate,Neutral
CUST1898,Delhi,App,3,hotel stay experience room average moderate hotel average average moderate average average stay hotel trip trip moderate average room average trip stay okay experience experience room moderate trip moderate moderate average moderate average room average location location service trip trip moderate average okay average okay average room moderate okay average stay average average service average experience trip moderate hotel service service stay,Neutral
CUST1899,Jaipur,Web,5,stay trip amazing service recommended amazing trip recommended hotel hotel location enjoyable room recommended experience enjoyable amazing amazing hotel pleasant service service recommended experience recommended amazing enjoyable service room amazing stay amazing room location trip amazing trip amazing room pleasant enjoyable amazing experience trip amazing room hotel amazing enjoyable stay recommended enjoyable amazing recommended recommended service enjoyable recommended room service pleasant recommended hotel recommended enjoyable location trip amazing recommended enjoyable trip amazing recommended experience pleasant recommended enjoyable room enjoyable location amazing location amazing experience enjoyable location service experience amazing room enjoyable amazing service room enjoyable recommended trip room recommended location location hotel location trip service experience service service recommended enjoyable recommended hotel stay pleasant location service recommended recommended location trip trip enjoyable recommended recommended recommended recommended service service location recommended experience enjoyable room service trip recommended location amazing location pleasant location stay room amazing room enjoyable pleasant room stay service enjoyable trip amazing stay recommended room amazing location recommended enjoyable location location location location enjoyable amazing recommended recommended amazing stay room room enjoyable experience pleasant experience stay enjoyable room hotel hotel stay enjoyable enjoyable amazing enjoyable hotel stay location recommended location amazing location room recommended amazing location amazing amazing,Positive
CUST1900,Jaipur,Web,4,enjoyable service service enjoyable trip experience fantastic fantastic trip experience location great service great service fantastic trip great service room trip enjoyable stay great service room room enjoyable enjoyable enjoyable enjoyable stay fantastic enjoyable stay great service great service experience experience room service stay fantastic fantastic service fantastic great service great service amazing great service room location amazing room experience enjoyable amazing room service service stay service service experience location location enjoyable experience fantastic service enjoyable fantastic location stay great service great service room room location service great service trip experience service enjoyable fantastic experience location enjoyable room great service great service enjoyable great service great service enjoyable fantastic great service stay fantastic great service stay fantastic trip fantastic hotel stay hotel fantastic experience enjoyable room great service trip enjoyable experience enjoyable trip service great service great service fantastic room experience stay room hotel great service great service amazing hotel stay experience hotel hotel fantastic experience great service trip amazing great service location fantastic stay stay experience stay service amazing great service great service hotel enjoyable trip stay stay location amazing enjoyable fantastic fantastic amazing hotel location stay room amazing service fantastic trip room great service experience service enjoyable hotel experience enjoyable enjoyable great service service amazing fantastic enjoyable room great service,Positive
CUST1901,Mumbai,Web,5,trip great service room room great service stay amazing enjoyable amazing amazing room great service great service service great service location experience room service amazing great service trip great service great service great service stay great service fantastic experience great service great service stay stay experience great service service room service amazing great service great service great service experience experience room great service enjoyable service trip room location trip service trip experience service great service great service location room trip great service enjoyable amazing experience amazing enjoyable stay trip service service amazing enjoyable fantastic amazing stay room enjoyable experience great service hotel great service great service great service great service service fantastic amazing stay location room hotel hotel service great service enjoyable great service hotel stay amazing trip fantastic enjoyable fantastic location amazing enjoyable trip room room stay service hotel trip great service experience fantastic fantastic hotel great service location great service hotel service great service service experience location hotel trip location great service great service fantastic trip amazing stay hotel stay location great service great service hotel great service location location service location location enjoyable enjoyable experience hotel enjoyable stay great service enjoyable hotel service stay experience great service room fantastic great service experience enjoyable fantastic fantastic location enjoyable amazing amazing enjoyable location great service trip stay hotel trip hotel trip stay stay great service stay enjoyable experience service great service amazing hotel enjoyable enjoyable,Positive
CUST1902,Jaipur,Web,1,room hotel not recommended stay location not recommended location bad room bad unpleasant experience unpleasant not recommended terrible not recommended terrible experience stay location trip unpleasant terrible not recommended location terrible hotel experience stay terrible experience service unpleasant not recommended trip unpleasant experience service stay experience room unpleasant service experience hotel location bad not recommended unpleasant experience bad not recommended room experience terrible not recommended stay location stay service not recommended not recommended terrible not recommended hotel trip unpleasant unpleasant not recommended service terrible unpleasant room stay not recommended bad not recommended experience hotel location location service trip experience bad location not recommended hotel stay unpleasant not recommended service bad experience experience service terrible experience service service room not recommended experience trip service stay not recommended trip stay not recommended hotel terrible hotel location hotel location trip terrible room bad not recommended location unpleasant location room not recommended unpleasant location stay experience not recommended hotel experience hotel bad service service bad stay stay experience terrible experience room unpleasant bad room trip not recommended not recommended service location room terrible not recommended stay bad trip stay hotel experience hotel not recommended hotel terrible bad experience experience bad terrible unpleasant unpleasant location unpleasant bad hotel unpleasant trip hotel bad location not recommended room stay,Negative
CUST1903,Bangalore,App,4,recommended stay recommended service location fantastic location enjoyable recommended hotel experience recommended stay enjoyable location experience room amazing location stay recommended fantastic hotel hotel hotel trip experience amazing stay recommended hotel room recommended recommended experience location recommended fantastic enjoyable hotel room amazing fantastic enjoyable location recommended stay room pleasant amazing recommended amazing hotel recommended enjoyable enjoyable amazing stay recommended trip service fantastic room service trip amazing experience hotel room enjoyable recommended enjoyable location amazing recommended recommended stay room pleasant service stay enjoyable location recommended hotel recommended trip recommended trip recommended recommended enjoyable fantastic trip stay amazing pleasant amazing trip recommended experience location service recommended service hotel enjoyable recommended recommended trip experience location service room recommended service location enjoyable amazing amazing service location experience fantastic recommended room service amazing stay experience amazing stay recommended trip room hotel enjoyable experience hotel service recommended service room enjoyable recommended location service experience stay experience room location amazing recommended recommended amazing pleasant fantastic fantastic stay fantastic stay stay fantastic enjoyable location room pleasant location stay pleasant recommended enjoyable recommended trip stay location amazing service stay recommended location service recommended recommended experience recommended location recommended service room recommended hotel location fantastic experience amazing location,Positive
CUST1904,Jaipur,App,4,hotel location stay enjoyable enjoyable service hotel trip enjoyable great service stay enjoyable enjoyable enjoyable pleasant great service enjoyable stay room location enjoyable stay enjoyable experience service enjoyable enjoyable experience location stay experience amazing location stay stay location location trip location experience stay stay enjoyable experience location great service enjoyable enjoyable stay location room amazing enjoyable hotel great service amazing enjoyable amazing enjoyable,Positive
CUST1905,Goa,App,4,room hotel recommended hotel trip hotel fantastic enjoyable fantastic enjoyable stay location service pleasant fantastic location enjoyable hotel recommended experience fantastic enjoyable trip enjoyable enjoyable room amazing experience service stay enjoyable room service hotel pleasant service room fantastic pleasant hotel fantastic pleasant enjoyable stay fantastic hotel enjoyable trip pleasant amazing enjoyable stay location experience trip enjoyable trip hotel amazing fantastic location room enjoyable experience amazing,Positive
CUST1906,Bangalore,Web,3,trip hotel decent decent decent stay service decent hotel service decent room trip decent hotel decent average decent hotel hotel decent decent hotel hotel location trip service decent service trip stay service decent average decent room average hotel trip room service service decent decent average hotel decent stay decent stay room stay stay service decent decent decent location decent decent experience hotel hotel trip decent average service experience service room experience hotel experience location room average decent decent service stay experience stay decent decent decent experience decent room average location average decent experience experience decent experience decent location decent trip experience decent decent decent hotel decent trip service decent decent location decent room stay hotel trip location room hotel decent location hotel location service service decent average decent room decent location experience stay decent decent decent location decent stay decent decent decent hotel room trip decent stay,Neutral
CUST1907,Jaipur,App,4,enjoyable enjoyable room enjoyable trip trip room stay enjoyable hotel stay stay amazing room enjoyable experience recommended enjoyable recommended stay amazing hotel location hotel service amazing experience stay stay amazing enjoyable enjoyable stay service enjoyable experience enjoyable recommended enjoyable room stay room trip enjoyable stay amazing trip,Positive
CUST1908,Bangalore,App,3,stay acceptable moderate hotel acceptable decent acceptable trip trip stay hotel decent hotel moderate decent trip location stay trip experience hotel acceptable experience decent decent experience experience experience hotel room room moderate experience moderate acceptable experience hotel stay hotel experience location location trip stay location trip experience acceptable acceptable acceptable experience hotel acceptable acceptable location service hotel hotel acceptable acceptable acceptable stay acceptable acceptable moderate acceptable location acceptable trip acceptable room location experience acceptable acceptable acceptable acceptable location acceptable service location acceptable moderate stay room stay decent hotel moderate decent location trip location service hotel stay moderate stay experience decent acceptable service decent,Neutral
CUST1909,Mumbai,App,1,poor poor poor trip unpleasant hotel unpleasant not recommended unpleasant not recommended stay unpleasant not recommended hotel unpleasant room room unpleasant service unpleasant location not recommended stay room experience trip room poor room unpleasant stay service hotel experience trip location service not recommended poor unpleasant hotel trip location trip poor unpleasant experience poor hotel trip poor unpleasant room location service experience service stay location experience poor hotel service unpleasant trip experience not recommended poor service unpleasant unpleasant room unpleasant unpleasant poor poor poor poor unpleasant room unpleasant stay experience unpleasant room not recommended stay not recommended service room room experience location unpleasant unpleasant poor service trip experience experience experience hotel experience experience stay hotel unpleasant experience room service hotel hotel stay experience not recommended unpleasant experience hotel room location hotel unpleasant,Negative
CUST1910,Mumbai,App,4,hotel fantastic experience hotel amazing location fantastic hotel fantastic experience room fantastic pleasant recommended stay hotel trip amazing fantastic room recommended hotel trip fantastic recommended experience service hotel service room experience experience,Positive
CUST1911,Mumbai,App,1,not recommended trip not recommended stay unpleasant room trip poor not recommended unpleasant poor poor unpleasant not recommended poor bad not recommended room trip unpleasant hotel hotel poor trip hotel not recommended not recommended experience experience not recommended unpleasant location hotel unpleasant service hotel bad experience not recommended not recommended stay trip bad room trip stay room bad room experience location service bad room unpleasant stay location experience stay hotel service not recommended bad stay unpleasant poor room service stay unpleasant hotel poor trip not recommended experience room poor trip stay poor service room service experience trip hotel stay experience bad service bad stay experience location location unpleasant service poor experience poor,Negative
CUST1912,Delhi,Web,3,average acceptable average stay hotel moderate average trip moderate stay stay acceptable service trip acceptable service moderate acceptable moderate room service acceptable moderate room okay average acceptable moderate acceptable acceptable moderate trip room hotel trip service acceptable moderate okay trip okay average acceptable service average location room hotel stay trip average acceptable acceptable average trip trip average acceptable experience trip stay experience location hotel okay trip stay room hotel okay service stay acceptable average stay experience moderate acceptable service average,Neutral
CUST1913,Bangalore,App,2,terrible stay trip hotel location stay unpleasant experience poor trip not recommended poor room unpleasant terrible stay poor not recommended not recommended terrible poor room not recommended unpleasant location room poor stay unpleasant trip service location stay hotel unpleasant location service experience unpleasant service location location hotel terrible unpleasant room not recommended unpleasant trip unpleasant experience stay poor unpleasant hotel location stay location service not recommended experience location location terrible hotel unpleasant service hotel not recommended trip terrible not recommended terrible poor hotel terrible not recommended unpleasant room unpleasant service stay experience room location stay not recommended stay unpleasant poor service service hotel experience service location unpleasant not recommended terrible unpleasant stay experience trip unpleasant hotel unpleasant stay location stay stay unpleasant service unpleasant terrible unpleasant hotel poor terrible unpleasant unpleasant terrible experience not recommended hotel experience hotel service unpleasant not recommended location location unpleasant not recommended room room location room hotel unpleasant hotel unpleasant trip hotel trip room room experience stay not recommended unpleasant experience terrible terrible unpleasant hotel room experience poor trip service hotel unpleasant terrible terrible stay unpleasant terrible not recommended service terrible experience stay hotel poor terrible location not recommended unpleasant service location unpleasant trip poor room not recommended,Negative
CUST1914,Jaipur,App,3,hotel hotel moderate average acceptable moderate hotel okay moderate hotel acceptable service room location average experience moderate acceptable trip service hotel okay moderate okay average average hotel room room moderate experience trip average average service average experience moderate okay room location room acceptable service hotel hotel service average average trip experience average stay service trip acceptable location hotel moderate service experience experience moderate average trip acceptable average moderate average room average trip stay okay hotel hotel service hotel room average service room service acceptable acceptable service average experience moderate average okay location okay moderate hotel moderate experience trip location average acceptable moderate room okay okay average hotel average stay room stay acceptable okay trip room experience acceptable experience experience experience okay acceptable stay stay location location service average location service moderate average location stay acceptable stay hotel experience location average experience trip average trip moderate average average hotel service moderate moderate experience service location acceptable service average service average,Neutral
CUST1915,Goa,App,4,recommended recommended service great service recommended enjoyable great service experience room room hotel trip hotel recommended recommended fantastic trip fantastic location service trip room enjoyable recommended experience enjoyable stay recommended room location experience service stay fantastic trip stay room hotel enjoyable recommended stay recommended location hotel enjoyable recommended enjoyable location fantastic recommended experience fantastic recommended recommended stay room recommended room experience fantastic service recommended great service enjoyable room stay recommended trip hotel great service recommended fantastic room recommended location room service location room room trip experience recommended hotel recommended recommended location trip recommended enjoyable fantastic stay recommended enjoyable fantastic recommended trip recommended service fantastic enjoyable recommended fantastic trip recommended stay location location stay trip experience trip hotel recommended recommended great service stay recommended great service great service recommended room fantastic experience experience great service recommended enjoyable experience great service enjoyable location recommended great service recommended service trip room location recommended hotel recommended location fantastic trip trip service hotel great service,Positive
CUST1916,Jaipur,App,5,recommended hotel pleasant recommended amazing experience pleasant amazing pleasant trip enjoyable experience enjoyable service enjoyable experience room pleasant hotel trip amazing enjoyable recommended amazing trip recommended amazing stay hotel amazing enjoyable pleasant hotel recommended service experience trip trip stay recommended amazing trip enjoyable amazing location room amazing location hotel recommended amazing experience location recommended enjoyable trip enjoyable amazing enjoyable amazing hotel amazing pleasant location recommended location service recommended hotel stay recommended service experience experience recommended pleasant stay amazing recommended hotel stay pleasant amazing amazing service amazing amazing amazing amazing enjoyable recommended recommended enjoyable amazing enjoyable experience amazing amazing amazing stay enjoyable experience stay amazing amazing service pleasant recommended amazing trip service stay stay trip recommended location pleasant amazing service enjoyable experience hotel service pleasant pleasant enjoyable pleasant,Positive
CUST1917,Goa,App,4,recommended trip service experience location fantastic recommended experience fantastic service fantastic experience hotel amazing hotel location recommended amazing room stay experience hotel recommended hotel great service pleasant pleasant trip service recommended location service fantastic fantastic experience room great service recommended great service great service amazing stay great service recommended great service hotel stay experience pleasant location trip hotel great service great service pleasant amazing fantastic recommended room stay stay hotel great service recommended recommended hotel fantastic stay amazing pleasant trip experience fantastic recommended great service service fantastic stay room recommended fantastic room experience great service hotel experience great service experience room location pleasant room pleasant experience hotel experience hotel location amazing hotel fantastic service location location fantastic stay recommended hotel great service experience trip recommended experience service pleasant amazing stay pleasant great service hotel hotel hotel trip fantastic great service recommended great service room experience amazing recommended amazing room service hotel stay location room recommended experience amazing hotel great service great service great service service service service location pleasant amazing,Positive
CUST1918,Bangalore,App,2,room trip trip poor trip stay poor poor stay poor hotel unpleasant room bad trip bad unpleasant stay bad service unpleasant experience bad,Negative
CUST1919,Bangalore,App,4,great service trip enjoyable stay location experience hotel pleasant enjoyable room stay room experience service pleasant enjoyable great service room pleasant great service enjoyable service room location pleasant trip great service pleasant enjoyable great service great service location great service great service hotel trip pleasant great service great service enjoyable experience enjoyable room enjoyable enjoyable pleasant trip pleasant enjoyable enjoyable enjoyable experience enjoyable room stay stay location location enjoyable great service pleasant great service enjoyable hotel pleasant service location location pleasant pleasant enjoyable stay enjoyable experience hotel stay location great service location location great service great service experience room stay location enjoyable room great service great service great service service experience trip pleasant service pleasant trip room enjoyable pleasant pleasant service pleasant service trip trip experience trip location experience location trip trip hotel hotel great service room enjoyable enjoyable trip hotel room enjoyable great service great service great service room hotel stay enjoyable trip pleasant trip pleasant service pleasant stay service great service stay room location stay great service great service room pleasant pleasant enjoyable,Positive
CUST1920,Goa,Web,1,stay room bad trip hotel trip experience terrible location bad service service bad location terrible room terrible experience experience bad room terrible experience trip room stay service bad service bad bad location location experience hotel room hotel stay terrible terrible service terrible terrible hotel bad terrible trip terrible terrible experience terrible bad room terrible bad terrible hotel stay service trip service stay bad experience hotel room experience terrible bad stay terrible experience room service bad terrible terrible trip stay terrible stay bad terrible stay trip terrible bad stay experience terrible service experience room room stay bad hotel terrible service terrible bad trip terrible location terrible experience terrible experience service location,Negative
CUST1921,Mumbai,App,5,fantastic amazing amazing location experience pleasant trip amazing fantastic pleasant hotel experience location hotel service amazing experience location room stay trip enjoyable trip location amazing room fantastic enjoyable location experience location hotel hotel enjoyable room room experience pleasant service amazing stay trip pleasant fantastic service room service amazing experience amazing experience trip hotel room amazing stay stay amazing amazing amazing stay hotel location room pleasant hotel hotel service trip amazing amazing fantastic stay location trip enjoyable pleasant enjoyable pleasant,Positive
CUST1922,Mumbai,App,4,service hotel fantastic trip room service stay great service recommended experience trip enjoyable fantastic pleasant recommended enjoyable trip trip enjoyable hotel great service great service stay recommended recommended stay trip great service hotel great service service experience experience service recommended room room trip location room enjoyable stay recommended great service service service trip pleasant trip great service experience service room great service hotel fantastic trip experience fantastic trip hotel location amazing recommended pleasant pleasant fantastic amazing enjoyable amazing service great service trip room fantastic pleasant room great service recommended location stay great service fantastic room trip enjoyable recommended location room location stay trip trip location service recommended hotel great service recommended experience pleasant room location recommended stay hotel great service amazing trip hotel amazing fantastic enjoyable fantastic trip hotel trip amazing fantastic location,Positive
CUST1923,Mumbai,App,2,not recommended bad location not recommended location hotel stay experience bad hotel not recommended experience hotel experience experience trip hotel location experience bad not recommended bad stay service location bad location unpleasant terrible bad hotel not recommended terrible hotel stay stay room stay trip bad service trip hotel unpleasant unpleasant service unpleasant room bad location service not recommended experience room service unpleasant location terrible unpleasant room location unpleasant service stay service stay experience terrible terrible not recommended location trip not recommended terrible trip unpleasant bad unpleasant room terrible terrible service location not recommended service terrible location not recommended experience stay experience trip terrible bad hotel hotel trip terrible bad room bad room hotel hotel trip bad room not recommended terrible location room unpleasant bad experience trip hotel service unpleasant unpleasant unpleasant trip location service,Negative
CUST1924,Goa,App,2,stay bad location bad terrible terrible stay terrible hotel service hotel location unpleasant experience location hotel unpleasant room service service bad experience experience room stay room hotel hotel trip room room trip not recommended trip room terrible service room location not recommended experience location service experience terrible stay stay service bad room service not recommended experience not recommended experience service room bad stay hotel not recommended location room hotel location bad room terrible experience experience terrible experience service unpleasant terrible service not recommended bad trip terrible hotel experience trip location trip service terrible service service unpleasant service service location location unpleasant terrible stay experience unpleasant unpleasant experience hotel stay unpleasant not recommended trip service room unpleasant trip experience location experience unpleasant unpleasant trip terrible stay,Negative
CUST1925,Delhi,Web,3,stay moderate experience acceptable trip average location experience hotel hotel stay location room service location stay service location room decent acceptable acceptable room stay decent stay trip service trip average,Neutral
CUST1926,Jaipur,Web,2,terrible room not recommended not recommended experience hotel service terrible service not recommended experience stay experience stay location room experience stay not recommended unpleasant trip terrible experience service service trip terrible trip location not recommended room not recommended stay not recommended not recommended not recommended,Negative
CUST1927,Jaipur,App,4,stay recommended recommended pleasant amazing great service great service great service great service pleasant trip trip great service pleasant great service room hotel great service stay stay location pleasant great service amazing room location recommended experience room pleasant great service amazing room location pleasant service recommended pleasant trip experience great service amazing service hotel stay amazing recommended location experience service great service location pleasant stay recommended service recommended recommended hotel service service recommended service great service experience great service recommended room service pleasant pleasant room stay experience great service room experience trip pleasant great service service stay pleasant experience trip trip pleasant great service recommended hotel great service great service experience recommended trip location trip stay recommended location great service experience amazing experience experience stay great service great service great service hotel recommended great service hotel great service recommended experience great service hotel room hotel great service pleasant great service experience great service location great service location great service amazing great service recommended great service trip stay room experience great service recommended great service recommended great service location great service great service recommended room recommended great service great service service experience hotel service experience stay service room experience great service room recommended experience room stay recommended location amazing pleasant great service pleasant great service stay service recommended recommended great service great service location trip great service trip amazing location room stay hotel stay stay pleasant room pleasant room amazing pleasant location,Positive
CUST1928,Bangalore,App,5,stay recommended hotel pleasant location great service service enjoyable room hotel trip stay enjoyable pleasant stay hotel great service great service enjoyable enjoyable service enjoyable great service service stay pleasant recommended great service recommended hotel recommended great service trip recommended recommended location location enjoyable enjoyable enjoyable pleasant trip great service recommended recommended recommended hotel recommended great service hotel enjoyable great service recommended great service stay great service service room location enjoyable location recommended experience enjoyable recommended room location room location great service room recommended room service trip enjoyable recommended experience trip trip service recommended enjoyable enjoyable service room recommended pleasant enjoyable trip enjoyable service recommended location experience enjoyable experience recommended enjoyable recommended hotel experience experience location recommended recommended recommended service pleasant experience enjoyable pleasant recommended room recommended enjoyable pleasant trip recommended trip room stay experience recommended location enjoyable trip pleasant stay service service stay enjoyable enjoyable experience location stay experience experience great service room great service hotel hotel trip service trip stay trip location recommended recommended pleasant service enjoyable stay trip service location service stay trip experience pleasant pleasant,Positive
CUST1929,Delhi,Web,5,pleasant amazing trip fantastic amazing fantastic fantastic pleasant pleasant fantastic amazing fantastic amazing fantastic pleasant fantastic stay trip fantastic pleasant fantastic hotel location pleasant trip location fantastic fantastic trip pleasant trip pleasant trip hotel stay pleasant experience pleasant pleasant pleasant experience fantastic pleasant pleasant pleasant hotel fantastic room pleasant amazing pleasant trip trip fantastic service hotel experience hotel amazing room pleasant fantastic pleasant service room fantastic trip experience room fantastic pleasant pleasant pleasant location amazing pleasant room fantastic amazing stay hotel trip room room hotel experience pleasant fantastic experience pleasant experience hotel stay trip,Positive
CUST1930,Goa,App,4,service stay room pleasant hotel room service room experience stay service pleasant amazing hotel service trip stay fantastic service hotel hotel trip fantastic service pleasant experience service room fantastic pleasant pleasant trip pleasant pleasant pleasant pleasant pleasant location location experience experience service room amazing location pleasant trip fantastic pleasant amazing pleasant fantastic service amazing fantastic pleasant pleasant pleasant fantastic experience amazing pleasant location experience pleasant fantastic fantastic hotel amazing amazing pleasant location stay fantastic fantastic fantastic fantastic amazing service amazing hotel service hotel fantastic fantastic fantastic fantastic experience fantastic amazing stay fantastic amazing trip pleasant hotel fantastic pleasant hotel pleasant trip stay amazing pleasant pleasant service location fantastic,Positive
CUST1931,Delhi,Web,4,experience stay stay enjoyable recommended enjoyable location recommended experience service fantastic enjoyable fantastic enjoyable pleasant service experience recommended hotel trip room enjoyable enjoyable enjoyable location service enjoyable service room location enjoyable enjoyable room hotel experience location service stay room hotel recommended enjoyable recommended fantastic room location service stay enjoyable enjoyable location hotel experience recommended enjoyable fantastic service stay enjoyable pleasant service stay fantastic recommended fantastic room pleasant room enjoyable enjoyable fantastic experience enjoyable hotel enjoyable room trip pleasant enjoyable enjoyable hotel service room room pleasant fantastic hotel fantastic room trip enjoyable pleasant fantastic hotel service stay location hotel trip service hotel location enjoyable service enjoyable pleasant room fantastic enjoyable stay fantastic service location experience stay room enjoyable enjoyable hotel trip location room hotel service experience trip trip fantastic service room recommended enjoyable stay room enjoyable enjoyable service pleasant pleasant room room location stay experience service experience location recommended service recommended fantastic pleasant,Positive
CUST1932,Bangalore,App,3,experience room location trip moderate okay moderate location average okay okay hotel okay acceptable okay moderate acceptable location average hotel okay hotel experience experience room okay room location stay trip okay average location moderate room okay trip trip hotel okay okay moderate location okay experience okay location average trip location moderate okay acceptable okay service average stay okay experience okay average moderate service okay average moderate service hotel location stay moderate okay okay location location average okay okay experience experience okay stay experience hotel trip okay hotel okay acceptable trip experience trip hotel average trip average acceptable okay average stay moderate room okay okay moderate moderate experience average average moderate trip hotel experience moderate experience hotel service acceptable average service okay room trip room moderate service service okay hotel acceptable service trip okay okay room service okay hotel hotel location hotel,Neutral
CUST1933,Jaipur,Web,1,room unpleasant stay experience experience unpleasant terrible experience room unpleasant experience hotel stay trip terrible service experience trip unpleasant hotel room unpleasant room not recommended room experience unpleasant not recommended hotel service trip unpleasant terrible unpleasant stay location terrible experience hotel unpleasant terrible unpleasant trip experience terrible terrible unpleasant unpleasant unpleasant location unpleasant location unpleasant not recommended trip terrible stay unpleasant service unpleasant hotel terrible location terrible trip unpleasant hotel experience stay terrible not recommended unpleasant stay service hotel terrible terrible unpleasant unpleasant unpleasant unpleasant room experience room terrible service hotel not recommended unpleasant unpleasant unpleasant stay unpleasant unpleasant terrible not recommended service service hotel unpleasant location experience unpleasant trip hotel not recommended not recommended terrible stay room hotel unpleasant hotel unpleasant room unpleasant stay location unpleasant trip terrible service location service terrible room terrible stay trip hotel hotel unpleasant unpleasant location service location experience stay terrible unpleasant hotel unpleasant not recommended hotel not recommended stay not recommended service location room room stay unpleasant experience unpleasant location service location service service,Negative
CUST1934,Goa,App,3,acceptable experience average decent average hotel room experience acceptable decent stay decent decent decent decent hotel hotel average average trip average trip acceptable decent room trip trip stay service room room experience room service service okay stay decent average service okay room decent room service decent hotel service acceptable decent okay hotel location okay hotel acceptable service decent average okay location experience okay stay decent location decent hotel decent okay decent trip average room decent hotel location experience service hotel okay room okay stay acceptable service decent stay hotel hotel,Neutral
CUST1935,Bangalore,App,5,trip amazing recommended fantastic stay recommended location location recommended stay trip fantastic stay hotel hotel service service location stay hotel experience service location recommended room recommended recommended stay fantastic amazing stay recommended fantastic recommended fantastic amazing recommended pleasant pleasant recommended stay recommended location trip recommended trip service recommended pleasant hotel amazing location trip service experience recommended room amazing recommended location recommended pleasant fantastic recommended service recommended hotel stay experience room hotel trip recommended recommended recommended amazing hotel trip location stay fantastic location recommended recommended location location fantastic experience room trip trip pleasant amazing fantastic fantastic recommended location recommended recommended service amazing pleasant stay service amazing recommended service fantastic stay service room recommended trip pleasant fantastic recommended experience trip stay service stay recommended recommended service trip experience amazing hotel hotel room recommended location experience recommended trip recommended room hotel amazing recommended room amazing experience pleasant stay trip service hotel,Positive
CUST1936,Delhi,App,5,stay stay fantastic great service service hotel stay amazing amazing room location stay great service great service amazing fantastic experience stay amazing experience amazing trip experience great service great service fantastic great service great service amazing location location amazing trip amazing amazing great service service service stay amazing fantastic great service great service service fantastic room experience great service amazing great service location great service fantastic fantastic fantastic location amazing amazing hotel great service service location stay fantastic fantastic great service trip amazing stay amazing amazing location stay amazing trip great service service great service experience amazing trip great service service hotel experience experience location amazing service amazing location amazing service service location amazing hotel experience stay great service trip room location service amazing amazing location hotel great service great service great service great service experience service location trip great service amazing service location amazing hotel service service amazing amazing great service service fantastic hotel stay room amazing trip trip amazing hotel stay room service stay amazing room amazing stay trip stay fantastic location hotel experience experience amazing room amazing amazing trip great service stay,Positive
CUST1937,Bangalore,App,5,hotel fantastic trip enjoyable experience location service amazing amazing fantastic stay fantastic fantastic fantastic stay service enjoyable fantastic experience experience location room amazing pleasant experience enjoyable enjoyable service pleasant location service enjoyable service service enjoyable amazing location fantastic location stay hotel enjoyable fantastic trip location fantastic amazing trip stay enjoyable enjoyable amazing amazing amazing room trip enjoyable enjoyable amazing enjoyable room location fantastic pleasant room location room stay room location experience enjoyable hotel hotel experience room pleasant amazing room trip stay fantastic room pleasant enjoyable enjoyable service enjoyable fantastic room fantastic room service enjoyable fantastic enjoyable experience fantastic amazing pleasant fantastic enjoyable amazing experience fantastic stay fantastic pleasant trip enjoyable fantastic service enjoyable enjoyable fantastic stay hotel amazing service fantastic hotel fantastic experience amazing location stay enjoyable pleasant fantastic enjoyable pleasant service experience room pleasant service fantastic fantastic fantastic enjoyable fantastic pleasant stay pleasant experience location trip trip stay fantastic service stay fantastic trip room,Positive
CUST1938,Delhi,App,1,stay bad unpleasant trip bad unpleasant unpleasant bad stay bad hotel trip unpleasant room not recommended bad service hotel room hotel hotel not recommended location stay hotel room bad experience bad unpleasant room trip stay service not recommended room hotel bad bad experience unpleasant experience not recommended location terrible service experience not recommended room terrible trip hotel location hotel bad service location stay terrible not recommended hotel terrible hotel trip unpleasant experience stay room stay trip service experience hotel stay experience experience trip not recommended hotel room trip location stay bad room room trip trip room trip bad stay experience bad bad trip room stay bad bad room trip room bad terrible bad bad experience location experience bad hotel room stay unpleasant unpleasant terrible bad trip unpleasant service experience bad location not recommended experience service not recommended service location experience not recommended stay service location unpleasant experience unpleasant terrible hotel bad trip not recommended bad experience bad service stay hotel location bad unpleasant terrible stay room trip hotel service service room trip terrible hotel bad terrible location not recommended bad trip location terrible,Negative
CUST1939,Jaipur,App,5,experience pleasant hotel pleasant fantastic fantastic room fantastic location recommended pleasant recommended fantastic pleasant hotel fantastic enjoyable recommended pleasant pleasant pleasant pleasant hotel fantastic service experience trip location pleasant service location hotel room room hotel experience location stay pleasant pleasant enjoyable location room pleasant location stay pleasant room pleasant location trip stay fantastic fantastic hotel trip fantastic pleasant fantastic hotel enjoyable,Positive
CUST1940,Bangalore,App,5,pleasant service experience experience great service service trip pleasant room room room service stay location trip pleasant great service great service pleasant room,Positive
CUST1941,Bangalore,App,4,great service stay recommended great service recommended recommended room great service location stay experience great service hotel experience pleasant recommended recommended great service recommended recommended pleasant trip recommended experience hotel experience recommended hotel location hotel great service great service hotel pleasant service recommended trip room service hotel experience location location service stay great service recommended great service amazing experience great service service trip room great service amazing pleasant trip great service stay amazing trip stay service pleasant location hotel stay recommended experience stay trip amazing great service recommended great service pleasant recommended stay pleasant location hotel great service location great service room location experience recommended amazing great service hotel amazing experience trip recommended great service great service great service hotel recommended great service great service pleasant great service recommended experience great service recommended amazing amazing stay great service location great service room trip stay recommended service room experience experience hotel great service great service trip great service great service service hotel stay,Positive
CUST1942,Delhi,App,4,recommended stay trip great service stay recommended enjoyable amazing hotel stay enjoyable room trip great service enjoyable amazing hotel location room enjoyable enjoyable experience trip great service recommended great service great service stay recommended recommended enjoyable stay room great service recommended recommended trip trip hotel recommended recommended amazing great service enjoyable recommended enjoyable service great service room amazing recommended amazing recommended room stay recommended amazing enjoyable stay stay location hotel room service trip enjoyable trip recommended service recommended great service amazing amazing experience room trip hotel great service service room great service hotel room recommended location room service great service location experience location recommended recommended amazing hotel hotel stay amazing great service recommended hotel trip amazing recommended amazing recommended service service recommended hotel hotel great service location hotel enjoyable trip trip experience recommended room amazing amazing great service service service experience recommended enjoyable great service hotel enjoyable experience stay hotel great service service hotel great service amazing stay enjoyable great service trip hotel stay room amazing stay hotel stay stay room service recommended location great service stay hotel experience experience recommended enjoyable room hotel,Positive
CUST1943,Bangalore,App,5,hotel great service service amazing great service room amazing amazing room trip location trip great service service great service amazing amazing trip amazing amazing amazing amazing amazing great service location location experience amazing hotel stay service great service hotel amazing fantastic hotel trip stay great service amazing hotel hotel fantastic amazing amazing hotel experience room fantastic great service amazing service location great service hotel hotel great service amazing great service fantastic experience room great service experience experience hotel location trip great service fantastic location service amazing service amazing great service experience hotel amazing service amazing experience fantastic amazing fantastic great service experience location amazing amazing great service great service experience hotel room experience hotel location amazing trip experience,Positive
CUST1944,Mumbai,App,4,location room room location pleasant room room service pleasant location service fantastic fantastic hotel fantastic location trip location trip pleasant pleasant pleasant great service trip fantastic pleasant fantastic pleasant pleasant service service great service service pleasant hotel hotel pleasant stay pleasant fantastic pleasant fantastic stay pleasant trip pleasant fantastic fantastic great service great service service room stay fantastic location pleasant pleasant stay fantastic fantastic fantastic trip location service pleasant fantastic room pleasant fantastic service location fantastic pleasant stay experience service pleasant experience pleasant location fantastic trip pleasant experience stay pleasant location great service room great service service service pleasant fantastic room fantastic experience room trip stay room location hotel trip pleasant location hotel location service trip fantastic location pleasant great service trip service pleasant pleasant fantastic pleasant fantastic great service trip pleasant trip location room service trip service fantastic trip stay hotel pleasant pleasant service trip stay fantastic room fantastic pleasant fantastic fantastic fantastic pleasant great service great service service pleasant fantastic pleasant hotel pleasant hotel room pleasant location hotel pleasant pleasant trip pleasant stay hotel pleasant fantastic pleasant fantastic pleasant pleasant stay stay trip experience stay hotel pleasant room hotel fantastic service stay pleasant service room pleasant pleasant fantastic great service service pleasant pleasant stay experience,Positive
CUST1945,Delhi,App,4,fantastic amazing great service trip great service service hotel experience room experience service trip great service experience fantastic fantastic trip stay hotel room location experience hotel fantastic trip location experience experience hotel hotel service fantastic amazing stay fantastic stay amazing fantastic location,Positive
CUST1946,Bangalore,App,5,service room hotel hotel room enjoyable recommended service recommended stay amazing hotel trip amazing enjoyable service hotel great service amazing amazing room recommended amazing recommended service amazing great service trip amazing location recommended amazing great service room experience recommended great service stay service experience great service trip amazing great service enjoyable stay amazing amazing service amazing great service trip service recommended stay enjoyable great service hotel experience amazing stay amazing amazing trip recommended enjoyable location trip enjoyable experience stay hotel recommended stay enjoyable experience enjoyable amazing hotel amazing great service enjoyable hotel experience hotel stay room location hotel amazing trip enjoyable amazing hotel hotel enjoyable service enjoyable enjoyable recommended room recommended service recommended room hotel enjoyable trip enjoyable experience trip recommended enjoyable great service stay amazing room service trip recommended room enjoyable enjoyable enjoyable experience trip hotel amazing hotel trip trip experience stay trip recommended stay room room room room great service stay recommended location service amazing stay recommended amazing recommended amazing enjoyable trip location hotel enjoyable experience recommended recommended enjoyable recommended room hotel experience location enjoyable amazing enjoyable experience,Positive
CUST1947,Delhi,Web,4,service trip enjoyable enjoyable fantastic enjoyable enjoyable room location enjoyable trip great service location room experience experience trip room location service experience hotel experience room room great service great service hotel trip trip service enjoyable great service great service great service great service experience enjoyable room room enjoyable great service great service room location service enjoyable enjoyable enjoyable fantastic trip fantastic experience experience fantastic service enjoyable stay room trip room stay great service enjoyable enjoyable stay experience service,Positive
CUST1948,Mumbai,App,3,acceptable decent stay moderate acceptable service acceptable okay okay hotel experience trip location stay trip average experience acceptable service stay hotel location hotel okay okay moderate trip service okay decent hotel room trip experience location acceptable experience room room hotel service okay room service moderate moderate decent trip location service location decent average location room experience location moderate acceptable okay room acceptable hotel average stay room okay hotel experience trip stay trip service average trip okay average stay room moderate room stay room acceptable stay acceptable moderate hotel acceptable location average okay decent okay moderate hotel room hotel average location room room location service hotel moderate okay hotel okay experience experience experience experience moderate experience hotel service moderate experience okay moderate hotel average decent service trip okay decent experience service hotel service location decent moderate trip acceptable decent moderate stay room hotel trip location average room stay room stay room room trip room moderate decent experience service hotel average stay,Neutral
CUST1949,Bangalore,Web,4,service enjoyable location fantastic trip stay stay pleasant enjoyable service stay experience pleasant trip service great service room service hotel pleasant enjoyable fantastic trip service great service enjoyable great service room enjoyable fantastic enjoyable trip pleasant pleasant great service enjoyable service hotel hotel room room location experience pleasant pleasant experience pleasant pleasant room enjoyable stay location pleasant stay pleasant location pleasant stay stay,Positive
CUST1950,Bangalore,App,2,trip unpleasant unpleasant unpleasant experience service room experience bad unpleasant room experience stay stay unpleasant bad terrible unpleasant trip terrible bad unpleasant trip stay service trip stay room service terrible stay unpleasant experience experience trip service unpleasant experience stay unpleasant terrible hotel trip terrible hotel unpleasant room service experience experience unpleasant stay room hotel unpleasant stay terrible experience unpleasant terrible bad room experience trip terrible hotel hotel unpleasant unpleasant unpleasant room service unpleasant hotel experience room room location trip,Negative
CUST1951,Delhi,Web,3,acceptable service decent acceptable acceptable acceptable average trip acceptable stay decent experience service decent acceptable acceptable decent experience acceptable hotel experience room acceptable acceptable trip average experience trip hotel acceptable decent trip acceptable decent stay acceptable trip trip average average,Neutral
CUST1952,Delhi,App,2,hotel room service unpleasant unpleasant terrible unpleasant bad experience service unpleasant stay hotel room unpleasant stay unpleasant service bad room terrible room bad,Negative
CUST1953,Bangalore,App,2,experience experience terrible terrible trip terrible trip bad room bad stay room experience trip bad room trip trip bad hotel trip service bad service experience bad bad room experience terrible hotel trip room service bad bad bad service service trip stay terrible hotel bad experience trip terrible hotel stay hotel room trip bad bad bad stay bad room bad room service stay bad bad bad experience location location location room terrible bad trip location location bad hotel trip terrible room bad hotel hotel bad terrible experience terrible experience experience bad room experience hotel terrible stay experience room stay stay hotel trip service stay experience bad location room terrible trip terrible terrible,Negative
CUST1954,Mumbai,Web,5,trip service great service experience great service amazing stay trip amazing great service great service great service fantastic trip fantastic fantastic great service fantastic service room service hotel great service great service trip hotel amazing service amazing amazing pleasant amazing amazing great service hotel experience trip location experience,Positive
CUST1955,Bangalore,App,5,great service fantastic stay enjoyable enjoyable experience hotel stay great service hotel trip hotel room stay fantastic enjoyable service fantastic service room stay stay stay location trip trip trip fantastic fantastic fantastic location trip enjoyable room fantastic enjoyable hotel room location enjoyable experience room enjoyable enjoyable service hotel great service stay location fantastic experience trip hotel fantastic fantastic service hotel location room stay stay enjoyable enjoyable stay great service trip enjoyable service great service enjoyable hotel fantastic experience enjoyable amazing trip hotel great service enjoyable location amazing service stay enjoyable trip fantastic stay hotel trip amazing location enjoyable enjoyable experience enjoyable trip experience stay service great service fantastic trip enjoyable service fantastic location fantastic stay hotel amazing amazing trip trip hotel great service,Positive
CUST1956,Mumbai,App,1,terrible stay service trip poor trip poor experience poor poor not recommended bad hotel room experience bad terrible not recommended terrible experience poor trip trip experience experience trip room bad location service bad room not recommended hotel not recommended hotel experience hotel room room bad hotel stay bad experience stay room room bad not recommended hotel service location location room service bad stay hotel location not recommended location bad service room experience location terrible poor location poor experience location not recommended service terrible not recommended stay not recommended location poor hotel room terrible location not recommended bad room room bad bad service hotel poor not recommended bad trip service bad trip poor trip not recommended location poor bad not recommended trip experience stay bad bad poor terrible stay stay hotel room room trip bad hotel hotel not recommended room terrible service poor experience service room not recommended not recommended room room stay stay not recommended stay trip poor not recommended hotel location experience room trip poor stay room location poor location poor experience hotel experience experience location location experience terrible not recommended location location bad hotel bad bad hotel trip experience bad bad location stay service bad stay poor trip not recommended room trip location,Negative
CUST1957,Delhi,App,4,experience service experience pleasant pleasant room room room trip location room pleasant service hotel pleasant enjoyable great service pleasant stay trip enjoyable room pleasant hotel pleasant recommended recommended location enjoyable great service recommended service room location room pleasant pleasant great service pleasant service room pleasant recommended experience great service trip room enjoyable service experience service experience experience enjoyable pleasant pleasant pleasant location stay pleasant service great service room pleasant room service stay service room recommended hotel pleasant great service room enjoyable room recommended trip trip trip trip pleasant experience pleasant pleasant trip room pleasant trip location pleasant enjoyable experience hotel hotel experience great service trip room great service trip great service enjoyable trip pleasant pleasant pleasant pleasant location hotel trip great service pleasant service hotel stay hotel great service service great service recommended trip location pleasant,Positive
CUST1958,Delhi,Web,4,amazing service location experience recommended service recommended stay experience room recommended stay hotel recommended recommended recommended stay room service trip trip hotel room location experience amazing recommended experience amazing great service great service recommended recommended hotel great service room hotel service room amazing amazing hotel room service room room stay experience service great service great service experience great service recommended room service location recommended amazing great service amazing hotel hotel stay hotel recommended experience service room stay location recommended stay amazing great service recommended stay recommended room recommended stay stay recommended great service stay experience great service hotel location service amazing hotel recommended stay service location trip room trip experience location recommended amazing amazing trip location recommended room amazing recommended great service hotel great service recommended room recommended trip trip stay service experience room room service recommended location recommended recommended amazing stay recommended recommended hotel experience amazing location recommended recommended great service recommended recommended location hotel experience great service stay trip recommended hotel recommended amazing experience amazing location great service great service amazing stay recommended location amazing room stay experience recommended location room great service experience great service stay experience recommended hotel service room room experience amazing recommended service amazing amazing recommended amazing service recommended great service recommended,Positive
CUST1959,Delhi,Web,1,stay poor location hotel location room experience stay not recommended service trip unpleasant terrible hotel hotel not recommended experience not recommended terrible stay not recommended poor trip experience experience stay terrible experience trip hotel not recommended experience trip poor poor service hotel stay experience experience stay room location,Negative
CUST1960,Mumbai,App,4,stay experience room room service enjoyable hotel enjoyable room pleasant room recommended enjoyable room fantastic pleasant recommended stay enjoyable hotel fantastic service service fantastic location location recommended pleasant experience enjoyable enjoyable location recommended recommended enjoyable enjoyable room hotel fantastic enjoyable hotel experience room service enjoyable location enjoyable room enjoyable hotel fantastic fantastic recommended experience hotel enjoyable room room recommended hotel hotel enjoyable hotel enjoyable stay stay room location fantastic service stay enjoyable location service experience experience trip stay pleasant room enjoyable pleasant experience enjoyable stay location recommended room pleasant location hotel service experience stay pleasant stay,Positive
CUST1961,Delhi,Web,1,not recommended location hotel trip bad stay experience poor location not recommended poor experience service hotel bad location experience trip poor service not recommended location location trip room poor not recommended service location room stay room not recommended room hotel poor stay service stay experience service poor not recommended hotel location not recommended poor poor not recommended poor poor poor poor poor hotel location trip poor not recommended trip experience location bad bad hotel not recommended experience experience service trip room room service service experience poor hotel stay hotel not recommended poor bad stay trip room not recommended service hotel stay service stay stay poor location service not recommended service not recommended not recommended not recommended not recommended service room service stay service trip hotel bad stay stay not recommended poor experience not recommended service experience bad room bad service service not recommended hotel experience location location poor poor stay experience not recommended not recommended not recommended trip poor location room not recommended not recommended hotel room bad trip stay bad experience trip stay service hotel hotel room experience trip room poor bad trip room bad poor not recommended experience service service room,Negative
CUST1962,Mumbai,App,2,hotel trip stay poor poor poor trip poor poor poor poor service poor poor poor stay experience location not recommended service poor poor trip poor poor hotel poor not recommended location location poor not recommended stay trip location location stay room poor poor trip experience poor experience stay poor location trip trip poor location not recommended service not recommended hotel stay room experience poor stay hotel trip poor hotel poor service stay hotel not recommended hotel experience poor experience poor stay service poor service experience room trip trip experience poor experience trip location service stay room location service stay poor stay experience room poor stay stay not recommended poor poor room location poor poor not recommended poor poor not recommended room trip,Negative
CUST1963,Goa,App,1,bad bad bad poor stay trip bad poor experience room bad poor poor bad poor room trip bad poor hotel poor poor terrible poor bad bad poor terrible bad hotel poor stay location trip service stay experience bad,Negative
CUST1964,Mumbai,App,3,hotel okay trip hotel okay okay room acceptable okay okay stay room experience service okay service location acceptable trip okay acceptable okay okay okay location trip okay trip acceptable stay okay stay okay trip room hotel acceptable okay room room okay stay service stay okay service okay okay location location trip acceptable service trip okay location experience trip hotel experience trip acceptable experience hotel experience experience okay okay stay location location location stay trip okay okay service service okay hotel okay acceptable okay trip experience okay trip okay trip service okay okay okay okay service okay location experience location okay okay service experience okay okay okay okay acceptable okay okay okay okay trip okay okay trip okay location okay location okay trip okay experience acceptable okay location stay okay okay,Neutral
CUST1965,Goa,App,5,experience trip great service great service recommended great service amazing location amazing trip great service recommended hotel great service great service recommended amazing trip trip room recommended recommended great service stay recommended experience service hotel recommended recommended great service amazing room room pleasant amazing location amazing trip great service room room service pleasant great service room hotel service hotel recommended stay trip great service room amazing great service pleasant recommended recommended trip trip great service stay hotel,Positive
CUST1966,Mumbai,Web,1,not recommended poor not recommended poor service hotel poor poor trip experience not recommended trip room stay trip location stay hotel not recommended trip poor room not recommended service hotel experience stay not recommended location not recommended not recommended poor location experience not recommended experience not recommended not recommended location hotel experience hotel experience poor service poor room not recommended not recommended stay service stay trip not recommended service stay hotel trip poor not recommended not recommended not recommended stay stay service bad room experience poor room service not recommended not recommended location not recommended poor service service poor not recommended trip trip not recommended experience hotel room not recommended not recommended trip location trip service trip not recommended bad not recommended stay service stay not recommended experience bad stay location bad experience bad not recommended trip room not recommended poor service not recommended bad stay hotel not recommended poor hotel poor poor bad poor bad location service,Negative
CUST1967,Goa,App,2,room unpleasant unpleasant bad bad service unpleasant stay experience trip stay service bad location terrible bad poor terrible poor bad service hotel terrible trip room terrible stay terrible trip experience terrible stay location experience unpleasant trip service terrible bad room unpleasant service bad hotel experience experience unpleasant room poor room hotel trip bad unpleasant location bad bad unpleasant location bad location service bad trip experience room stay stay service location service hotel poor poor service poor experience stay poor room stay service service room poor location stay room hotel trip unpleasant poor stay bad unpleasant terrible room bad stay experience hotel poor stay experience bad unpleasant unpleasant terrible trip unpleasant bad hotel service hotel room poor unpleasant experience location experience terrible hotel unpleasant location poor trip bad stay stay bad bad room stay stay room service stay location hotel room bad experience stay experience bad terrible trip hotel hotel stay bad bad trip experience hotel poor experience bad bad room room location hotel experience poor terrible service hotel trip terrible room stay room terrible terrible terrible bad hotel experience bad trip unpleasant trip,Negative
CUST1968,Jaipur,App,1,poor stay poor unpleasant unpleasant poor location trip hotel not recommended not recommended experience poor room unpleasant room not recommended unpleasant trip trip service not recommended room bad bad bad stay room not recommended hotel poor unpleasant experience unpleasant room hotel poor service not recommended hotel room location room bad bad trip stay room unpleasant trip bad not recommended trip poor stay poor experience unpleasant not recommended not recommended poor location hotel poor hotel bad bad experience trip poor location hotel trip location hotel bad trip bad stay experience experience trip poor stay hotel unpleasant poor unpleasant poor not recommended service room bad room location poor poor location room room service bad poor location bad trip,Negative
CUST1969,Delhi,App,4,enjoyable amazing location trip recommended hotel room trip hotel location enjoyable hotel hotel amazing room recommended experience recommended stay trip amazing trip hotel enjoyable room experience enjoyable recommended service trip stay service amazing room trip service fantastic hotel trip amazing experience location enjoyable fantastic stay room recommended room recommended location recommended enjoyable fantastic experience stay fantastic recommended trip fantastic enjoyable stay trip enjoyable enjoyable amazing hotel recommended recommended service room recommended location room recommended hotel recommended service room enjoyable enjoyable fantastic location recommended recommended location recommended location hotel enjoyable stay room fantastic experience trip hotel hotel room fantastic location experience service location experience recommended recommended experience location trip hotel room location amazing service location trip enjoyable recommended recommended location recommended enjoyable fantastic recommended room recommended amazing room experience location recommended amazing trip recommended location trip enjoyable room hotel recommended stay trip enjoyable stay service recommended experience recommended recommended,Positive
CUST1970,Jaipur,App,3,hotel trip decent okay decent location location trip decent stay location decent acceptable acceptable stay decent service location decent hotel stay service okay trip experience okay okay service hotel stay okay decent location service room trip service trip location acceptable okay service trip okay hotel location hotel location service decent hotel service okay decent okay decent decent location acceptable decent okay experience room decent stay trip hotel location stay stay acceptable experience experience okay trip hotel hotel decent acceptable trip service acceptable decent location hotel decent okay hotel location trip service okay location experience decent decent decent experience room acceptable decent service experience hotel room trip service acceptable service location location decent trip decent decent trip decent room okay stay decent okay stay room experience okay stay decent hotel experience experience acceptable room decent room decent okay room okay acceptable service acceptable service service stay okay okay stay acceptable decent location experience acceptable experience decent hotel location room service service decent decent decent service decent decent room stay hotel experience okay decent room trip experience experience experience experience service decent stay hotel service decent acceptable acceptable service decent okay okay decent hotel acceptable service room,Neutral
CUST1971,Goa,App,5,experience hotel pleasant service pleasant experience recommended trip enjoyable great service room room recommended pleasant great service trip experience room room trip service great service enjoyable experience room great service enjoyable recommended pleasant location stay service service service service great service great service stay recommended experience pleasant trip enjoyable hotel great service great service enjoyable,Positive
CUST1972,Delhi,Web,5,room trip experience enjoyable location experience service recommended stay recommended stay recommended recommended service location recommended enjoyable room stay stay amazing recommended enjoyable amazing fantastic fantastic service enjoyable experience recommended amazing stay recommended location enjoyable recommended service fantastic hotel hotel trip experience stay experience room enjoyable stay recommended fantastic location amazing experience enjoyable hotel room hotel amazing recommended service room fantastic location trip location experience,Positive
CUST1973,Jaipur,App,1,unpleasant unpleasant not recommended not recommended experience service stay bad trip experience location service bad unpleasant bad poor location room experience unpleasant trip not recommended bad trip trip room hotel trip stay service trip not recommended room bad unpleasant location bad room poor hotel stay room experience unpleasant service unpleasant service location unpleasant not recommended stay bad experience location poor experience location service unpleasant trip trip stay stay room experience location trip bad hotel poor stay poor stay stay bad hotel bad bad unpleasant hotel not recommended experience experience not recommended not recommended bad stay trip service hotel unpleasant experience,Negative
CUST1974,Mumbai,App,5,experience great service experience great service service stay trip location hotel location experience recommended great service great service great service great service great service amazing great service service recommended great service stay hotel hotel great service recommended service great service stay trip great service stay service great service stay great service recommended great service location recommended great service hotel great service trip service hotel room great service great service stay service stay location amazing location recommended room room great service experience location great service stay great service trip great service hotel location stay stay recommended stay hotel great service trip great service hotel room trip room great service great service trip stay great service great service location recommended great service stay great service great service great service great service recommended recommended great service great service amazing trip trip recommended recommended stay great service great service location great service great service great service experience great service room trip recommended amazing room great service hotel service great service room room great service location service room hotel great service amazing amazing great service service great service location great service recommended great service service great service experience experience room great service great service trip amazing service recommended service experience room hotel trip stay trip service great service hotel location recommended,Positive
CUST1975,Delhi,App,5,hotel location amazing stay pleasant room enjoyable amazing pleasant pleasant amazing location experience location trip room great service pleasant experience location fantastic enjoyable enjoyable great service great service great service pleasant stay fantastic hotel fantastic amazing pleasant pleasant fantastic enjoyable fantastic room pleasant trip pleasant pleasant pleasant trip great service experience stay stay pleasant location pleasant location pleasant location hotel trip hotel great service location service experience pleasant location hotel room hotel stay experience experience hotel room enjoyable location location pleasant location great service experience enjoyable trip fantastic room hotel enjoyable location experience hotel trip enjoyable fantastic stay room fantastic room room great service pleasant enjoyable service experience hotel great service pleasant amazing service service amazing great service room pleasant experience experience amazing pleasant experience service pleasant great service service great service service pleasant service location stay location hotel location enjoyable amazing stay fantastic stay experience experience enjoyable room room fantastic location fantastic trip room amazing stay fantastic stay pleasant location room,Positive
CUST1976,Delhi,App,5,pleasant service location location service recommended pleasant pleasant service recommended pleasant experience pleasant location room hotel stay pleasant recommended service pleasant experience stay recommended fantastic location location stay experience service stay hotel recommended location stay recommended room location pleasant pleasant fantastic hotel recommended trip fantastic pleasant location recommended fantastic recommended pleasant trip hotel pleasant amazing recommended stay location trip trip trip hotel location experience room amazing experience hotel service experience service hotel stay hotel stay hotel service stay recommended location fantastic trip stay hotel recommended trip amazing service pleasant recommended service pleasant pleasant stay amazing amazing stay location room experience amazing service location experience room stay location location pleasant hotel trip,Positive
CUST1977,Delhi,Web,4,pleasant pleasant amazing experience location location amazing stay amazing stay service location hotel amazing service stay stay hotel experience location pleasant recommended pleasant stay stay room fantastic pleasant room fantastic amazing hotel hotel hotel amazing room experience location stay stay fantastic fantastic location pleasant location location pleasant amazing amazing stay location trip room trip recommended pleasant experience hotel service amazing fantastic room hotel experience service hotel fantastic stay recommended fantastic pleasant pleasant amazing pleasant trip service fantastic recommended hotel room trip fantastic pleasant hotel fantastic room hotel amazing trip trip pleasant hotel amazing trip fantastic recommended location fantastic hotel hotel pleasant amazing experience location room stay trip pleasant hotel room pleasant location pleasant pleasant trip hotel fantastic recommended service location experience amazing room pleasant pleasant recommended stay room pleasant trip service service stay fantastic trip hotel,Positive
CUST1978,Bangalore,App,1,trip terrible trip experience room room service room terrible terrible hotel terrible terrible stay poor room room poor poor room unpleasant terrible trip experience terrible stay terrible unpleasant service trip terrible terrible experience unpleasant unpleasant service room terrible room poor stay terrible room terrible experience hotel terrible experience stay poor poor hotel terrible unpleasant experience terrible room trip terrible poor stay room stay trip terrible trip terrible trip terrible hotel stay service service location terrible,Negative
CUST1979,Delhi,App,4,enjoyable stay trip great service great service room great service experience room hotel hotel pleasant enjoyable recommended great service location hotel location hotel trip stay great service recommended stay service stay great service trip trip stay enjoyable pleasant recommended great service pleasant experience hotel great service location stay great service trip great service pleasant great service pleasant great service location great service trip great service location service stay trip service room recommended great service pleasant recommended hotel recommended room pleasant service pleasant trip great service great service stay hotel experience enjoyable experience location stay recommended great service hotel stay great service experience stay recommended room stay recommended hotel recommended stay great service room pleasant location great service room enjoyable great service stay great service trip hotel trip enjoyable pleasant trip recommended experience room service trip hotel service great service great service enjoyable pleasant recommended hotel stay stay service recommended recommended recommended location service stay hotel stay location great service trip enjoyable stay hotel enjoyable enjoyable great service great service location service location experience great service hotel recommended pleasant recommended great service pleasant enjoyable stay room enjoyable recommended enjoyable trip room trip hotel recommended service trip,Positive
CUST1980,Delhi,App,5,trip experience hotel hotel location location room amazing location recommended room recommended enjoyable recommended recommended location recommended recommended recommended amazing trip stay recommended hotel service trip hotel amazing location stay hotel hotel enjoyable trip amazing amazing room amazing recommended recommended recommended room location recommended stay recommended amazing stay enjoyable trip enjoyable location recommended experience recommended recommended enjoyable stay stay stay stay recommended room recommended hotel location location enjoyable amazing trip experience room amazing recommended stay stay stay enjoyable room service stay stay room service trip amazing recommended service room recommended experience amazing amazing room recommended amazing enjoyable amazing recommended enjoyable location amazing recommended experience recommended amazing recommended recommended amazing amazing recommended hotel location stay service trip recommended recommended amazing location recommended experience trip service recommended trip service hotel hotel amazing location location amazing stay service enjoyable recommended stay enjoyable amazing hotel recommended recommended enjoyable amazing trip recommended enjoyable location amazing trip recommended recommended trip recommended location stay location recommended recommended recommended location location recommended trip room amazing service trip trip recommended room recommended trip stay recommended experience enjoyable recommended recommended location enjoyable trip hotel hotel recommended,Positive
CUST1981,Goa,App,3,moderate moderate moderate location location stay experience trip acceptable moderate location stay moderate moderate service hotel stay experience moderate service trip moderate trip hotel stay hotel moderate room acceptable experience service room moderate moderate moderate moderate location acceptable trip moderate acceptable room experience service moderate moderate service location moderate hotel acceptable location moderate room hotel moderate moderate trip hotel acceptable trip stay moderate location moderate service location hotel trip experience moderate stay trip moderate service hotel hotel service experience moderate moderate stay acceptable moderate service stay stay acceptable service hotel,Neutral
CUST1982,Goa,App,4,service service enjoyable experience amazing great service service enjoyable location great service amazing amazing great service enjoyable enjoyable great service service enjoyable great service great service location service room trip great service amazing room great service great service great service enjoyable stay amazing enjoyable stay great service great service amazing enjoyable room hotel great service trip hotel stay amazing amazing room experience amazing experience service great service hotel amazing enjoyable hotel service location location trip great service experience enjoyable enjoyable stay amazing enjoyable great service stay service trip location trip location amazing location great service enjoyable location room location enjoyable great service location location great service great service room enjoyable experience amazing amazing service amazing hotel great service experience location great service room great service trip location enjoyable enjoyable enjoyable amazing trip location location experience room room room enjoyable enjoyable hotel location hotel location stay great service great service trip location experience great service stay trip experience amazing experience trip room service enjoyable trip room hotel enjoyable great service room experience enjoyable location room room trip amazing experience experience experience hotel service experience hotel enjoyable great service great service hotel stay room enjoyable great service enjoyable amazing location hotel enjoyable location great service great service service amazing trip experience enjoyable location great service stay great service trip great service great service service room service enjoyable service hotel great service experience great service service great service enjoyable experience,Positive
CUST1983,Goa,App,3,service decent trip okay stay decent okay trip decent room service location average average average trip decent service experience stay service trip service average decent location decent okay decent decent service okay hotel trip location decent average average average stay experience trip okay room hotel service okay decent service experience experience average trip hotel experience,Neutral
CUST1984,Jaipur,App,4,fantastic trip great service location hotel experience trip fantastic fantastic great service fantastic room experience location location great service fantastic fantastic hotel service trip stay fantastic location fantastic trip stay great service fantastic,Positive
CUST1985,Jaipur,App,5,fantastic fantastic amazing recommended trip service recommended hotel recommended recommended trip fantastic room trip service hotel recommended recommended recommended service recommended service hotel hotel stay location hotel recommended fantastic recommended experience service recommended recommended trip room fantastic room hotel amazing room fantastic recommended recommended fantastic fantastic experience service recommended location service location experience service experience recommended experience service fantastic fantastic recommended hotel amazing recommended recommended recommended stay recommended,Positive
CUST1986,Delhi,App,3,acceptable acceptable location moderate service room moderate room service service acceptable stay hotel experience experience experience stay location hotel acceptable stay moderate moderate location trip room trip okay okay room service acceptable hotel hotel moderate experience hotel service trip service location stay hotel service hotel location,Neutral
CUST1987,Delhi,App,3,location decent acceptable acceptable location acceptable hotel stay hotel moderate acceptable acceptable acceptable moderate location acceptable acceptable moderate acceptable acceptable experience moderate acceptable location room acceptable location service moderate decent service stay service decent room location acceptable hotel acceptable decent moderate acceptable decent trip hotel acceptable room acceptable acceptable acceptable decent decent acceptable location service decent acceptable service service service service location room location acceptable location room acceptable room acceptable,Neutral
CUST1988,Bangalore,Web,5,great service trip service fantastic great service location great service service great service trip trip room experience location service service trip service fantastic enjoyable great service enjoyable enjoyable pleasant enjoyable pleasant location enjoyable service experience enjoyable location pleasant hotel fantastic room stay enjoyable great service fantastic fantastic enjoyable pleasant fantastic enjoyable fantastic fantastic hotel enjoyable pleasant location location location enjoyable experience hotel fantastic enjoyable trip service fantastic room pleasant service great service room enjoyable great service enjoyable enjoyable trip experience fantastic fantastic trip,Positive
CUST1989,Jaipur,App,2,bad unpleasant bad unpleasant unpleasant location service stay service stay bad bad bad not recommended room bad service service terrible hotel room service bad service location terrible unpleasant unpleasant bad trip terrible unpleasant location hotel room trip unpleasant location trip service stay bad hotel,Negative
CUST1990,Bangalore,Web,4,location trip experience location stay recommended location experience trip recommended recommended enjoyable room hotel amazing stay enjoyable location room recommended hotel stay enjoyable amazing service room trip location recommended enjoyable recommended hotel enjoyable service stay enjoyable service recommended recommended recommended recommended recommended service recommended experience experience enjoyable recommended amazing recommended stay enjoyable recommended location experience trip recommended enjoyable enjoyable trip enjoyable experience amazing stay stay stay trip stay hotel enjoyable enjoyable enjoyable hotel enjoyable room trip trip stay location enjoyable recommended recommended trip enjoyable trip location experience recommended experience hotel service room amazing trip hotel experience recommended service enjoyable service room amazing room enjoyable stay room recommended experience hotel experience recommended room stay hotel room trip experience recommended experience experience trip service hotel trip recommended amazing hotel experience enjoyable trip experience recommended trip recommended trip recommended trip service enjoyable service enjoyable service experience trip location recommended recommended enjoyable enjoyable enjoyable enjoyable room enjoyable recommended trip service hotel hotel hotel enjoyable,Positive
CUST1991,Mumbai,Web,4,recommended room service trip trip room great service trip great service service room trip recommended recommended enjoyable enjoyable great service amazing amazing great service recommended enjoyable service service recommended stay recommended recommended service recommended enjoyable room recommended amazing recommended experience stay stay experience location recommended trip recommended experience recommended great service location location enjoyable stay service room trip enjoyable recommended room room stay enjoyable room trip trip enjoyable enjoyable trip hotel service enjoyable recommended recommended great service enjoyable enjoyable location service amazing great service room trip enjoyable service location service experience enjoyable trip recommended hotel stay recommended recommended trip trip experience trip trip service location service stay location great service hotel great service hotel great service amazing great service great service service enjoyable hotel stay recommended recommended enjoyable service stay enjoyable amazing room location location enjoyable experience stay room enjoyable great service enjoyable trip stay enjoyable recommended room enjoyable recommended,Positive
CUST1992,Jaipur,App,4,room recommended trip pleasant amazing fantastic room location room trip amazing location trip recommended experience amazing service room experience recommended amazing trip pleasant enjoyable hotel stay experience recommended fantastic location amazing fantastic pleasant location recommended service pleasant fantastic fantastic enjoyable fantastic amazing enjoyable pleasant room service location hotel amazing location amazing amazing enjoyable hotel enjoyable room location stay amazing experience room experience recommended location hotel amazing fantastic amazing amazing trip fantastic recommended trip trip location room enjoyable pleasant stay room stay amazing enjoyable stay location recommended hotel hotel fantastic recommended room amazing enjoyable fantastic trip location recommended room enjoyable service location stay fantastic service recommended experience location service amazing recommended recommended location hotel pleasant amazing fantastic room recommended location service fantastic amazing room recommended room fantastic room amazing room trip location enjoyable experience room amazing location hotel location pleasant recommended fantastic amazing trip pleasant amazing service stay room room pleasant recommended experience service amazing amazing trip enjoyable hotel room enjoyable service hotel stay,Positive
CUST1993,Mumbai,App,4,amazing fantastic fantastic location amazing service trip fantastic room amazing room trip stay hotel trip location room enjoyable enjoyable trip hotel great service amazing hotel hotel room fantastic location service fantastic amazing hotel amazing enjoyable room location stay great service stay fantastic fantastic amazing trip enjoyable hotel hotel enjoyable hotel hotel experience experience hotel great service location enjoyable location trip enjoyable hotel trip hotel stay fantastic fantastic room room hotel service location service great service hotel room room great service room hotel room service amazing great service service amazing hotel stay service great service enjoyable room trip service room amazing great service location fantastic experience fantastic enjoyable experience location fantastic location great service fantastic experience stay amazing fantastic amazing experience great service amazing room,Positive
CUST1994,Delhi,App,4,location hotel fantastic amazing recommended experience experience recommended location room location fantastic location stay stay fantastic trip amazing fantastic location hotel experience amazing hotel great service great service stay hotel hotel service room service stay great service stay amazing fantastic experience recommended stay fantastic experience fantastic fantastic hotel recommended amazing stay fantastic hotel,Positive
CUST1995,Bangalore,App,4,great service trip amazing pleasant experience location stay trip experience enjoyable amazing hotel stay location pleasant trip hotel pleasant service room room location hotel experience great service pleasant pleasant great service pleasant service experience great service location pleasant location great service trip great service room enjoyable experience pleasant location room great service trip experience stay stay hotel great service trip pleasant amazing hotel amazing experience experience great service pleasant trip pleasant great service hotel great service enjoyable trip trip pleasant pleasant amazing room experience amazing great service hotel stay pleasant location room amazing room hotel great service experience service trip pleasant trip location stay stay stay amazing service pleasant trip great service service hotel pleasant enjoyable hotel pleasant service hotel enjoyable location great service hotel great service pleasant trip amazing pleasant,Positive
CUST1996,Goa,Web,4,great service great service stay great service recommended recommended location service great service trip great service experience great service great service trip stay recommended amazing great service stay room hotel great service service amazing room great service trip great service great service stay experience great service recommended great service hotel amazing experience recommended room room stay great service great service trip service great service trip amazing great service amazing hotel room great service room service great service great service hotel great service trip amazing trip amazing location stay location location location amazing amazing amazing experience hotel stay stay great service location experience room service great service great service great service room great service amazing recommended great service experience amazing location great service great service amazing great service amazing location great service great service room hotel location service great service trip amazing great service hotel great service location trip great service stay great service great service amazing great service experience recommended recommended recommended,Positive
CUST1997,Mumbai,App,3,hotel stay decent experience average decent stay moderate moderate trip trip average hotel location moderate trip stay location average trip experience stay decent average stay hotel stay decent hotel service decent hotel location decent experience trip experience trip service decent room average moderate moderate stay hotel hotel location location average trip location trip decent,Neutral
CUST1998,Mumbai,App,4,recommended room fantastic service amazing amazing amazing location trip fantastic fantastic room amazing trip fantastic fantastic stay fantastic amazing fantastic experience recommended trip service experience hotel recommended trip experience room amazing recommended hotel fantastic recommended recommended fantastic location room service service room recommended location location service experience fantastic recommended hotel recommended trip stay amazing amazing room fantastic service stay stay service fantastic fantastic experience amazing recommended experience location recommended stay amazing stay room service amazing fantastic fantastic recommended fantastic stay stay recommended recommended service fantastic fantastic amazing amazing trip experience location stay room hotel fantastic hotel service fantastic stay service trip recommended amazing fantastic trip amazing room hotel recommended amazing fantastic location service fantastic amazing experience fantastic amazing fantastic hotel amazing hotel trip room fantastic amazing hotel amazing room room stay experience,Positive
CUST1999,Goa,App,5,recommended stay room room amazing location service trip trip hotel amazing great service fantastic stay fantastic stay location service location fantastic recommended service experience location amazing trip experience experience service amazing service room amazing fantastic location fantastic recommended trip fantastic fantastic fantastic fantastic fantastic amazing amazing experience great service recommended stay experience room trip fantastic service recommended service,Positive
