Temperature (F),Pressure (psi),Vibration (mm/s),Humidity (%),Noise Level (dB),Usage Hours,Maintenance Frequency (per year),Power Fluctuations (per month),Machine Age (Years),Operator Experience,Failure Type
64.78266156635878,33.94895874121161,0.5941932307406033,69.56147272212392,78.41624808259299,6221,4,2,6,Medium,Leakage
66.83186908367065,26.529660719770202,0.32201854557932674,67.89174335343961,63.71803318028515,5786,1,0,10,Medium,Bearing Failure
96.52195704869035,35.1388925739793,0.6687393662359581,41.41193199399771,74.59453451135339,9683,3,3,6,High,No Failure
76.18936263602785,30.900788712772417,0.4480633092716325,20.859842569927487,81.083204476673,5486,4,1,3,Low,Leakage
77.11932985112875,20.416276939819,0.44801003925141797,73.08869902440833,65.86723766400338,6850,7,0,6,Low,Bearing Failure
82.28346089586321,23.910928016192837,0.6323825230320047,69.67928229052428,68.44553630482493,2229,6,1,6,High,No Failure
83.06691804921918,28.040052366759287,0.27520739420483153,25.316063459420434,68.02746349730148,4550,7,2,6,Medium,No Failure
82.02535330408452,35.26137212155693,0.529631636278999,59.78221425826226,70.95910879260204,9817,2,2,10,Medium,No Failure
63.22810738687799,28.04218824824027,0.47906774581908984,53.40514040688264,79.8137729290669,1472,5,3,12,Low,No Failure
56.40710039061001,35.44984421110466,0.3766521402051842,71.7933145501484,68.42849164246125,1999,5,1,1,High,Overheating
56.67721654457814,20.43300091199253,0.5587514711269246,79.76806956422348,72.99534798491881,1305,7,3,11,High,No Failure
83.80689784117924,20.051965687524564,0.47138838610387523,71.98046848275072,64.29922739922733,8507,9,2,7,Medium,No Failure
68.10888891692068,29.778057430883653,0.6087600665191092,71.66996680277452,72.69996552779224,7698,4,1,10,Low,No Failure
83.30901194270918,34.329296297470265,0.4543929837015488,54.91945656267431,65.374959626449,3609,1,0,7,High,No Failure
79.08125813243807,27.185609359447778,0.5580227991374669,78.68167953843661,64.23483519799557,2863,2,5,7,Medium,No Failure
57.24411899131431,39.09727160014766,0.5444649983488227,72.0359250749975,70.05582279345914,9008,8,5,3,Low,No Failure
66.13478012526197,28.291682293648332,0.5274822229176698,72.52973926619786,71.86970101029085,8211,3,3,6,High,No Failure
75.80236476234336,29.655861239201954,0.4921185838579092,30.934150973256656,66.21434796901625,2507,3,2,14,Medium,No Failure
78.46577865165564,27.49353173689118,0.5561235842989305,34.34566251976952,72.0952231020531,8655,9,0,3,Medium,No Failure
84.03638815828286,35.15487918073619,0.45198305383418635,58.61918771296072,79.98167685544884,4737,3,3,6,Medium,Bearing Failure
82.90193212233528,28.590018173087582,0.35734672869885237,55.87295383820034,73.78764191316192,7485,8,1,8,Medium,Bearing Failure
66.1385454525556,30.187764198860084,0.5401570466951149,72.33132767315436,74.95754118474406,6667,1,0,7,Medium,Leakage
70.78413068664501,39.569135898174274,0.7131610626590812,52.39082570083555,73.44882179001691,7213,9,0,8,Medium,Leakage
59.36273492449528,35.40118796344658,0.4567997947990504,72.25636940442666,70.34307437001891,6417,8,2,7,High,No Failure
81.05668916384883,31.962551988265613,0.6086651318466957,57.46035694870978,60.623821519468656,7635,5,0,3,Medium,No Failure
78.53974264766143,20.17097750863594,0.5190733258343136,71.96418201302029,71.84486525049365,2805,6,1,3,High,No Failure
79.15872153905649,25.012406763330493,0.5685641866439771,67.53652268429215,61.438347869126375,6885,4,1,11,High,No Failure
79.41180986664126,30.845826315988788,0.5743020514694064,31.885555581339382,67.55436233540698,6253,8,1,14,Low,No Failure
75.54318708891999,35.13043141909639,0.5290284117609366,41.301911024598354,74.26175545322604,6567,1,4,12,High,No Failure
77.96197821564229,31.992263811708128,0.5855118861230294,29.215282272610835,62.588138348649515,9826,3,5,4,High,No Failure
73.63813114352315,23.48571455228472,0.5754235920169528,69.43684869336244,72.55310233311721,600,6,0,6,High,No Failure
72.582086817588,31.722029861635143,0.47019260133117485,53.59433822209516,72.33927242060895,3367,7,4,6,Medium,No Failure
84.93855754469153,32.69953977490431,0.60050608024182,42.98359770581166,76.41083453835009,3091,4,5,9,Low,Bearing Failure
71.9305197978394,31.909947075067585,0.3994382272506072,58.518825531344085,72.26224232951249,7964,3,1,5,Medium,No Failure
77.0310431084748,21.294874806994702,0.5030354786957255,33.96670714585779,76.81102861053182,1898,7,2,11,Low,No Failure
77.02219534207673,29.762513546989567,0.5255515948183718,78.60156829564497,75.58597210009872,5613,5,2,3,High,No Failure
66.83552367495238,25.227958453496797,0.5358549435276093,38.34671989493486,70.16588263906563,6971,1,1,5,Medium,No Failure
47.544804815667604,24.472837124417257,0.6037066193756706,52.723723947827736,71.04235523806192,7015,4,2,12,Medium,No Failure
65.30323930485451,29.136782087411902,0.6100987705812576,63.29611692182822,60.065328221637174,362,6,1,8,Medium,Electrical Fault
83.07305518155346,29.206546715937794,0.5403324770133172,77.34276694426505,70.32728151405794,8687,3,2,3,Medium,No Failure
66.96274828655407,35.22202764305329,0.43074991004420377,55.245364659079286,69.91295760500013,6009,2,3,12,High,No Failure
82.03631074671578,30.992499351060413,0.5347075687984812,31.309744191316206,68.69556162028519,7477,7,1,1,Low,Electrical Fault
74.10996939019222,24.17701264469956,0.5455359765456732,23.35418094429547,69.16638872147004,5790,8,3,14,Medium,Leakage
55.886546075356215,18.846262845757877,0.5219702034794375,60.60615968451155,66.01824652443702,1299,5,0,3,Low,Electrical Fault
65.54989715970326,31.32235400012889,0.4675432539067413,25.39416652363831,76.43427023112334,4791,4,0,5,Medium,Overheating
77.8820249642748,31.68138230316314,0.5423954075892108,71.31400264982432,74.85973028669298,7866,5,3,5,Low,No Failure
89.30866371557329,43.20621191948268,0.43951759515969,55.29271712342626,73.18191404479586,389,3,2,11,High,No Failure
83.93948457865827,31.74437096143188,0.4549676453813205,49.99720047727274,67.31609682178163,6625,6,1,3,Medium,No Failure
57.839015358757266,30.638273857295683,0.5579322734664652,59.486505071698225,70.93096205622827,8587,4,0,7,Low,Bearing Failure
91.57653864665323,24.53399909409577,0.6558770924158734,42.811759681663574,69.71881434714439,2667,5,0,4,Low,No Failure
74.2941426360606,26.056432308837376,0.4726561407248883,58.91399696228787,68.89339517940577,3391,7,2,9,Medium,Overheating
80.77218727082644,26.54850830112962,0.5822596076939794,39.074078175416396,61.688621386448375,1700,9,2,3,Low,Leakage
68.22637418867077,28.271385873976065,0.4373469021618321,57.34068053452504,72.54541720757736,5895,4,2,6,Medium,No Failure
84.82812561042232,29.085220125112993,0.39827329565343866,54.667770871215836,67.94040124138198,7147,6,3,3,Medium,No Failure
74.92021424118063,26.108800845369668,0.4847021892304168,29.561940695794693,76.67255517881928,3962,6,2,5,High,No Failure
59.9177181649013,26.92169413086981,0.31909274427575096,27.422301033941963,74.35207803563478,9476,1,1,12,Low,Bearing Failure
77.05091801603945,25.088269057393134,0.5651494994360707,77.79306851245337,75.5868584158008,8893,9,5,9,High,No Failure
57.04952786860926,29.410893543405564,0.37158147926648943,31.35830436656071,72.03169002856336,2677,4,2,6,High,No Failure
88.64275643451128,32.135652405640336,0.48281827819237866,58.47817763856273,69.59084222845438,2533,4,3,12,High,Electrical Fault
76.45027060216668,26.08536362622666,0.3318291948098218,73.46044777765763,71.59800644295792,1308,1,0,2,Medium,No Failure
83.06644832683034,30.070562070701204,0.5057054821866255,50.15911819026531,67.33729353975703,8600,2,1,11,Medium,No Failure
79.21451471650633,29.049755106194354,0.43167573700348744,56.538244197500184,60.95471953342075,9253,5,2,8,Medium,No Failure
70.87086567832819,28.0592992246342,0.5455148280753593,48.608297616410766,71.9088785519347,1481,1,1,10,Medium,Bearing Failure
60.94353346720217,41.582322011007136,0.5849158548454971,37.91024766086289,71.56136899376496,6750,5,2,10,Medium,No Failure
75.62791714590678,28.45945869414005,0.7333207409436374,57.36133968355194,71.5032777273035,7565,6,2,11,High,No Failure
74.58819376558857,19.045977259661207,0.4749418217631434,20.574986061684776,77.87375910386919,1193,5,1,8,Low,No Failure
76.63553863510808,25.726737125507192,0.6083348263642947,36.953081581330856,67.45648671389772,8157,9,4,8,Low,Leakage
73.57366386690875,25.64948113485197,0.525588888246912,35.61348698891798,71.6393221931885,2683,1,3,4,Medium,No Failure
67.27508245869129,30.84225271369925,0.6156613337683785,50.11449861085488,74.03598865717386,6842,8,6,8,Low,No Failure
55.40844750451266,36.04013683974718,0.2830313998649092,79.84658076961473,72.87102531737159,159,3,1,11,High,Leakage
67.42152743848371,30.62263688088383,0.36532805496112497,29.20380063292118,71.75247498794553,7323,7,2,11,High,Overheating
82.76076998814,31.117818688160202,0.3816334754639541,20.163617420592466,61.9756460968836,6140,2,0,1,High,No Failure
68.92553168139335,33.14131785747338,0.5905792020337532,37.590533455899674,68.57920144881959,7773,5,2,13,High,No Failure
70.65977884254987,35.860832923794234,0.3757574686110006,64.45405100289707,72.97335146306348,9178,1,0,4,High,No Failure
70.42882781039086,23.222369742036875,0.6667936705982986,58.66276983937918,74.10991534260201,9790,6,0,1,High,Bearing Failure
75.75123714027228,33.56052589343207,0.5320289685854622,62.15525376197544,72.75514412393674,4616,6,4,2,High,No Failure
75.47095920198272,34.65713704255648,0.4448961980190156,53.80131966975737,74.70196625569906,1095,1,3,8,Medium,No Failure
86.00664009386522,26.48584543595217,0.6292963811702053,59.976219750941944,80.20038856233718,8921,8,2,12,High,No Failure
92.23932162456795,27.685329681776878,0.5501055898205416,66.20677399872343,71.19735799686833,4391,1,6,14,Medium,Electrical Fault
72.6877488768495,28.142609686592007,0.567031196945679,24.61144837106167,69.90271220754435,5983,5,2,5,High,No Failure
67.12110872827301,31.701752302004067,0.4894747528597577,71.85349315729144,62.97349072157385,3358,2,3,10,Medium,No Failure
76.77691960767044,34.99161875659131,0.7235895140144292,39.67980982827832,71.72776705711469,1491,8,4,1,Low,Overheating
84.02318038997595,35.04066458139486,0.652089573621155,23.332820193492843,80.00723668017326,3863,4,1,13,High,Leakage
87.87985671362438,25.270683352774103,0.7053181794037677,52.947314302911664,67.71737671954207,2659,2,3,13,High,No Failure
72.94772801970957,31.284491363387644,0.6120925586216703,52.93967228513079,63.04131230933156,517,7,3,12,Medium,No Failure
64.36938074092178,24.657156314531633,0.31637079312215255,69.86550939329356,80.22306771248503,9782,4,0,5,Low,No Failure
80.04782011455991,27.35005433124217,0.5025125111350232,39.98870050681637,72.67561832611273,4584,7,5,3,Medium,No Failure
77.66177312419623,34.678735995811145,0.5527443365125116,65.70299161460113,66.22243707261812,8781,8,5,5,Medium,No Failure
69.79099728426552,38.643826542416846,0.5284697765707419,68.29130326773628,62.88322185761935,9312,4,2,1,High,No Failure
57.64339934482378,26.9221672736249,0.5484386491458665,58.85436667723532,71.997508473273,3628,7,2,7,Medium,No Failure
87.18754280193228,32.86511483792172,0.6288874824536932,56.64701859850292,77.72277616796741,4609,7,1,3,Low,No Failure
78.19996819277756,30.358714048343135,0.6282463839960556,37.22855230005829,69.70319800550423,6374,8,1,10,Medium,No Failure
76.2587286516621,28.72129660039924,0.4365852509029432,26.18080484043395,69.48088973890974,5465,1,2,7,Medium,No Failure
65.38564667087358,24.134290375027746,0.4740929071865083,69.01001803840994,77.85304003515712,1592,8,1,7,High,Leakage
74.40714010544671,26.47455655379028,0.6781011403337642,27.104788337839167,77.8019013964695,3329,2,2,3,Medium,No Failure
83.71757974044664,42.57188253257756,0.6193177411219024,46.36927600818903,77.06228899258141,4499,4,2,12,Medium,No Failure
79.93001168797338,28.3508011328885,0.5251914703457528,41.67798225444325,73.4039966560625,6259,8,3,2,Medium,Bearing Failure
75.22137218147513,24.030222157186145,0.5658980834232685,77.47115004609185,70.2992044210986,8578,2,2,8,High,No Failure
72.10238860833829,37.57673724866884,0.30776328881968573,44.97232317620741,60.87615875574356,8741,7,5,11,Medium,Bearing Failure
80.09025142102954,32.28222291253143,0.63037650054051,40.864018499807415,68.08097399565769,7138,7,2,7,Medium,No Failure
68.38443807583914,34.831215162375095,0.2982442216072675,37.82358602259447,62.45455341628673,6403,9,2,13,Medium,No Failure
96.3456935933776,44.690213775008644,0.5843045333414637,66.9143202915196,75.21809942935005,832,6,3,7,High,No Failure
64.09406128848025,26.787346198066587,0.41815966962229056,45.8302493697953,71.01366337189529,1502,4,3,10,High,Bearing Failure
68.8086558721024,29.832056694785372,0.611894686253876,47.917138382682104,80.44145945009839,7730,2,2,12,Low,No Failure
86.35508380695677,37.566891023216996,0.46596499042755074,55.35260638121433,68.34849676653985,85,9,2,12,Medium,No Failure
64.67301358521077,34.11269495260026,0.5052076950825062,32.11267570019807,66.46947510384405,1923,9,4,7,Medium,Leakage
80.49043069097075,24.441313469992814,0.4920366892397781,27.129091429547326,71.66215198336602,8612,9,4,10,High,Leakage
74.48411260090091,28.736567443434648,0.44279314943483233,64.93014460724876,78.3544747444435,2372,1,2,7,Medium,No Failure
84.25053546847252,18.023602224002744,0.2928279163116839,36.288924890735714,74.94445083899323,8715,4,3,9,High,Leakage
80.44008020533667,29.55254935322381,0.473251439801,61.708923557783756,69.84871255302261,2106,1,2,9,High,Overheating
84.80763476892034,25.597443440505252,0.4065873524646717,40.88860926102126,70.32781756341059,9166,1,4,6,Low,No Failure
66.91466262928168,25.709557564166634,0.592843640103698,76.42952589900136,68.35328307142858,6087,8,4,13,Medium,No Failure
75.56379187637403,20.5657310541147,0.38447909976952377,46.23431669511753,70.95416487408852,3480,3,2,5,Medium,No Failure
73.6660814633795,26.45687838671679,0.5368527293577635,50.822521247393595,68.12726866342913,5853,6,5,6,Low,No Failure
75.3321898196669,39.298831163437114,0.535155438585651,60.69533106009055,73.01227024319387,4341,3,1,11,High,Electrical Fault
74.08643298494728,27.892347735267368,0.5719608669588669,21.310878206093623,69.67415285334862,7799,1,2,4,Medium,Bearing Failure
83.8316259470291,26.345472642931973,0.5195505179313242,50.240112944333866,70.32560773006139,2802,4,1,8,Medium,No Failure
68.92953052511955,32.146245691317375,0.3501920456840515,71.91507574282586,61.26428708237658,9836,3,2,5,Low,No Failure
71.46533991618021,28.701025465013373,0.3885396797244392,45.01001235715301,59.74516538240428,9575,9,3,13,Low,No Failure
69.95769908746503,34.09480692743341,0.5005983398467134,48.29479930070218,79.53810149490816,2068,1,1,14,Low,No Failure
72.5530732612305,31.964323882317537,0.6106079355450639,47.77491761590606,70.33377977735051,7493,2,1,9,Low,No Failure
64.4231702087824,30.04003094965048,0.5699601805156779,46.82937151177369,76.245461406423,2841,6,2,2,High,No Failure
71.78659424929997,26.631033046195626,0.3686182011831617,22.823424609431257,76.6720803037603,927,5,1,12,Medium,No Failure
69.7806262365147,27.68006391410496,0.5192911304525699,24.31209246024649,68.55879782175822,9037,1,1,2,Medium,Overheating
59.84992447421486,28.388910395050306,0.6479912048816783,55.39693609801325,71.77526955499023,6471,4,4,4,High,No Failure
68.96084683079545,35.07527537409188,0.530035110913689,51.80125716928415,67.6092394406101,2100,3,1,9,Medium,Bearing Failure
77.3106958342892,19.737004436637697,0.6022768711429367,60.19834959519656,64.37878494486152,8847,9,0,8,Medium,No Failure
67.15702690501386,34.06201713670375,0.6346998496725196,61.98353389373123,66.35090058930253,219,4,2,12,High,No Failure
82.15082704012555,35.91523391449046,0.5108449959938433,41.618182206504194,64.93622000092364,9757,9,2,13,Low,Leakage
75.05968993068333,28.335687655475056,0.5763391443141636,37.211318556200524,73.66312435279488,1401,2,3,8,Medium,Overheating
52.694082742775734,34.896054144533444,0.510362631569808,23.398417719040783,70.90632587701079,2674,9,2,6,Medium,No Failure
70.27398093378598,34.44309788639914,0.34314535244810884,44.2862257175975,64.23644455802297,5431,3,4,1,Medium,Leakage
82.07095336051171,32.58446772191795,0.42343554420836205,32.170702947846294,71.31962959386769,2526,4,0,6,Medium,No Failure
61.65724661597321,33.50750826386994,0.4949719297529617,39.223375202142364,71.57930598708364,8514,4,2,12,High,Leakage
82.33949863179775,22.312204099944076,0.6147910386738524,73.46008693185526,56.3898643159431,3601,9,4,2,High,No Failure
51.22565525852299,27.86794223196641,0.5258091463397115,70.16196043634568,73.28361081832257,9176,7,2,14,Low,No Failure
59.05927662990308,32.78438215331316,0.5280989461067461,36.40329471581802,78.15298896176887,2245,4,4,9,High,No Failure
86.5216107998316,32.55048066351244,0.6782371855301098,41.84679424934434,77.27194300103574,9349,1,3,10,Medium,No Failure
82.59839295139614,29.111931682752115,0.3944842539419991,43.633840965593265,77.08297629327613,4744,2,3,6,High,No Failure
87.45386162566719,26.451555138412445,0.6415159576427538,77.68243071228036,72.01152807035606,7373,1,3,9,High,No Failure
80.33184509391101,35.365880921981095,0.42877278705142996,22.666366294068197,64.41853366203166,6668,6,2,12,High,Leakage
64.37116740208965,33.78104595868584,0.5958339877494492,62.60022432038933,66.20154569405548,8650,9,2,12,Medium,Electrical Fault
96.5767784323116,34.600116186356324,0.5879856138574803,62.43141595501253,70.02845650250143,5089,3,1,4,High,No Failure
69.91668294283123,20.00372314376915,0.6207200026224589,77.36592819999403,68.27736537119516,8668,1,3,12,Low,No Failure
76.77264680359526,30.287923027117838,0.6749114587553771,27.294343996803583,73.91949317401289,8631,9,2,14,High,No Failure
81.44300963516815,30.504738030339983,0.5529899430340571,30.433380961495647,67.44963152437181,404,3,2,2,Low,Leakage
85.79483691909346,26.98949631948666,0.3004308840248865,66.11138295064684,61.948938881380855,3332,3,3,7,Medium,No Failure
91.99284939909994,34.42625141275319,0.4366896859968177,37.476253641385014,76.5166673459178,4631,6,2,9,High,Overheating
79.18228154650609,31.620846698171302,0.4584309519454919,75.93024197471632,76.48441208178997,8171,2,1,2,Medium,No Failure
60.55561112557453,15.645910546144034,0.5397119110698275,34.861683738101114,71.11026350249796,362,2,3,3,High,No Failure
69.64727412034048,29.568796095119886,0.37010471265292433,38.94751690253651,65.23160811332411,9238,7,4,6,Medium,No Failure
56.94896659282453,27.416228803335066,0.4777674001787373,68.48589357467554,71.8765404029565,4074,1,3,7,Medium,Overheating
75.24786175654779,34.979389508987616,0.5764225702303276,23.029580476106588,68.49111015643938,8984,7,1,10,Low,No Failure
70.22212388818664,22.67273282027059,0.7049980354844486,23.51967763711272,67.7121996673608,3276,6,2,2,Low,Electrical Fault
63.41991113421315,28.041744925036728,0.5895813196159317,26.59652246664332,68.04111723020984,6896,9,1,6,Low,Bearing Failure
90.25249299833618,32.109783971481455,0.5703354470405354,35.79122293085344,70.53834984449065,2743,8,0,6,High,No Failure
88.46658371151652,22.153821826331615,0.4235252240354048,47.00205950772106,61.64117874432608,1261,1,4,11,High,Leakage
47.30731862342452,33.35278948834042,0.4007962599907469,32.547022744699504,70.92795287433187,1052,3,2,8,Low,Leakage
84.59917575852094,25.061959154504553,0.4517309108114792,40.75657746041102,72.30655132595315,7261,9,1,1,Medium,Leakage
79.80297082943838,35.67803200730272,0.6908942227888749,47.72550558898535,75.64523409603241,6696,1,2,7,Low,Bearing Failure
68.58638541468468,38.164149378759674,0.46982871187717223,31.38524148864125,78.90334209204302,2893,9,3,14,Low,Leakage
84.25581693524279,32.82774488517447,0.5752958781022538,49.8656215253602,68.63231057761283,8379,3,0,9,Medium,No Failure
82.09820914204944,30.505741135167813,0.4282305097840877,24.024457915938818,84.72196947708551,7228,4,1,3,Medium,No Failure
62.841349572477185,35.97721676514786,0.43251627204677145,22.83110985219269,79.83847151996804,5426,3,2,6,Medium,No Failure
83.1662269017856,39.02568901614225,0.40504560147316543,58.398391586332856,59.14251718046326,2998,2,0,4,Medium,No Failure
75.74023312747788,33.00105824159318,0.4409828829550786,23.225625348303165,67.50568105446627,4636,3,3,7,Low,Bearing Failure
66.47033109948536,36.91650557095137,0.45141761406168474,45.639008059229724,79.8845097683983,7277,1,2,8,Low,No Failure
85.93721242672814,32.40830077946265,0.5103440529639921,58.492980776183984,69.90990650973721,9735,1,4,2,Medium,No Failure
82.35281186566532,33.580308861611584,0.6127663423044114,69.62147491534591,74.43763057614007,6474,7,1,3,Medium,No Failure
69.44749157049179,31.959673669748206,0.5158178684225561,63.36343712480967,68.24386911802343,1954,5,3,14,Medium,No Failure
71.10017041454263,27.88568188012113,0.4338371467249677,62.933020200965984,63.81299331235435,3997,6,1,4,Low,Leakage
69.184781612398,31.792273924727557,0.6456714380085338,34.98564572155166,76.28116206480293,4791,8,2,5,High,Overheating
68.66292894206181,22.522651678678393,0.5817102841552357,53.33615653956184,64.92058582405026,7950,7,1,4,Medium,Leakage
67.96691534521617,30.156869272274665,0.2975593535677564,59.550886928369515,62.6518404096546,6607,6,2,11,High,No Failure
75.69976727817617,25.11115564755595,0.5541586045087616,59.92351464136381,70.30101969594972,6160,7,0,11,Medium,Electrical Fault
86.83199145484542,32.44414550829198,0.4639677634010562,49.976741344536904,78.34137114236516,6859,3,5,6,Medium,No Failure
73.40827171714648,25.077313071788247,0.7170482923066066,31.966388179100292,81.0138573620361,3497,2,2,6,Medium,Leakage
90.01060415158258,31.307679365806653,0.4772867701121764,29.397073650921797,71.85995517996344,286,2,2,7,Medium,Electrical Fault
61.98054138842692,30.172513132847808,0.25343226110279116,61.108961678147665,75.61462008207421,4329,5,3,12,Medium,No Failure
69.92345370391783,28.728080688346445,0.6728603543280222,21.14022154660883,65.30207759901062,8040,2,2,6,Low,Overheating
79.12802130379832,36.42791384682202,0.4741179821303519,70.1657334422313,80.99678535033621,7609,3,3,4,High,Electrical Fault
69.04536963345504,29.9813455232393,0.5747749298428094,31.736311111522262,69.03766785730758,7778,6,0,3,Medium,Overheating
77.20256922985499,36.14411130704069,0.48287229679829397,49.13751623897251,82.954923157454,5446,6,0,3,Low,No Failure
55.69114623676148,37.13883964530128,0.676272695515121,76.55178128438217,72.95664616725314,3476,7,3,13,Medium,Bearing Failure
64.28228712132903,35.00884357380177,0.5510236258779622,74.18230567142044,73.6081969094952,9223,1,1,6,Medium,Leakage
68.60003641849795,32.886662266164436,0.6953871854339913,37.070800226095855,73.4392282851786,6037,7,2,7,Low,Leakage
83.83111698152365,27.125195167920413,0.649177109110242,47.638884902082005,74.21514140204714,8094,3,1,1,Medium,Leakage
71.36957215366884,24.525961905558297,0.42681226370037867,66.3436128958668,67.28449483563406,464,6,3,7,Low,No Failure
89.6258348421844,31.46130237575235,0.5200135720228972,51.860955983020155,69.30008675810814,5675,8,5,4,Low,No Failure
43.50444747341982,26.980102731794098,0.47809145569583894,48.64578345126234,71.75465991732273,4529,4,1,14,Medium,No Failure
75.19668583085864,31.665502539093865,0.3175544720282731,45.387918042849506,69.41860530305912,8643,3,4,8,Low,No Failure
77.60923894657459,35.66125366504109,0.4768769793083948,44.00885375774858,74.45299889472774,2145,3,1,14,High,Bearing Failure
85.57964109074601,35.84118089285393,0.5658568108822712,48.29105924853722,72.04401390742183,4118,9,0,4,Medium,Bearing Failure
102.04947185599177,33.84701929302649,0.410254956349739,77.29055659612033,67.3425776189235,5945,6,0,4,High,Leakage
79.27421477271515,26.8436020836779,0.6271587437887115,51.211897506674205,74.75300867955187,339,4,0,3,High,No Failure
69.7543678663373,27.24450017435246,0.4417117946325806,32.35055893467383,74.45709286979093,9389,2,2,1,Medium,No Failure
63.68853345977952,28.035646313859843,0.4978245099373758,42.51640609765627,69.18019115642053,4731,5,1,4,Medium,No Failure
84.99141356936661,32.88108581308998,0.4600323060989311,25.520576412448264,64.90990153980425,8806,4,2,10,Medium,Overheating
74.99173689078935,33.639249967122986,0.5231615535457862,44.74124300044155,70.6019488770629,2118,4,1,8,Low,Bearing Failure
73.48257359337612,35.79466523256335,0.4354686151182342,38.5761169175761,69.79952870361393,6922,3,3,11,Medium,No Failure
57.799686446654,32.5317630602198,0.4672144169901831,23.180199407758696,70.25486062670002,4791,2,1,11,Medium,Overheating
61.0381538363506,29.617042006489893,0.5367294458458874,49.8174272647828,74.80481235429102,2168,7,1,3,Low,Overheating
63.651165457005476,34.48638637698575,0.4820333344795653,75.12318236231988,69.28371023068897,7851,1,0,14,Medium,No Failure
53.62769443301329,29.160084683220916,0.4554891312767646,71.11568270022383,70.93395404900194,6077,9,2,6,Medium,No Failure
74.85449714511508,37.801896619751496,0.41486825410797734,54.41718239204715,71.13286089929511,7212,1,4,14,Low,No Failure
82.57342392838801,26.26820512839692,0.3620414922064066,63.22018328193905,68.12233509119949,5241,4,4,12,Low,No Failure
90.52489866220391,21.358408597282523,0.49217179331170163,23.110327118455874,73.10208586521762,2777,1,2,5,Medium,No Failure
75.97948544918466,36.030657776480496,0.6484953553237702,58.93441895581276,73.47055894759096,7998,5,1,8,Medium,Overheating
79.40936155762459,23.571003158941103,0.47546817289901727,60.36429532603656,63.408230142615466,1320,9,1,12,Medium,Leakage
73.37005777996664,28.55744000751594,0.5458946352353948,50.16503550303142,70.44190386423303,5816,5,3,14,High,No Failure
71.87498655404424,39.150060724637505,0.46193441529572793,74.84024279061947,73.3500788767497,4201,4,5,10,High,Leakage
84.44614287627365,21.936343382553552,0.5836065780165289,61.48560553685468,73.53713666604528,7126,7,1,2,Medium,Leakage
82.78554705358084,28.485189227526575,0.27461180650921707,79.00995062730753,70.78062914398684,2319,4,3,13,Medium,No Failure
68.07370453316456,25.006226535962092,0.5486940857650684,70.57002648726109,65.74248567349647,8572,6,5,11,Low,Electrical Fault
92.08338754079162,30.360992402668522,0.4387902834627705,42.144665377512354,76.85266993615876,9362,7,0,4,Low,Electrical Fault
85.83805504370201,24.35379331803228,0.47523721894493637,66.87408535531077,77.66678249202486,4623,4,4,9,High,No Failure
74.41055313096629,33.88347259081707,0.5555395238051619,37.55026368164745,74.80405607669124,4993,6,3,3,Medium,No Failure
79.08220020930914,31.394315084089126,0.45423887973564564,50.39317294253917,71.56746488838026,6272,9,4,2,Medium,No Failure
70.38502179547997,34.990019511118156,0.6175154251528323,28.903559702741298,67.02035060041949,9144,1,1,14,Medium,No Failure
57.97600437658765,21.786841142896222,0.42177865217810623,39.80759296221022,67.73148966344813,135,9,2,5,High,Overheating
82.43172876312353,31.012624315328598,0.48396816613125443,72.92710219042581,75.29942670493041,1470,4,3,11,Medium,Leakage
76.38765012141654,25.741858942881997,0.5272731971999587,35.07841718217068,67.67818408662116,9476,7,1,7,Medium,No Failure
105.75907236310607,25.2023460180199,0.31126228796102884,38.2800538874501,69.11487755455052,466,4,4,7,High,Leakage
82.25439810847021,28.384883699277975,0.559157087090054,29.79934460407074,69.68290935449606,7332,3,2,9,High,Electrical Fault
77.44064909241021,31.365435459568076,0.48322028839782083,42.23602438918514,73.14930240401367,441,9,0,7,High,No Failure
67.1249828084318,23.119216377241372,0.6554814064710277,37.473315212916916,65.19594617524876,5945,2,3,6,High,No Failure
68.91233477424475,26.431824173498683,0.5484411214069707,32.92890777041043,61.914637325056404,4881,9,2,3,Medium,No Failure
89.07573611085374,40.42484829086624,0.35126155962086153,35.27187225951214,74.62547416294514,4085,7,2,1,Low,No Failure
72.66070566540613,31.35142219604305,0.33567186659174814,59.08839649985553,66.99666812282939,5000,2,2,7,Medium,No Failure
71.76464903615404,34.774208290530154,0.5773503804873428,31.649797425739223,63.019645281377926,9077,4,1,8,Medium,Leakage
77.66418422242369,32.355370891579355,0.42696998343739445,44.24765280754205,70.11615503818224,9333,7,2,11,Medium,No Failure
68.66799220007184,33.80768093294816,0.4920828602717911,52.90335420146934,69.01584962369387,7631,2,2,1,Medium,No Failure
70.74226647936018,25.40596065811677,0.48340840993483886,30.26774746831049,69.75839511338224,2488,8,0,8,High,No Failure
71.83011473093761,35.02217905914026,0.48907610091571146,60.529517090588534,68.66388449653591,7516,1,6,11,High,Overheating
65.77117186214598,31.508719860771876,0.5891675904858069,27.7641414298292,69.2466606227971,8075,3,2,4,High,No Failure
79.32139669354552,29.54313294925002,0.6284802432738781,32.59197111563196,68.70680616237654,2259,2,0,8,Medium,Overheating
79.65490623691939,34.588310244195156,0.6491415456019416,27.18990421584848,65.8658358298455,4453,7,1,1,High,Leakage
82.49084399039822,28.843852849400726,0.7151377111090967,38.42580098883171,78.54068209258557,4771,8,2,10,Low,Overheating
74.93910010746613,31.130016813543563,0.38363043088885523,35.257293234981006,76.78630847244986,2083,9,2,1,Low,Leakage
54.34613823221569,29.703340331586958,0.49607373429953217,46.13410148090051,68.70233834788009,1352,8,1,2,Medium,Bearing Failure
93.58675223746438,32.00187033159291,0.48816433719706004,76.40933864932391,65.27857087879217,8674,9,2,10,Medium,No Failure
70.71172096689425,28.504869692913605,0.5124161485566622,44.68396727219708,77.27968676707019,5251,6,1,6,High,No Failure
59.947761239663635,28.21244622671434,0.6030080583360747,33.92881401964961,65.58628598038884,1482,3,3,14,Medium,No Failure
75.07405561058307,30.670278611822308,0.30901550820104207,50.36815609322449,75.4222997416645,3210,9,3,6,High,No Failure
68.19410563016638,26.426739361802802,0.4362579150955693,69.91311453547516,69.00140264446443,9931,4,5,13,High,No Failure
61.71459387261114,24.930637797682238,0.394218621581266,22.812417047142397,75.37201610162259,7809,8,2,14,Medium,No Failure
85.27772649669842,36.358433924659366,0.5497209391415119,45.46905431714224,68.22661081687838,9952,8,1,11,High,No Failure
74.87717220924867,23.604776299925092,0.6658491974569076,65.36940798954626,69.24807328080824,9146,5,1,9,Low,Leakage
79.07186568009635,25.278403103786072,0.557297194743746,44.951522399249676,70.10056168108429,2761,7,3,3,Medium,No Failure
72.1181759140507,35.82223917142337,0.376108783935161,59.33308488258266,69.60350163543323,2707,3,0,4,Low,No Failure
80.94475952771911,33.27260889078147,0.5996264014628936,71.45914084106673,71.06604681218519,5358,3,1,10,Low,Electrical Fault
73.54840371173881,35.3082071065509,0.5665156298810454,31.232701048373286,68.78517292718708,350,5,3,1,High,No Failure
78.36082367927813,32.67506837165944,0.5543179314649537,43.72221312449592,73.90985473284178,5917,3,1,3,Medium,Leakage
81.52189454839501,31.58949039555301,0.5224728247419208,53.322817708165886,80.371101878585,1617,9,2,10,Medium,No Failure
77.27555142754113,23.657697553424043,0.4038051781721582,63.42404041862875,64.19491910193554,470,8,4,14,High,No Failure
72.92854394233224,24.07959107050286,0.5113269164141905,74.17384678465052,72.8298969745686,7785,9,1,9,High,Leakage
71.76393336725658,19.64810914252238,0.46318419745695105,64.20690446881056,69.9145997481426,9673,9,2,6,Medium,No Failure
60.20122620682203,29.46586604588232,0.35456368407926847,69.41113043002022,70.68009458417937,5300,2,0,14,Medium,Overheating
90.85672504267104,23.044631725972643,0.7294254714199953,39.543509333176885,76.46281946208079,9725,5,2,3,Medium,Leakage
69.55973954122548,30.20915697808317,0.41342990696306114,30.04982174267773,71.97090563651254,4881,8,1,3,Medium,Overheating
69.8001535687618,38.445856050170555,0.5489379202151478,29.995445420534388,71.52927754400122,9092,2,2,3,High,Leakage
78.56013541021537,28.238584916699903,0.6027164829076102,62.06682233017029,74.61690218693158,4798,8,2,9,Medium,No Failure
74.71376821082325,30.40197311008808,0.6484287959107435,70.43345110389939,71.80479950659999,9130,3,4,9,Medium,No Failure
73.01201666693976,26.904126246578535,0.6199238165867875,49.01476188966056,74.06318701021219,2919,9,2,4,Medium,No Failure
66.82079875684403,29.83834193319097,0.5304208254920917,62.94097210682128,62.63383080107001,4306,5,2,12,Low,No Failure
85.98161654209835,25.86475220475181,0.3831776074076368,70.30722072122158,70.0718768455063,5288,1,2,7,High,No Failure
71.95448845733381,23.025073302829504,0.4214801012144022,22.683003984157416,67.7850055611389,7865,4,1,6,Medium,Overheating
85.98403304283406,26.398864505726014,0.5952962929243897,61.49918600629944,67.81811140814813,6210,7,3,13,Low,Leakage
71.44152828501534,36.37591544950715,0.6795992925909699,66.84129185613591,67.15520250274103,704,6,0,11,High,No Failure
90.55290516097313,27.188814928157445,0.5819761041680034,57.784087366745275,69.07744552572854,6335,3,1,13,High,Bearing Failure
84.03525510447373,35.23586231952025,0.5504142207473279,79.04547728441923,76.72227306398203,128,7,5,6,Low,Bearing Failure
81.89811853816315,30.94877833368058,0.5205769777955915,35.002768570614634,70.01385812897833,3829,1,1,3,Medium,No Failure
79.55668540641949,30.12338017236512,0.4431332506167718,63.646345727068066,73.53619284325599,2217,8,1,2,Low,No Failure
79.55590602282919,40.0649577999744,0.5496298455478223,62.01662368614546,78.03291349294804,1557,9,0,1,High,Bearing Failure
90.9278242151955,23.542935528541772,0.45047142696050413,64.28043204639843,66.20498786322983,9171,2,3,12,Medium,Electrical Fault
86.64056304441785,28.968357357644706,0.42824689725810694,28.28670645723127,65.73061296012119,2761,5,2,8,Medium,Bearing Failure
70.21345418246642,30.327377371169778,0.6342581377519323,24.260337682980854,61.29621543600225,8819,9,3,6,Medium,No Failure
68.94565677279627,18.03231119752394,0.34992918036187015,65.74981470147158,70.21811632374583,4622,8,0,6,High,No Failure
78.38413558969211,34.229937648155136,0.33867469058287103,58.820253233655606,64.67491886818983,2009,5,1,7,Low,No Failure
69.23293563254383,28.900745604292304,0.35663825076319866,61.78805330834119,68.98261700786463,9842,4,1,4,Low,No Failure
73.16211549365934,23.18021790450848,0.5892637160803897,35.31671239789671,72.32195362425163,8511,7,1,2,Medium,No Failure
78.86807899806533,22.386002612627934,0.49180376625496,35.53342922894906,68.91673716033853,6376,6,5,4,High,No Failure
78.43093486801901,22.187227459911426,0.5325350951398011,27.089773113421245,63.878626496321786,8349,4,1,7,Medium,No Failure
86.65404100064983,28.54309170818251,0.40835349803114357,56.8270686775193,75.58664868444558,7690,8,4,7,Medium,No Failure
67.86663645424257,26.925025121786312,0.32063345957993716,73.63287141244555,65.70726161447338,4403,6,2,9,Medium,No Failure
71.5973615971817,24.008463215056288,0.5692859527679648,63.719842538683494,67.94958159133577,7788,9,4,14,High,Leakage
70.10246389947159,21.679632827580328,0.5323515151783131,73.98474351454527,71.08252338599253,1663,2,0,13,Medium,No Failure
78.56571582063175,39.03459175635078,0.6816547221771321,50.08827816666831,83.19236535575268,6115,6,6,11,Low,No Failure
75.97290290213472,34.47164897484946,0.4686558288769541,29.68866843275398,73.6933010559978,8628,2,1,5,Medium,No Failure
79.43035418672912,27.314128282320908,0.4349569870843939,35.74934147835728,70.33584699338107,564,9,3,11,Medium,No Failure
86.64460834341415,24.71957538731175,0.376246327329245,42.09433426240417,73.7516293075984,5309,2,3,11,Medium,No Failure
89.35125976322846,26.85139248073835,0.7675091468694708,63.702404688014596,67.11782164886037,6820,1,2,12,High,No Failure
71.54348060689418,32.196171244854455,0.6539226507035228,27.53059842616972,79.3468325603832,9765,7,1,3,Medium,No Failure
79.49619552457155,36.263806929868785,0.5006878278647103,29.516385807701603,77.90163883459255,1387,6,5,2,Low,No Failure
69.9949767579932,29.207493113132,0.36811508312134195,78.38855957917959,56.25512700688985,3679,3,3,12,Medium,Leakage
80.11345401931142,30.550729375557378,0.33129710673887935,36.59337286503255,70.15463758430728,9741,9,2,7,Medium,No Failure
72.14821681072623,27.222708453046746,0.351468006931586,23.73766853763786,62.85027838496039,1470,1,1,14,Medium,Bearing Failure
88.41787041160222,40.84136745083868,0.4794834630886373,54.63563573762287,73.87508355176442,8783,8,0,13,High,No Failure
87.28650789872522,22.2825700062715,0.3956802479159004,50.05141678380788,74.99861341009193,1563,8,3,7,High,No Failure
78.1340943612565,33.06792012501342,0.4653828179713545,70.42880938176515,78.37952797250898,6375,2,1,9,Medium,Overheating
59.87814952849648,21.59920377602991,0.47072800831558625,65.88634560586748,68.76105430228486,8132,9,2,5,Medium,Bearing Failure
76.84476341424859,35.18468971398196,0.378234224511919,36.34449122108443,76.84052381822072,7678,5,1,7,Medium,Overheating
80.50059638798997,29.321066246444197,0.6757590605527084,24.865916602603043,75.79935195677021,7813,6,5,6,Medium,No Failure
73.3513849581948,25.771124529768592,0.5044941523214322,71.40580141272892,65.75203509095167,1918,2,4,4,Medium,No Failure
69.05006291993324,29.472036317784916,0.6378373801080022,44.79839348726507,62.85775181704873,3109,9,1,5,High,No Failure
80.8249812067986,28.507960031244327,0.5904803681600477,64.8906397352076,62.859371381095876,782,7,2,11,Low,No Failure
69.82330068720825,27.821804162963712,0.4043511265956363,50.653580770912754,79.90545332870242,3154,2,1,10,Low,Leakage
70.72541945164201,26.597996998455883,0.5425050989939516,42.54663607023538,74.87517179052273,746,2,2,3,High,Electrical Fault
81.31960971677772,35.872811283592476,0.5645949099715959,24.020330944550135,71.17542439504288,8689,5,2,3,High,No Failure
81.18708013180328,30.929451021056156,0.5166189924410116,65.61094400121175,75.74048793450012,6313,7,3,9,Medium,No Failure
92.35221072607825,25.0199290938321,0.5702832614714876,68.52359689542499,69.54857852112119,7421,2,2,3,Medium,No Failure
78.58221855149033,29.302667553580935,0.404312951867959,22.64534470123148,75.31907402331802,616,1,0,10,Low,No Failure
70.47511490226252,26.015504823214307,0.30924609133064557,52.96353627407783,71.5568457611074,8767,4,3,8,Medium,Bearing Failure
63.22572763084607,30.831793348890614,0.595323370942605,65.3350639773686,69.42125544155667,8005,5,2,13,Medium,Overheating
80.95162339201721,30.036164681358713,0.3763412919578806,46.01677308469682,67.87358308984592,6009,7,1,3,Low,No Failure
72.19016352961916,34.639627998165196,0.44689532023424283,64.9069679269964,73.13543257708818,3604,7,0,12,Medium,No Failure
80.28569076419862,27.28328639295699,0.3433954154268263,27.135325945675902,62.29614453118499,6605,3,2,10,Medium,No Failure
85.91806138053369,27.376917838922814,0.44530627070343265,56.43844584430899,72.55509065878978,35,2,1,5,Low,Bearing Failure
76.96549535702526,26.145986100433813,0.6043954631581157,79.13240265532585,62.58175262863593,7380,2,6,8,Medium,Leakage
78.6364445784462,28.280579677659464,0.5750093497429863,42.966307107337464,71.05417954563991,7442,5,4,14,Medium,Leakage
78.65196123817954,34.22424150797712,0.36137300829084096,24.43780434768052,69.34217406154619,4795,7,4,1,Medium,Bearing Failure
64.16766691998615,30.845388531008037,0.6182039615829933,31.618771375120257,72.82478394017048,3763,7,2,8,High,No Failure
69.39971719739827,30.82557931872055,0.6456929839490089,78.19831598177055,74.04661690841309,6312,9,3,12,Medium,No Failure
89.95530660816671,32.75271485870079,0.690421258254636,44.273961695301836,65.31936535078047,9913,6,1,5,Medium,No Failure
81.1754120740751,18.04073324706613,0.4773541114384998,76.12969558724691,68.38233854067087,5679,4,2,1,Low,No Failure
71.12325380547956,30.670769772774467,0.4439337930803181,61.101045346537305,65.71774417356706,2260,1,2,4,High,Leakage
71.83717991556745,31.358018491057113,0.5590102185289714,55.150148474680485,75.63489499115869,6133,4,4,7,Medium,No Failure
73.1269344267066,41.05667771720597,0.5642810008807725,35.7280639399514,69.26417853986563,2633,5,5,13,Medium,No Failure
67.01276913849014,33.42828299860378,0.4875756606497254,67.59347823787726,71.19426746647963,7223,7,3,7,Medium,Bearing Failure
70.48921583017665,35.37376985552165,0.5400353044455141,41.863765235997825,66.86164020218744,7189,6,5,7,Medium,Leakage
58.9051332925236,36.42322678534668,0.4065103262127126,35.61719260235757,64.66933423464633,8403,4,1,4,Low,No Failure
61.542033194452586,29.100137929585344,0.4758924127371813,27.314171704789434,66.64859499140478,4301,5,1,8,High,Leakage
73.7693222379295,21.92538874522426,0.5293355900912581,70.34144884081442,69.17030704256757,6766,7,0,2,Medium,No Failure
76.84201062988521,28.186106403152117,0.5855312630847325,79.33169843507835,61.27381586261076,5745,3,6,9,Medium,No Failure
67.91426909087845,25.45173219661629,0.5157425248987514,77.16089588956993,65.8649603635457,9077,7,3,11,Medium,No Failure
73.66974372414924,32.79165343162917,0.5108982943145306,79.73042277417588,62.417660026332214,9373,4,3,13,High,No Failure
67.24191670158258,25.672727208344313,0.36154577678266575,75.44639748781613,69.14308372169563,1826,9,3,14,Medium,No Failure
47.80235616425186,27.54385221768754,0.5604962407208778,45.79640764243984,65.163592802312,2902,3,0,4,Medium,Overheating
68.53662221567319,38.20440328416574,0.5274535387990401,35.900613612715546,70.34558693704201,8773,2,3,7,High,No Failure
81.99784027018259,25.78217372965907,0.48517670635074334,77.92868206066862,75.40844721306027,34,5,0,2,Medium,Electrical Fault
77.29552246785423,30.78675639160652,0.477202423490158,77.84377572513336,63.26833405729733,5530,5,0,3,High,Leakage
56.133062043964685,27.105748592055676,0.357529924371096,47.304951509860715,78.4231534051926,7620,9,1,10,High,No Failure
56.407230384478964,28.903612669408904,0.442558898456616,53.73820959352764,70.70314500874925,5422,8,1,9,Medium,Bearing Failure
74.14072901105806,30.70715532080152,0.69984474648418,66.42153915656579,66.16719420082018,1260,3,0,12,High,Electrical Fault
81.87738342796156,23.088087827303838,0.3867549033715075,23.474832849371232,68.09960425328542,9128,5,2,2,Medium,Bearing Failure
70.61170008522522,34.548091722826406,0.5541015025287498,32.31695582662381,67.06123633804026,3165,2,1,14,High,Bearing Failure
87.82296056206904,33.39758279176097,0.2638803047042142,41.97439083489296,65.7120189167984,7068,2,1,1,Medium,No Failure
76.6369826292386,33.76788893074895,0.4153268753194181,40.99708588716918,70.21083537835571,821,8,2,11,Medium,Overheating
70.92381488273307,27.986302200504525,0.5760866635836577,61.89996062954314,66.7959805669222,9281,6,2,1,Medium,Overheating
66.03592106239395,29.991956587654805,0.6855721719895614,30.315128759016005,71.62916596962052,9904,6,4,2,Medium,No Failure
71.0726848549936,34.5316692022996,0.5244631966835157,76.69578320746314,77.73790378686624,8200,1,3,6,Low,No Failure
64.5465617705711,29.08934030783748,0.6174710276548174,73.21716077285232,74.45990941993617,1722,1,1,13,High,No Failure
68.76848152320672,33.4215083378114,0.419604088825971,60.52538882428317,78.00117910443937,1371,5,1,2,Low,Bearing Failure
72.93487756931862,25.03542931558558,0.49692562943550267,28.100972067574347,65.68405870835306,5161,5,4,12,High,Electrical Fault
56.566746594616035,28.91180340192674,0.4404689803574965,58.792879953155655,66.09793314816315,1520,4,2,3,High,Bearing Failure
68.29853029870233,19.194793199968856,0.5996519235702162,77.7091057565378,63.75451890620765,1849,5,0,5,Low,No Failure
62.92186242242805,25.910156426970133,0.4539829896925419,66.6445116430923,66.64082864454039,1802,5,5,5,High,Overheating
81.90120909661337,35.58998249586738,0.43665776438805615,42.50754315389417,74.55670946725913,8840,4,1,14,Low,Leakage
56.944081645873986,28.63355113563912,0.45939220747184023,61.18841798944287,73.6710315629999,7050,8,3,2,High,Leakage
62.226053676955544,24.780445693199717,0.5629850124950402,63.92807089107381,67.0250992348863,9762,1,0,6,High,Bearing Failure
73.080884038285,37.68165252709446,0.46878078746111396,54.576311540501024,74.21162414813627,5316,4,4,2,Medium,Bearing Failure
78.65253932296886,35.44780141612864,0.36851573515083785,62.243785216461326,62.012674292239524,462,1,4,6,Low,No Failure
94.59035259164402,32.68612269086973,0.19689490054737785,23.317604622128446,67.71043944520414,8217,8,1,9,High,Leakage
82.82381616971297,41.73609658334584,0.5137184175982883,40.85065635386212,63.23634014957446,86,3,1,12,Medium,No Failure
66.47837361405452,37.251440118633866,0.5295902652274481,39.1367652988806,76.47804715337504,1512,8,2,1,High,Electrical Fault
85.23871213613114,35.60016805358559,0.44874593276417435,44.173010943524574,64.43715555000036,4426,2,5,7,Low,Bearing Failure
62.13661925922458,32.30186587844264,0.5949419526103719,44.81856172521878,72.95582736119299,3174,4,2,13,Medium,Overheating
73.60955082317322,20.75998401497969,0.6597219572844841,38.01916599655009,66.1516716104204,6670,6,3,10,High,Bearing Failure
92.4642633398027,25.293699612530425,0.6283441267015979,47.06964551983873,76.71287208399963,1330,3,3,14,Medium,No Failure
80.94242557859964,34.06724404249011,0.38546776023463036,63.05743981615513,63.09906002484013,5975,4,3,11,Medium,No Failure
69.11595088576058,30.254003585672002,0.5491543879091331,37.83495919540187,65.73828037827369,9444,4,1,1,Medium,Bearing Failure
77.77782015007905,31.299757145909982,0.43520628205176304,52.62431147623084,73.32511447409752,1094,6,4,9,High,Electrical Fault
49.38086143139874,34.16747686529472,0.5543043607474725,71.9102859888315,74.65626151564699,5920,9,1,5,Medium,No Failure
84.07649985845802,30.682720817236763,0.4931006862178412,31.835138715604714,67.81025507016057,2570,4,1,5,Medium,Overheating
64.04308693794451,28.5873154444352,0.5713033426053423,58.415591136425974,70.88513194748322,4211,3,1,5,High,Bearing Failure
76.33987967278021,33.119348324220496,0.5880365265083387,40.094319350577926,68.1040809836042,2665,9,1,5,Low,No Failure
87.79539171553998,20.367076884841474,0.47585517635575597,65.11142766828341,67.70072685984012,3257,1,0,3,Medium,No Failure
76.96572082950773,22.197605587949706,0.346267657967396,42.797478454079425,70.18415022170798,6358,1,1,1,Medium,No Failure
74.21562144847888,28.61025888720412,0.47116137160536786,24.910446752683747,71.53257682166303,5443,6,5,3,Low,Overheating
94.04773304464194,29.53842116895493,0.45290558917685575,54.169872183475356,70.64506734859312,6430,4,3,14,Medium,Overheating
79.74622484641557,24.34139685699595,0.5348530021620642,47.82305895609163,69.68438318116635,4195,4,0,4,Medium,No Failure
81.65380883161772,35.52724094892871,0.48153267290286145,49.15555291754599,68.96316139228318,8818,9,5,13,High,Overheating
81.02191644239485,25.271802099844294,0.3683105659058421,66.42372560651566,75.22284032497751,572,1,2,2,Low,Overheating
80.4281098912369,32.06782253584919,0.47435965283898496,66.72929180771932,72.59031585910816,8845,5,3,9,Low,No Failure
75.80471865320878,30.004607118800973,0.5399523908785323,55.72297315619751,66.15486126966488,3535,6,4,13,Low,Electrical Fault
76.14038500362082,31.180212253274284,0.49303587585937225,33.22829772227445,71.88803324829016,6902,5,3,2,Medium,No Failure
53.746061461949985,29.887250931867477,0.5754599272838768,67.1895800147405,69.31851963009532,5376,5,1,14,Low,Overheating
69.27904464796262,27.741014874573764,0.5103921653563157,28.517470499429106,67.9542616493276,4427,6,1,2,High,No Failure
68.88897886926901,38.199192579096895,0.3817816256844509,43.07185602712123,66.92572628305409,9138,4,3,2,Medium,No Failure
77.2652433517623,26.97974366705131,0.4743050144412361,29.75204053570673,66.71444854041778,232,3,2,4,High,Electrical Fault
66.48798465401455,38.94461088227685,0.5065353714887751,60.41838188883741,75.33568562875675,9421,9,3,14,Medium,Bearing Failure
50.235182428982995,41.18946662070775,0.6529396681115415,50.79272216110806,75.01854571270104,4937,6,2,2,Medium,Electrical Fault
70.01962802516925,24.335870801531897,0.522268804104535,44.6794824222556,76.23497738689103,6895,4,3,4,Medium,No Failure
73.06953475693822,34.85856886278077,0.469516457743989,20.10288960671651,67.18776971204451,6046,2,3,9,High,No Failure
70.24329435499233,34.51738481326768,0.47739425845945394,75.13514738063849,70.1797629283047,2465,2,0,11,High,No Failure
60.262215609994435,36.85754817293553,0.5324361581094931,58.57595079084876,56.10595471866189,1719,9,0,5,Low,Overheating
91.40600350079956,27.102147378142895,0.4978693702261837,61.301355162978545,69.14562424958052,2906,2,3,10,Low,No Failure
60.18845888424987,30.110546105543083,0.5704710630101082,54.70060143839494,73.7592198069402,9705,7,1,11,Medium,Overheating
62.81784402371855,33.878380836427596,0.5529086070360032,24.8409442888264,73.93765766126845,4303,6,2,7,Medium,No Failure
67.03266626766643,30.2564265772974,0.5080506934613579,56.35426100049639,72.65238675265422,7943,8,3,10,High,Bearing Failure
88.55124722290145,28.362298455229734,0.6492066529785664,47.52144049695314,68.92662027298941,1412,3,0,4,Medium,No Failure
93.11017057254436,17.571515835489436,0.6223991974348685,77.43348016875238,61.31797010706084,3532,8,0,12,Low,No Failure
72.35197245737146,29.7296362919437,0.4847159023197103,45.7198381077462,66.23069923317763,4814,6,3,12,Medium,No Failure
70.16452474051675,28.69307058292414,0.3679566098927799,33.93867485842621,68.92499407431802,1267,1,2,4,Medium,No Failure
81.09485404033087,29.135161344121286,0.5742594579855148,35.73372772224324,66.92182386908505,4122,1,2,6,Medium,No Failure
81.04640360699338,25.4732157782694,0.40728864463538483,76.45953964969416,72.07384410406233,8727,8,2,9,Medium,No Failure
65.32059736230583,28.648657219503225,0.6276693313460125,75.08224710990453,71.18563056667043,2192,1,4,10,Medium,Bearing Failure
78.14697529296095,32.305639756494976,0.3704830405178011,71.15582468365263,82.80416346402896,5799,2,2,13,High,No Failure
75.33373589744214,33.14516206307906,0.353271353692619,73.81731867259644,63.47459524180378,4904,5,1,2,Medium,No Failure
96.70004448214645,29.993880333756415,0.46674423230327533,76.79525967544126,62.05519227375386,8760,3,3,13,Low,No Failure
88.17237522585098,28.2930052639869,0.4909538501181111,44.684165275323345,81.45026526884114,1950,3,4,3,Low,No Failure
79.54309955313911,35.71261992351917,0.5975541464994564,47.65526720228225,73.726869622766,3779,7,3,8,Medium,No Failure
68.20205479993514,28.22461202658343,0.47170386868918285,62.75621938215776,65.73797679569935,6022,8,2,13,Low,No Failure
81.76804441042117,32.64099485627499,0.4342971489659939,60.39491227863889,77.19254220276216,1464,2,5,2,Low,Bearing Failure
88.78537603825858,25.22054787612424,0.44617261392094554,66.62961757887905,64.24731157980793,1753,1,2,12,Low,No Failure
73.99836246848409,28.857939976130815,0.5518092167946158,75.28612385220134,74.40635466172856,7018,9,1,3,High,Bearing Failure
73.21253999157645,29.815712883246917,0.5108911378880138,47.18351178711196,65.24435347166374,2007,8,3,3,Medium,Leakage
80.54928779034695,29.11219691467396,0.6163763582113709,57.470401209956265,72.43994164262426,5727,4,0,7,Medium,No Failure
88.3142081707475,37.851545015354915,0.4844810627593008,69.45565454623176,75.72562676314129,545,2,2,7,High,Overheating
82.26246454589526,25.753902830531437,0.5141236881313929,37.08851869213655,77.20431271006974,6232,1,2,11,Low,No Failure
88.0980953128278,35.276117148414194,0.6581921850878909,56.95696329957824,69.1391550182304,4894,5,1,14,Medium,Leakage
87.6011532120655,25.29006040003658,0.5873028649179755,42.24137117003964,70.97317301811744,1275,3,0,6,Low,Overheating
75.4465121292617,26.746126278089527,0.5784868336429884,20.117704621018433,68.39781276158773,3630,2,2,12,Low,No Failure
81.42866843842276,29.294342693553222,0.5149189264363786,55.362973018236794,70.62195682257861,1381,7,1,13,Medium,Electrical Fault
69.1138988420571,34.22629578420822,0.7662681904878692,54.64234632441981,77.42830648369389,4060,7,1,3,High,No Failure
94.13037692733383,26.511257362137084,0.483207128514772,29.069282440624075,68.55786119789023,9370,7,0,9,Low,Overheating
76.79086424165304,28.112492022466245,0.48914776318192127,78.92554830074536,76.01112530266863,1448,8,1,4,High,No Failure
63.78290711574193,24.891838589170217,0.4199434536682859,78.05491245284644,70.40010388786195,5761,5,1,3,High,No Failure
75.42099832210765,36.18803349768619,0.6075531784440166,67.75289666729235,67.20670528859156,6046,5,0,1,Medium,No Failure
53.369941115619206,30.933606584333546,0.4962956597304789,35.63594200715555,58.18870569049663,2394,3,0,13,Medium,No Failure
80.35535403851466,35.70094129613549,0.4942371727335269,29.862569861730996,69.768595499714,3628,6,2,3,High,No Failure
65.46916912975173,30.46481047035254,0.5787873126149956,75.45576004266422,70.26502597335084,5171,7,3,1,High,No Failure
83.79521021758096,24.220618985130407,0.4918516202797016,35.09146744731535,70.883135208436,4042,6,2,8,Medium,No Failure
76.38799223690228,28.096116307029664,0.37563566726652337,76.69408396529091,69.36133495655797,6781,4,2,11,Medium,No Failure
76.36560409476729,36.12417626496763,0.4595993600617533,69.97941691438393,66.37661558166994,5046,7,1,10,Medium,No Failure
76.88685951310426,24.212355821917228,0.597164323652215,56.034482321663155,71.01360045197059,4839,6,0,11,Medium,No Failure
69.59136126499102,38.889242305492225,0.3469707186064419,22.769243439319677,72.14047584763908,8752,2,1,6,Medium,Overheating
73.60458071125856,42.31151334536874,0.710118023705072,43.21637125008103,69.34885166661417,9989,2,1,12,High,No Failure
77.8396869285346,30.788063388009924,0.4358820673459431,74.77943053014326,61.78034284346801,2189,6,2,3,Low,Bearing Failure
77.24118589146961,26.29960232065606,0.5033397673811741,33.332797340968355,68.11971141708796,6603,4,2,13,Medium,No Failure
84.22341716296502,30.167161471028127,0.45693690431631395,59.60967139670006,72.1364230915579,9801,3,4,4,Medium,Overheating
70.11762904854653,32.9532075273294,0.5187326843331356,23.22841226878215,69.69888354129905,3366,1,4,2,High,Overheating
74.3510175666604,34.2046049755618,0.5304531484896086,66.7355476798563,64.78319073965918,6182,5,1,2,High,Bearing Failure
65.32339255960763,33.57164218257229,0.47661144043387565,34.907017872749734,74.99699651430976,7926,1,4,12,Medium,Leakage
92.57468802852998,28.27711548004459,0.42324869925413494,54.11640374444415,62.0411636969532,9740,6,5,13,Low,No Failure
69.33263007180895,30.718382940469656,0.5597316286291764,37.22529581423643,72.48874440406298,5812,8,1,12,High,No Failure
82.88129636470791,25.77780947291797,0.5484097851052379,78.07272597571324,65.51471685408005,554,1,2,7,Medium,Electrical Fault
73.86818673278957,32.106457096670674,0.44834790053998325,39.76167192411807,71.2315694919216,3156,6,1,2,Medium,No Failure
76.10205093474306,21.724121589019873,0.4091522218830603,68.64383774708767,72.7666868088799,9226,9,4,1,Medium,Bearing Failure
77.6139812823933,35.89141030713052,0.2772191097218241,44.83216781378982,68.08804490630031,1306,4,2,8,Medium,No Failure
57.52905404904845,30.313599766355736,0.5984859505993507,53.54335390378789,67.60320097121915,7613,4,1,1,Low,No Failure
72.98930173628754,25.8148924233605,0.6860703108311397,47.69527069691027,71.55663947228688,7247,2,4,1,Low,Leakage
64.80672312412199,28.703321391803616,0.4780833593756619,76.8575698761487,74.84466877883256,3307,5,4,2,High,Overheating
74.81070640633757,30.176570656430577,0.5143066229818338,26.863004383034966,75.35328667874732,6449,2,1,4,High,Overheating
72.40115491353595,36.69091520619063,0.6472834046927218,50.79470999958936,65.30689809591172,8186,8,2,5,Medium,Overheating
80.64690367990688,33.75227733579038,0.541324236189843,41.18134855340146,75.89820605443258,501,2,2,5,Medium,Overheating
82.81646280135419,35.22030459899591,0.5654287662369907,31.39695182756636,76.68325195357329,264,2,3,5,Medium,No Failure
72.42053321119212,35.72552963869893,0.6027319289242413,67.73192409978131,67.15750608700145,3522,5,2,6,Low,No Failure
86.2651352873796,33.615504121794935,0.42930875366291926,45.782925540603046,61.06749978982623,4252,6,1,12,Medium,No Failure
63.13863539577905,28.843783082062764,0.4462486471891736,28.06989354170128,64.65439872525376,2296,6,2,1,High,Bearing Failure
66.47720905423216,24.307665942867445,0.31581711682524477,67.40008263171546,73.68777754931646,8375,4,2,11,Medium,Overheating
87.93269280492152,24.704356137009192,0.36807696165573167,76.95492440673006,74.8499905775725,9215,8,0,13,Medium,No Failure
76.90258755029365,24.712144841995798,0.5159480864192404,60.211842924017716,73.5004916899608,6824,5,1,5,Medium,No Failure
70.77889731808983,24.47229547536115,0.5104045052369984,59.549246135116405,67.59416623355517,8283,2,1,7,Medium,No Failure
87.06307189132835,25.494885759310534,0.5585988880860332,60.000555692821514,72.8544343823429,1754,7,2,14,Medium,Electrical Fault
72.88803980110578,29.58497927498341,0.5240218837824995,45.77869202460467,62.00831472068137,5204,2,0,1,Medium,No Failure
78.39187318747831,32.04104534739614,0.2605778813288828,58.94701746740241,68.9964471440684,8059,2,6,4,Low,No Failure
75.65667540493672,42.08000029819281,0.4165936276771582,77.54200365865785,68.56791115189692,8234,1,3,6,Medium,No Failure
63.66237840242168,29.806609583815273,0.5911460904538035,33.913660113131726,65.83820582316335,2970,2,2,12,Medium,No Failure
86.5475781288771,35.5440191939005,0.5436676485775331,62.56512455201127,68.90913909815426,1052,1,4,13,Low,No Failure
86.11683789504369,35.431883703619555,0.4095356249645707,76.35687009956185,70.15419901883843,2696,5,2,12,Low,No Failure
90.35020940902623,39.044156914819155,0.6119042617079258,43.306685292738855,65.48109180526913,3211,8,1,5,Medium,Leakage
74.86253778065176,30.40061091246345,0.44526474996502696,49.72236354067428,73.13131874114983,5475,6,2,10,Medium,Leakage
77.21891093920466,26.049558002409036,0.5497281945693768,46.16113025131767,75.75246375027092,5698,7,5,4,Medium,No Failure
60.031737599768235,29.389338742465785,0.4870762188819322,41.720289354364276,66.9269026747751,8377,4,1,13,High,No Failure
79.68544360223567,29.439045869837496,0.49973027728823205,32.58982765265492,68.26764178097397,8402,5,2,10,Low,Leakage
79.99203540306758,30.41013431861879,0.34807169325855436,51.82829170552809,69.46794135508773,5632,2,1,10,Medium,No Failure
70.92995799842609,31.921258832345764,0.6041348708352703,54.530156881123176,69.81791389197863,2599,5,4,14,Medium,No Failure
89.88815197959654,23.714752255049063,0.5245406474924358,31.35685857629237,76.48919457645803,4600,4,0,9,Medium,Leakage
76.26610099305904,32.53570442453651,0.5819299873587802,59.01432997358575,66.67343207213615,5766,4,1,8,Low,Bearing Failure
88.74661663283175,31.435979244357355,0.35244718787322366,29.117642182680967,68.86049810146154,6998,3,0,14,High,No Failure
86.37032558232887,36.30679535490708,0.5308129315250871,65.10082329169524,66.98484139241698,5057,7,0,10,Low,Overheating
57.21710586921827,35.37994016905875,0.5868011274247982,49.66258441416454,67.67399213675343,2621,6,1,3,Medium,No Failure
80.4906547396629,29.143866586709752,0.4438635080743787,70.92290347522602,74.87541591839181,2282,2,1,14,High,Leakage
96.38537305614521,36.08962216917965,0.4529676596840616,52.368674745760416,74.00757937274125,3525,5,1,3,High,Leakage
70.02311959824361,23.083984454552795,0.439963225032256,53.639088975207045,68.82382683963964,3816,5,2,2,High,Overheating
63.83534444001883,27.42250972567239,0.5025335159964995,32.67296087085141,67.20303419358409,555,1,0,3,Low,Bearing Failure
86.8487105318731,29.524004375342972,0.44071510120007723,28.344184417267932,68.17056243350767,8996,9,0,12,High,Overheating
90.71450331007969,22.837790042009978,0.2686242797199551,46.739223623089316,77.14033300380171,5546,7,2,10,High,No Failure
74.15055808522217,30.19835463727198,0.45781417780495615,62.515753080315484,66.95935559214527,5165,2,3,13,High,No Failure
70.18684255603243,35.62946147713425,0.4622810402201073,65.93974251266431,70.90887830414783,7289,6,3,13,Medium,Overheating
76.46352271115096,33.15328034254926,0.6037296890223349,62.53262489926363,71.66725177393087,463,9,3,5,Medium,No Failure
76.34329345328747,28.33009050561994,0.4705978884232621,50.19448066985651,65.0848589590133,9253,8,1,10,Low,Electrical Fault
77.87541633422774,36.272427089573625,0.5866640722562958,32.634126181653926,64.44475479804149,5905,2,2,7,Medium,Bearing Failure
85.52244009555149,37.38507201863325,0.5195613142036899,56.89560526089301,60.15773644271237,8007,3,2,12,Medium,Overheating
83.01402785063927,31.25822060963296,0.4954305253765709,39.17595116375012,69.5803090518711,6116,4,1,9,Medium,No Failure
77.21125366072714,30.244044852897698,0.4137819081734845,75.3801244885652,75.56432746374162,8730,3,2,1,High,Electrical Fault
76.23945478377685,33.70469764390463,0.48678634011187455,35.91877222126251,68.66721938562391,8622,6,7,9,High,No Failure
74.8304219350198,24.013936965069934,0.32536382356720606,59.86041213388609,77.38715805440036,9892,8,3,2,High,No Failure
60.969932003817476,22.081479870953064,0.39560861643016776,79.40056530103367,77.77550938604399,8494,5,1,5,Medium,No Failure
72.14114584152779,29.04629562382066,0.585838686657594,32.70683128818946,68.77655474100507,7167,7,1,1,Medium,Overheating
72.51772511422703,24.170961925092204,0.34980619695520376,39.484407731270046,63.667464748731014,1581,8,3,2,High,Bearing Failure
82.04992572079514,27.50133995031975,0.6016338409740072,53.674777563936544,64.47739050757156,5653,2,3,9,Medium,No Failure
71.5977576333386,27.92220492045444,0.8048630031321506,25.140557170396647,73.1193953525997,6676,5,1,13,Medium,No Failure
71.42579715176345,43.30885201304732,0.40486141793061825,73.22444785022336,62.38303083840946,328,9,1,10,High,Electrical Fault
64.16007645840752,29.31619260186494,0.6309604602882846,30.9319062664851,64.23874043494465,8452,3,2,2,High,No Failure
71.2447844766634,32.56459083763572,0.4255175511208341,46.01000842253681,64.64007172936182,2636,4,1,5,Medium,No Failure
83.32171514597556,25.45912539743289,0.5520117197444839,77.36226741298063,70.66979737771064,1382,5,3,13,Medium,No Failure
75.35450050083392,35.0088279642101,0.4770819198170999,67.59006269386866,69.44791509959431,7041,4,2,1,Medium,No Failure
91.00504482646791,37.36163709184953,0.5630259616108918,79.87670961289871,70.06555631283028,9073,6,5,6,Medium,No Failure
70.9907222623266,31.801386948026426,0.4720820848392044,69.10658047335839,73.70752445637339,3910,3,3,13,High,No Failure
63.14919665246913,31.13089594392787,0.48898435480111413,54.389851773615334,62.10234735770605,1841,5,2,3,High,No Failure
85.2845715531939,27.30677050289381,0.5599828037961632,67.83540001643185,75.13920698091529,2911,7,5,1,Medium,No Failure
65.51876468596886,43.94615780205008,0.5148378223922554,61.999776876432065,73.01341147563612,2217,4,1,7,Medium,No Failure
76.66525142708116,27.675563812817824,0.524585735523097,22.498145775256862,70.69809786264022,5782,3,3,9,Medium,Leakage
64.80131652496468,29.798741724312553,0.64595403416993,27.520987023406356,65.12884982283013,2431,7,2,9,Medium,Electrical Fault
66.69295390004442,38.52334998518096,0.3919284095308654,28.95956964512208,73.51011921483288,309,3,2,7,High,Bearing Failure
67.76504280377458,37.374733950712766,0.4290705768645538,71.95937155135026,65.33677651194552,9045,4,6,11,Low,No Failure
68.91793078996625,34.682529408250886,0.45776516731153616,54.236227334288536,71.15016681873834,4917,6,1,3,Medium,No Failure
77.11984481509657,30.989098807983442,0.609221798229256,23.800778891553723,77.6046350908315,1309,7,0,9,High,No Failure
80.82478616966378,33.93909285988716,0.634194500712194,53.28547757571184,68.55370276189635,7593,8,2,3,High,No Failure
81.56881237922504,30.335838278521006,0.5093268915716075,73.66346008166285,76.06660531662885,3202,4,3,13,Low,No Failure
65.47941234112395,31.55924666900197,0.4020229435445508,38.023775708166525,70.02362900894676,9834,2,1,6,Medium,No Failure
70.70462348975073,30.121041674828994,0.5880891668509127,42.41402220718576,64.85939848656375,5453,2,4,10,High,No Failure
95.31815300238705,27.703677010320735,0.5668493473598347,56.575502150228274,74.88666363864628,3932,8,2,9,Medium,No Failure
69.97070601941975,28.482084665935247,0.5325244982741303,48.14327768862854,62.43046527992743,5533,6,1,3,High,Electrical Fault
69.06937331428679,32.86621694246519,0.5043137408458738,47.77625933156393,69.63890802019863,7265,6,1,14,High,No Failure
87.62346194766508,36.42857543643071,0.5003171477977872,29.332785255511652,71.8709836997901,7546,6,2,10,Low,No Failure
73.2789156318185,30.800833409025824,0.3247756206495811,45.09430718419394,63.22533073249336,781,9,2,2,High,Leakage
68.45301065107105,38.914216052405315,0.6967149939145137,60.66050630157311,69.06709399388427,4390,7,3,10,Low,No Failure
58.81730779947975,21.41006641814125,0.6006817235116017,33.80669388718086,68.95559390208463,1463,7,1,5,Medium,No Failure
76.01928741490948,28.143771645849768,0.5106511660406629,26.672705604385804,65.30130850372127,5372,6,2,13,Medium,No Failure
78.09091060623601,32.95514315132994,0.6335082929525251,42.19251241626824,77.1918892920571,8,2,2,11,Medium,No Failure
80.96526168568758,35.59880986031889,0.5914792188565072,23.977903947331363,63.984361378052085,2946,2,2,12,Low,Leakage
83.25698751293189,35.77716466033282,0.607649631906956,47.25141743814319,68.70413428985036,9878,7,4,11,Low,No Failure
81.75989408210853,32.81134166624717,0.5598835592430355,33.45645192266842,63.975702849876285,4392,3,3,7,Medium,No Failure
70.31486060080886,31.934693648902766,0.49650554338118946,46.968352015709236,71.15262549007201,8077,5,2,6,High,No Failure
77.11695668824309,29.493821247066908,0.4254287415712433,29.660978114359736,72.14151644039465,310,1,2,6,Medium,No Failure
78.85598842658833,31.330929273710304,0.45669668497099625,58.96968727901132,67.86719795765741,4914,8,1,12,High,No Failure
62.71972462262295,34.20808365858222,0.33761291183243963,58.648388418357,74.75318907838083,5781,6,0,13,Medium,No Failure
78.81380042632816,28.204991286396478,0.503273181968606,70.43722815995451,68.54247113171573,7574,3,2,2,Medium,No Failure
72.1571825590904,22.98194087290924,0.6250763598327607,33.35778772699993,67.72055116412801,6212,7,1,10,Medium,No Failure
79.28345877343457,28.650006453669704,0.42446339490328155,74.78714761195955,76.78540158804734,9408,3,3,7,Medium,Leakage
69.1204219390085,34.45222271803795,0.5562321644123213,50.12584957005196,75.75980485444269,1486,2,0,5,Low,Overheating
69.82324515061799,26.502266940328358,0.4475455846706712,64.9400524237071,56.348003507871354,4809,8,3,14,Medium,No Failure
66.5903795369505,37.51310478929267,0.5952531855812904,73.6982557694827,67.51667008114926,524,8,2,11,Medium,No Failure
93.44161584403405,32.79021390890798,0.39388406437298623,47.46071658000387,76.50064284178377,8791,3,1,13,Medium,No Failure
91.1637335884326,24.930824348946153,0.30453738340886793,48.57962164414276,61.57631438474532,2110,3,2,3,High,No Failure
72.86980034546956,25.06888916007644,0.6102635637772231,22.268324280273756,72.43661326089656,3814,1,1,4,Medium,No Failure
74.53156545577487,30.19987552427052,0.5427642775341042,59.012441082230495,79.27657640082094,3310,8,2,2,Medium,Leakage
77.4030990314532,36.19086661922993,0.4186797683234821,21.12576212332631,69.50744092706921,5369,8,2,13,Low,No Failure
67.51509593016473,30.00935919470952,0.49378571839301794,25.441531239291123,63.55178765457895,5253,1,2,2,High,No Failure
80.8167447500284,33.83004418336258,0.4665340615581921,24.397969952230397,63.02338667361835,4756,8,2,11,Low,No Failure
85.91118561725474,25.891790539825468,0.6184542845094663,30.766494847457793,69.21107061470825,6497,1,0,8,Low,Overheating
87.2341634836452,32.00492653490774,0.5792954720689587,58.16456267883193,64.49050892094915,4783,6,1,2,High,No Failure
92.25427455352697,29.594284863931627,0.48371688565575954,66.52292105821212,64.57428560373552,8384,8,3,7,Medium,No Failure
86.3684964043705,27.944466084636602,0.5182755713727147,26.859209746832825,68.6408750610925,2599,8,1,3,Medium,Electrical Fault
90.29197563677444,33.12721325710942,0.297402871168592,25.73946042914944,78.58708229850572,2333,1,1,1,Low,Overheating
84.25940155478078,28.520344747270958,0.4837756054662504,30.749699079454853,62.59252527499712,3869,2,1,11,Low,No Failure
66.85458801002001,32.28384259029718,0.41982367484922567,25.29375226380852,71.25407772420631,2299,4,1,5,Medium,No Failure
67.63386870559184,39.69772577978857,0.4880522489064582,47.64586556055677,72.05540274314276,9249,5,3,5,Low,No Failure
77.62126850377791,35.968227869050196,0.5694399134593585,20.96884045260715,74.41912783374576,549,2,3,6,Medium,No Failure
66.35409057543535,44.42235232069726,0.49774881743346755,69.69077294908602,81.2653359530041,8778,4,1,4,Medium,Leakage
64.80947959783923,30.77254728172199,0.4696455056282906,26.4791757360045,69.4808550447483,4823,5,2,12,Medium,No Failure
77.81211978254578,28.54941190623562,0.588604224410631,24.446523051626734,72.68635200264835,3666,3,1,6,Medium,No Failure
60.832658223911295,35.31944885260092,0.5051830428125527,27.04584845375429,65.04143101296772,1224,2,2,10,High,No Failure
64.94027664226829,30.436104645743505,0.44125430030705365,29.072350988941643,79.22207454011954,2968,2,1,14,High,Leakage
65.32003924409487,27.633909031987226,0.5348225489752921,23.063107366197634,71.34895883608323,5969,1,3,7,High,No Failure
87.04600907922568,36.404954757456764,0.5364064145792491,22.41643714014461,60.45473736514141,5142,6,1,13,Medium,No Failure
74.45398433591828,33.08254440928922,0.5413068399039458,41.27267790826166,70.1820680280881,8964,4,1,3,High,No Failure
72.48676493112222,29.006851748927595,0.32013008149127664,40.847562824481834,74.55243795261613,8441,6,1,9,Medium,No Failure
74.99774333924692,33.43753864291202,0.553263019209455,23.651440333787537,70.70048594073212,265,2,2,13,Medium,Leakage
75.96975675056754,29.300550380471364,0.4727431649664971,58.32031360183315,77.328281958659,1198,7,2,4,High,Electrical Fault
95.61331913760101,27.033875294423854,0.3518595585714403,39.70127553691724,73.97020735850353,4776,3,3,7,Medium,Bearing Failure
69.49602828264354,30.52695723986482,0.555950668967222,58.37193877843721,64.25390325950488,2535,4,2,8,Medium,No Failure
79.51661339863013,29.81589368753136,0.5808900016969871,33.33227782473671,70.1358494830648,4552,1,2,9,Low,Overheating
72.18115235517212,28.543677823401698,0.5280533611120737,68.13555941732446,72.74459209586213,532,7,3,2,Medium,No Failure
76.2341494445466,24.74365242485137,0.545954213901625,29.761240813660617,71.51023145587297,6364,9,6,8,Medium,No Failure
72.71501374187058,28.01400833315298,0.48655123549667545,21.954801570664483,71.397556051025,2208,3,1,11,Medium,No Failure
89.96739114549534,34.4643912759903,0.3429725861572397,77.86792905318316,58.293351725611146,4132,1,3,1,Medium,Overheating
82.68370675526032,26.72163366733391,0.5201322893956707,30.30538572980732,66.80663778094382,8056,6,2,7,Low,No Failure
67.42696517163105,37.54522066966285,0.47345976973793646,60.3841610772631,80.54292886638564,3557,1,2,4,Medium,Overheating
69.92605345010732,30.565769434459753,0.46370143587326057,46.757428988236484,61.95514329784507,4680,8,1,6,Medium,No Failure
65.63386032148915,29.508271848671136,0.4076489084598566,73.98448893668132,66.07880256321869,2643,4,1,5,Medium,No Failure
53.3925042460078,32.13642668297976,0.5294019496163462,41.09509719112048,67.32866812968447,4280,2,1,8,Medium,No Failure
70.48565764090793,30.510913262988474,0.4589435838997732,50.49081881842416,66.24914067810552,4419,2,3,9,Medium,Leakage
70.57882198776255,34.17492821062668,0.46072419392808384,69.49583258585702,67.55201755843785,9782,5,1,1,Low,Overheating
70.8955374412386,30.46846769565611,0.5925268946623271,51.360928700673874,77.28384798681984,4958,8,1,2,High,No Failure
83.50460505280346,26.69892729521989,0.4078168210576018,29.06224860325188,76.7584207822404,1934,8,1,3,High,No Failure
72.28658461199107,36.1295876952095,0.6455054834788599,43.07153147393308,74.89217161905437,5224,8,2,8,Medium,No Failure
82.1084308093798,24.735997119144905,0.5324212738873908,59.55027470165302,73.174544696817,5044,6,4,8,Medium,Overheating
64.15492695750456,26.942672269588762,0.5563469562588861,30.5438457603728,71.21924889082372,587,8,2,13,Medium,No Failure
83.17488225579378,30.173230883034336,0.5351958963863541,72.50433088464834,64.1648973066483,3601,7,2,1,High,No Failure
76.06911833913709,20.175409510679877,0.68352174325312,48.069041060558064,71.89748440161391,8500,9,1,7,Medium,No Failure
83.54414733706464,35.934713159826714,0.6890613447760257,78.11736412716436,80.11639456463087,2001,4,1,5,Medium,No Failure
69.97043040326491,31.670633266770416,0.4782976715783845,48.50459579843246,76.55887758029814,53,7,1,8,Low,No Failure
73.87336392266828,33.12129493293956,0.4465727750537779,73.64763815078214,65.41409096937073,3024,2,1,11,Medium,No Failure
71.34206225594829,30.573725269396082,0.5068950162273739,47.63705720178878,74.59240754188747,6701,9,2,4,Medium,No Failure
76.04060153796306,25.919325110080152,0.48270836968504116,43.4079490859068,70.67130332028805,569,3,3,14,Medium,No Failure
69.78185390056721,29.51705223466709,0.45219601236134244,49.40254083549796,64.83599319110516,1253,1,2,8,High,No Failure
80.82685251388298,32.370536331287454,0.477129725128338,45.77080688537531,71.68072028360459,603,7,1,2,Medium,Overheating
61.809908618982064,30.62186470284208,0.4619138862265602,66.56245344250192,74.87862788893088,5596,2,2,3,Medium,No Failure
97.50457462979236,30.696675267592994,0.7267759098320828,35.24106472405442,67.42490813907622,8147,8,4,8,High,No Failure
82.41806843328129,28.140225707882106,0.5055880536246026,53.601075168629066,68.79386706705453,5885,2,2,13,Low,No Failure
101.28720055913823,32.042199677383486,0.2608153997481458,68.52622205666856,72.35507370722564,5117,2,0,10,High,No Failure
82.79744252244171,33.89566039911425,0.483404513635213,66.6721685439397,67.62929578997195,9077,1,2,9,Medium,Overheating
72.58871907328131,29.28800190123609,0.33731965155522836,28.26253625340788,69.4349522117072,7554,8,3,7,Medium,No Failure
82.88238341164191,24.51491078160002,0.6352331050878295,49.92167705408784,72.36648681718619,8434,6,2,7,High,No Failure
78.36161072708991,24.645988017610797,0.5120899463275586,56.99655383457302,74.9097215650693,6769,4,0,2,Medium,No Failure
71.17033366442531,35.12139455632328,0.582050827027633,39.10092042617185,71.55129023564581,9990,2,1,13,Medium,No Failure
80.41373675593655,36.2391179483702,0.5434507275956026,37.49252875893731,77.21276886006899,7454,1,1,14,Medium,No Failure
77.06992170356818,23.54985781827694,0.37020562704491733,34.94272868778036,64.39913215125729,9370,9,1,6,High,No Failure
80.19951929876919,25.838082663927356,0.6049312423728556,73.75435155814607,78.80944623491774,8297,5,0,10,Low,No Failure
61.58711189988651,32.36707038323219,0.6488906359771444,32.666721144262766,70.76313180120424,8332,2,3,7,Medium,Bearing Failure
94.5848421134872,37.453533413338825,0.39886939139239364,49.39703602126291,71.19824091255661,4190,2,1,11,High,Bearing Failure
72.5821959645904,32.07962676710394,0.34621645729581707,53.47963291889879,73.93412981391451,6496,5,0,5,Medium,Leakage
69.59514057005725,32.31120634377384,0.5475248827049228,41.28531564100629,79.16996328745789,2692,4,3,5,Medium,No Failure
64.90572402338736,29.161589468100765,0.5939351493541895,31.398045080538886,68.07273727082926,5531,4,1,5,Medium,No Failure
65.52433766067035,22.78307926075427,0.5935615698045444,27.121304076908448,78.30553191595386,6366,8,3,9,Medium,No Failure
74.02789120880885,34.96964068555854,0.5869912943602044,62.694257907989396,70.237184991154,3160,1,1,11,Low,Overheating
80.8796398399534,29.699845309177142,0.5323654603775602,33.90832044728458,68.42763679256593,6873,7,1,5,Medium,Bearing Failure
79.71932683146443,29.599338470820918,0.6654543928384091,25.799678654837443,68.89425755712054,9147,5,4,12,Medium,No Failure
84.06788201374934,24.96150882362315,0.5969914434066357,66.30018089205902,70.61142970264537,3118,3,0,7,Medium,Bearing Failure
75.92555616520394,39.74705271339478,0.41051133520974936,59.28053929630592,73.11907681617072,2110,8,1,1,Medium,Electrical Fault
62.35786008039952,27.59962521997238,0.560757397624082,67.07978415956276,66.74656344404428,2543,2,1,14,Medium,No Failure
81.83386363719461,26.4730182568776,0.4248926646435459,46.207387318354606,64.23916651749208,4936,9,2,3,Medium,No Failure
57.89749401394707,27.28843512454278,0.43878359437313325,74.68636268868539,65.28681740341497,4728,3,2,2,High,Electrical Fault
65.69892247181522,26.261364481136727,0.6050716865342982,60.99656729238169,73.33747062597409,6389,9,1,3,Low,No Failure
85.70130791751966,38.87450968208142,0.5374628453747351,60.45521361077327,70.8399082682487,1324,3,2,13,Medium,No Failure
67.81395612740023,23.11329462086254,0.613148859945112,36.00342916180773,73.13829059964186,6900,4,1,13,Medium,No Failure
70.93936028440702,31.16501554790887,0.5447993897466057,51.45378021051593,69.52819964321773,9556,4,6,1,Medium,No Failure
67.70865200573144,36.53823812169954,0.5409737957334174,74.49014005648542,69.06598196485581,1898,2,2,11,Low,No Failure
73.74357311032189,26.782816073416956,0.41027115254532676,61.95476010529654,74.50728426222047,7672,4,2,7,Low,Leakage
75.68994089951114,23.815948404222162,0.47751123286415587,64.02052801539824,64.81240421437964,4475,4,0,9,High,No Failure
72.07422923135218,37.28994192143879,0.5542700696558771,46.501342019072915,65.20380292574487,3232,3,1,2,Medium,Overheating
87.29186943548389,40.618404538953584,0.5162116011725679,37.35513024752718,71.80379262870409,5532,9,3,8,Low,No Failure
70.85151212799364,34.42592823123947,0.5133113844472185,26.36472460270417,65.93677177484935,9018,7,3,14,Medium,No Failure
75.31799330047542,22.52742437889027,0.6409037195346587,50.01516623982482,73.15281112784955,4446,8,2,13,High,Bearing Failure
64.56283710437883,22.932261670082,0.5482635719107669,30.936117337559757,70.31168025500554,2198,1,3,1,Low,No Failure
79.86508628712298,32.28949334857035,0.5360315193891724,44.70445358734085,79.86109159516658,7114,3,0,5,Medium,No Failure
59.312077628874334,28.534848909285884,0.4003913887726767,61.620147504604695,72.2147544989993,4127,6,2,2,Low,No Failure
80.75541416225813,34.33853463655166,0.43696009389321927,29.05505296665426,72.73165530616197,2406,5,2,2,Medium,No Failure
84.53038895478664,35.90945719369376,0.4809047366463088,61.87224978596583,69.51977837237749,9691,6,3,7,High,No Failure
68.12672075391765,38.30818750327134,0.6859319925537424,74.6512600406749,69.03661397646523,7935,7,0,11,High,No Failure
81.40985811712918,33.95914810703296,0.38127126617858553,76.20767191314197,70.07594532372823,3324,9,1,5,Medium,No Failure
67.18156251713368,27.8301588485001,0.3800205445524391,40.02142502818607,59.39558056515167,9904,5,1,10,Medium,No Failure
69.3191945591017,20.72341023392911,0.599941023670742,39.12703841531689,72.21254645773718,1816,6,2,6,Medium,Bearing Failure
77.8084735379774,34.82876913704465,0.6185561952034971,41.1265774208186,72.7901878613426,6957,9,3,6,Medium,No Failure
78.81724778986555,37.64276457103277,0.39990659710909404,73.51852571955104,74.9140326769706,3937,2,1,3,Medium,Leakage
68.222691259489,27.62028258606267,0.4207864118925426,51.173579803211084,78.24425943834547,8922,2,3,4,High,No Failure
94.46222875587131,39.013133408097424,0.3139115456106737,36.08233126958142,72.7229423706825,9958,3,2,11,Medium,No Failure
72.92624944103437,24.70176916956959,0.7282189980835274,39.95582242218936,65.9775576349673,5903,6,2,2,Low,Overheating
66.02603317935232,27.9983969085469,0.5848894821582257,54.89557441240813,73.69112930217868,3261,1,3,5,High,Leakage
61.85822732514545,30.15937412298721,0.4088584878324581,45.501875396279075,63.66752423927745,76,3,1,5,Medium,No Failure
58.49227879689366,26.70678674824768,0.4468181636098461,53.664628280427145,62.43296433144067,8903,3,4,10,High,Leakage
74.22293343014337,32.59878116085301,0.6798896446365201,73.61236331576046,71.43255711088418,9944,4,1,7,Medium,Bearing Failure
82.89057828720486,27.356054218294183,0.40604210347830855,27.143833791726962,71.55848896589332,8156,1,1,10,High,No Failure
82.5132247137725,32.85112996769256,0.43608763834584413,51.05124496806809,72.37805313938973,1739,1,0,9,Medium,Overheating
83.87577045780769,29.862805695623297,0.6073063928631512,32.29019954098845,70.36524384203001,1627,5,1,13,Medium,Leakage
59.16683374002167,25.44844299961524,0.34900610400401416,26.462032950179978,72.05550503011581,8772,5,2,14,Medium,No Failure
68.68269284097504,30.48194235966402,0.5849545658044601,39.40014613074936,66.69745156190002,127,5,3,2,Medium,Bearing Failure
80.94115851630038,25.435189533011243,0.7215951513717095,51.215589968550624,65.98808651365718,4435,2,1,5,High,No Failure
73.78015979221395,26.679046206578054,0.6325853307287369,62.01145007326147,77.02638127208378,5878,3,4,13,Medium,No Failure
55.22034424222973,22.022554362808645,0.5593765283709569,41.350134611334596,78.42488310279334,1081,5,1,3,High,No Failure
75.46948570945924,27.087798860477815,0.5641617295645783,21.397500883339326,71.24647070544923,5106,8,2,12,Medium,Overheating
71.4997141787794,37.924521982508026,0.49112285827518865,21.618819988864992,59.87013991777581,3922,3,2,8,High,No Failure
77.17002610388039,30.699276008821872,0.542621413499889,53.3313053485442,70.41897712705267,3089,9,4,5,Medium,No Failure
77.72415572874637,23.107185146261255,0.6163660278399614,73.5729675883118,69.53522503822121,2945,1,3,9,Medium,No Failure
68.59883787588478,31.199845667537378,0.6932954213787802,77.67115832268522,70.23176195076726,4187,1,1,2,Low,No Failure
89.84375807203543,37.08153474036932,0.4129033978343584,41.10893755730417,74.73996050827294,3903,2,5,11,High,Bearing Failure
76.60302094201381,25.621035718657637,0.4409371717722078,40.80409470690708,79.24361829604426,6493,9,1,5,High,No Failure
86.06561066753535,38.371483909399466,0.4102372277806935,23.448697674671436,68.74901141709098,3311,9,2,3,Medium,No Failure
71.90090004747697,30.461755615953304,0.6395463656633613,60.058905050852324,64.14515126611286,9612,8,5,4,High,No Failure
68.59885678673616,27.70896169942371,0.42843282669190696,73.23167123525562,72.06390247077776,8170,6,1,2,High,Overheating
86.39674545208811,28.698605417978815,0.36246213655785187,46.56372162591036,68.51852299054512,5639,6,3,3,High,No Failure
92.21778299841603,27.35142724426524,0.49551615422100026,51.01979219171623,60.732582582939095,2248,4,2,5,Low,No Failure
90.64923314856883,23.447543994022634,0.36639863804618633,77.68713898594078,76.15675757676807,1734,1,1,4,High,No Failure
68.31449524929073,31.624074058636452,0.41674020583990684,58.36961305829256,78.548517307913,3967,6,1,1,High,Leakage
89.5509827902274,33.318621058902856,0.3658797094839225,20.33672697601002,73.8374733616118,3103,2,2,2,Medium,No Failure
65.72493307102589,23.136171474269908,0.42732102336319405,45.272906608696246,72.4992391035584,6918,4,3,6,Medium,Leakage
67.9766724782056,31.335795266155976,0.4796172401739155,49.734900546502956,71.93059141282794,9209,3,2,5,High,No Failure
72.87215062368371,30.957874729000018,0.44455549053977994,43.5527870592555,66.69627198568729,3206,5,0,10,High,Overheating
75.07484820651102,28.37437831023286,0.5089944473810718,51.42709757617489,64.92296797288293,3428,2,1,12,Low,Electrical Fault
79.01282474636594,34.581002435620896,0.3699632431594413,44.0826091043889,69.8665106604165,2878,4,2,11,Medium,No Failure
79.48354518693905,42.20852907235961,0.5101250250518683,76.33317084760682,65.37189136141217,3235,9,3,1,Medium,No Failure
82.010737612739,31.044284700979766,0.42227007145198947,59.978384584578066,77.07985785073892,9012,8,1,8,Low,No Failure
78.45187934530064,36.222524560399634,0.7545595552328248,40.87454899020601,81.617694081497,5998,5,1,10,Medium,Overheating
69.20670762494841,29.249538815959518,0.6197311885093426,31.490821788417975,67.2831788574824,9388,8,1,8,Low,Leakage
62.31580726856322,33.90910871800581,0.6724636652843022,38.0059098799578,67.4167330296979,6835,4,1,2,Medium,Electrical Fault
74.15645145740397,22.917665281008297,0.5761854932680119,59.00284294114459,69.92270087944715,9322,2,1,2,Medium,No Failure
60.78698741364982,24.861962551559024,0.40122237992558046,69.28634337679213,63.27383162150856,168,5,1,14,Low,No Failure
79.37518593979904,29.638515550473258,0.49786562790234723,57.19104781929361,68.93107497154874,956,7,5,6,Low,Leakage
80.12948919313096,33.8856283553804,0.5289997140782334,60.578960313260424,64.03245228214541,7350,9,1,7,Medium,Bearing Failure
70.44536778626812,39.08556661644804,0.48173428723383177,77.44180554563529,63.91651378228202,4949,9,1,5,High,No Failure
79.02434690571862,21.983212889639603,0.43921423187093545,57.04805800890274,65.09016967697767,9821,4,1,5,Medium,No Failure
70.376093831942,22.833648602901345,0.3864217339044539,39.42668677528749,69.30127720681791,8850,4,0,8,High,No Failure
81.275657558772,27.21715719980442,0.590686056360478,24.660398052640694,71.11476921191756,508,4,2,11,Medium,Leakage
74.46815956957454,35.68067008365874,0.5430150030779537,52.34052355383753,75.23861681679693,7336,2,3,5,Medium,No Failure
67.26343698927707,36.29951851020026,0.5496385905484068,20.56433772275088,71.46786456860644,1895,1,3,2,Low,No Failure
71.04964105301639,27.511273674732333,0.593845622961511,66.58300335281729,77.56857571652654,8488,2,0,11,Low,No Failure
79.58429728904994,33.03905141836404,0.4500425870192599,71.15546127996174,71.20082612625073,3781,3,3,14,Medium,No Failure
75.18657289961978,32.33769844652463,0.4877572341840135,74.30559780129107,72.55050913622253,2252,4,2,8,Medium,No Failure
73.37146000387331,25.15175680195031,0.42382686991076346,49.07700624738845,67.37309430119122,8270,3,2,14,Medium,No Failure
74.22056570594123,42.234323483365046,0.5315533006941001,68.36002052272873,73.71578285758729,7927,8,3,14,Low,No Failure
69.90590462445955,30.80236227914966,0.34272165092595663,78.3933478078797,75.05235851569587,1216,7,2,6,High,No Failure
85.8416842351904,26.715486261363793,0.36243016651279547,45.60725822088018,68.3729047727285,2329,8,1,8,High,No Failure
89.14701676079575,32.541704664655654,0.45465667458826553,37.700519211488015,68.38623316924267,8030,4,2,10,Medium,No Failure
70.78089017931296,30.055970706637563,0.5389570353003227,70.19460977962501,66.15153785405191,1354,5,3,7,Medium,No Failure
70.68902406067646,24.482803189568067,0.4554012935707435,32.0534034634227,65.68484207903923,6677,3,4,1,Medium,Leakage
67.47242786128302,34.27050655134765,0.5470985773832031,42.67212575711804,62.24010251479284,732,3,0,8,Low,Bearing Failure
66.95359849171439,27.570287678600096,0.7050112269151279,79.4742733159861,74.45925718489403,4169,6,1,6,Medium,Overheating
76.48893942522722,30.23842420922005,0.4795833826040293,79.94036101391437,70.02856563304408,138,4,3,3,Low,No Failure
67.71764983351022,32.03740708436125,0.4230532246643865,45.898427236733255,69.49295952653522,5345,8,1,12,Medium,Bearing Failure
94.0506946224391,26.636063135413938,0.6609892567766741,43.786560294082626,72.62390702054621,496,8,4,12,Medium,No Failure
59.68333068883888,30.80618355449265,0.3979825712552371,27.35605784690987,66.5059354134078,1698,8,2,9,Medium,No Failure
82.49250308952284,28.484568151385094,0.4862622493050471,45.589476986308114,67.07624412363006,8751,9,2,8,Medium,Bearing Failure
85.74043200447468,24.735651277877267,0.3915140451470259,51.523957980187824,68.7036513643919,3992,2,1,4,Low,Leakage
88.33189201743689,34.31905588983693,0.6775601128938876,64.23322562684928,77.72394637913858,5495,6,2,10,Low,No Failure
90.8782425313535,34.724303376513895,0.36985590042675404,43.50118139377996,74.31664376268556,2850,6,2,14,High,No Failure
69.93580863038771,29.596759587052247,0.5927206682958938,34.21043378210855,79.05454500414139,1756,2,3,5,Low,No Failure
65.38694934035001,31.09466101712669,0.34244973198126294,67.34607257278505,70.07069973133021,2333,8,1,14,High,No Failure
60.83364715492955,28.53810236778196,0.569557673524917,50.775984258902795,74.17772187062556,5504,3,1,8,Medium,No Failure
58.1208694096736,28.21864848818415,0.4433729489148226,79.07682090745737,74.35889073719893,7759,2,2,9,High,No Failure
69.09919131895313,36.44949303812272,0.5624502371005724,51.9713933846976,66.65794807988019,5661,5,3,9,Medium,No Failure
84.20210967466954,16.36615662757057,0.5744192323266972,77.17194718075417,67.90377753942323,2639,4,3,6,High,Overheating
66.8565734844972,33.48868573440477,0.3473653452488562,62.64895101724918,68.13758126318315,7459,7,0,11,Medium,Bearing Failure
74.53263739420932,30.0115883242107,0.6274880072859235,68.17685278777927,71.8745995709602,2401,1,1,1,Low,No Failure
87.28356938570069,35.612450141418314,0.5317621985513961,57.211912817511205,68.86238127506732,8482,3,2,9,High,Leakage
72.73942239608033,26.135103735761728,0.5555272681479899,65.14471898793047,72.2264584615669,5243,7,0,13,High,No Failure
63.29148317643611,29.551499761463823,0.636762267566784,47.81836579854962,65.94837920803987,6323,6,1,5,Low,Overheating
72.2001140879684,29.804919930597883,0.4204956618296852,23.72338200325916,63.102129461765024,134,2,3,10,Medium,Bearing Failure
82.90340050950681,32.98968605528263,0.5596772901802756,56.2461402115195,70.4802090653865,4980,4,3,8,Medium,Leakage
97.16409324282553,28.36744250074997,0.5509186696795818,34.29212604027557,70.6111573483674,5107,5,3,12,Low,Bearing Failure
74.67044807986277,26.881255487754117,0.5182988820206009,68.56741663666244,72.65417264861411,2263,9,1,5,High,Bearing Failure
68.34593982455604,33.08433266095359,0.3991965236443704,36.21536660171955,69.39406747820361,9616,1,3,14,High,No Failure
64.44086426290427,29.939414341439935,0.4643327721559012,53.13239800872614,72.56598883085003,2526,8,0,5,Medium,No Failure
80.28231738995524,27.524870172912564,0.4565024588098047,36.32292655172716,67.22007413088195,552,7,2,3,Medium,Leakage
75.3577716867761,31.97893422087231,0.2520750640331887,76.44110833466658,71.52250250316176,6815,9,3,10,Medium,No Failure
85.5652247138978,31.224423424151933,0.46087081698900295,50.19941441348918,74.88441936107989,9532,5,2,5,Medium,No Failure
93.61933741221958,22.927929346026332,0.4368070256784897,60.649506283939026,69.49256871671703,7667,4,1,9,Medium,Overheating
83.22137351005985,36.15048146369871,0.5442452643475761,44.999950418145424,72.4037916798338,9239,9,4,13,Low,No Failure
61.607169137770455,27.950587355442064,0.5785492594883852,65.21321746735701,66.42780990706609,4892,3,2,12,Low,No Failure
60.42865705404771,24.565258673134093,0.48869354974181745,64.51689640660743,69.7574716271483,7174,4,0,13,Medium,No Failure
74.50563523930158,30.33849273224265,0.5513182160153034,20.1469516049032,68.68118833403545,6020,8,6,14,Medium,No Failure
63.27604884925048,32.59652562922294,0.6943235606794619,45.61296065697837,67.38870493561396,8995,7,3,12,Medium,No Failure
75.37837736205474,26.51653000615716,0.5579033908260068,71.77274588842283,63.18460517763698,4583,3,1,7,Medium,Electrical Fault
70.74074012916563,20.333353349835065,0.46456136099498835,42.61311832959587,79.05047324481131,3398,7,1,14,Medium,No Failure
69.47250164546898,24.73047470880663,0.5087051333223188,59.90302178413163,73.12238924034396,1906,1,0,5,Medium,No Failure
67.68224812068966,29.91132111735442,0.2512005119173544,23.14344167152678,75.76426982549047,7930,2,2,1,High,Bearing Failure
76.84491210130956,23.15439363103109,0.49106361247077146,62.19064879987232,67.56959198266823,2181,5,1,8,Medium,Overheating
71.49616075700759,31.03951875130076,0.648681277199117,47.68692681351524,73.61882069187317,8215,4,2,10,High,Bearing Failure
90.87774996299586,31.177268172774614,0.43793455704159434,23.606417525983375,68.01762625289626,9801,1,3,8,Medium,Leakage
69.21110810754753,30.801409524224372,0.34796532545729053,69.28792424623632,71.37603042550354,3731,4,4,13,Low,No Failure
62.309877874567015,26.254038693688685,0.437418264499038,77.95086083543802,67.70944271877252,9407,6,1,2,Low,Overheating
82.10203925867076,20.37094584440412,0.4800642308400513,66.82516507735849,73.95281044806605,5191,8,3,8,High,Bearing Failure
89.38060317117983,27.117726795082916,0.5739361153044992,33.084519975007524,70.93841290911628,7225,4,2,1,Low,No Failure
101.2977907542234,28.404255044609016,0.4690878101011613,71.48955143906912,66.07449434829434,9155,9,1,6,Medium,No Failure
73.57758168823901,35.33946543495306,0.5948528304999261,35.73972030134607,71.58949179021866,5046,6,2,6,High,No Failure
87.66862029366447,28.07946411816521,0.45176009026802455,72.9735174256175,70.26148387189056,4168,4,1,9,Medium,Electrical Fault
65.70894537723632,41.06830702363101,0.5264607973884861,60.57335716214493,78.13258263584933,9859,4,1,11,Low,Leakage
86.07325863566935,34.692411476830536,0.49932311165614096,73.54569391975573,62.70167594300012,6890,9,4,10,Low,Bearing Failure
76.15935741069555,17.594941090370593,0.5621438147719021,75.28407910650981,77.17577934895705,3815,2,3,9,High,Electrical Fault
58.93727850067949,23.9751994011755,0.488037475536949,43.1259304351323,67.8303269932172,8516,4,4,8,Medium,Leakage
76.20458911715862,28.540014581370297,0.5165185485299496,47.62028819642002,68.36705419393286,5547,8,2,2,Medium,Leakage
80.05131095433336,32.83715811517251,0.5311853430493451,20.571958476299884,69.06637348536421,2268,6,1,1,High,Bearing Failure
67.81819259811557,36.86537382129972,0.6894790522053563,51.491915302571016,67.9082257946785,9561,7,3,3,Medium,No Failure
67.43665168390605,29.963043496272878,0.4684175976052508,73.90372750492432,76.71435778074745,4049,4,0,14,Medium,No Failure
55.76772810545525,27.90906367300299,0.5359366583543529,52.610301793715074,69.9164659801815,7369,5,3,6,Low,No Failure
63.38212970432876,35.61999000310476,0.659750413470199,66.16997841093948,73.57306157882715,3734,1,3,5,Medium,Overheating
70.0356039663857,27.456429341141824,0.44419803155960547,28.785308699314378,71.41242646240939,4375,3,4,12,Low,Bearing Failure
75.78433187238684,30.051361873026302,0.3989187305692394,38.73669857058994,71.53231954888903,9724,8,1,3,Medium,Bearing Failure
81.2167580459909,28.16483373648452,0.38596983787858596,69.61718140995491,72.64614534870007,3205,1,1,6,Low,Bearing Failure
63.02078981718064,21.234674349287793,0.49516850389521205,44.53844787995425,83.30715023501823,3450,7,2,4,Medium,Overheating
77.57126993932248,33.0632944732022,0.5629959733168228,37.07583847615438,65.20488684443784,2559,1,1,11,Medium,No Failure
68.24437600336972,35.580455855983026,0.4972761717033631,40.65196651840737,72.15932746676688,5893,6,1,4,Medium,Leakage
74.6912670452497,22.12206558409579,0.4291771846122636,50.6039922718157,71.63001577815781,1687,9,1,10,Medium,No Failure
58.615405080898064,25.867214320495986,0.5231008988143213,25.37745314089441,62.573876121256006,2556,1,0,4,Medium,Overheating
63.889392696339016,25.13770461240664,0.5804514457479216,74.17388339072555,77.78878322459383,2699,8,1,7,Medium,Overheating
93.42045627928557,31.679842108626087,0.3648864106724223,71.24959211061443,68.83088823694347,8012,5,1,1,Medium,No Failure
59.64816428201884,30.466449205104308,0.4729912650121866,46.71174202999457,65.49161092923067,8213,3,2,13,Medium,No Failure
91.24758369472124,29.054224216012706,0.541076729462065,31.93346728108871,75.86130274056072,5203,1,0,12,Medium,No Failure
89.52243939170546,32.90915492434197,0.5115496578352354,52.31514602039677,65.83914548341096,7703,4,2,4,Medium,No Failure
90.21302560611413,32.83829527248574,0.5346646724300306,32.30690274480317,68.49660078113506,741,5,0,4,Medium,No Failure
57.750474716487616,28.595619669510228,0.5027681864304379,55.33853631622044,68.08047070349457,6312,4,2,14,Low,No Failure
63.06254949047982,28.420063528868937,0.3610533209622129,20.488009445373795,63.29628965848195,3217,7,5,11,Medium,No Failure
80.85133046618816,33.80428965004438,0.5298800949600002,26.2376128910324,67.78942052517606,3093,9,3,7,Medium,No Failure
82.22556882006265,32.20733535645466,0.33086462260756233,21.34552884638506,65.35005699312663,8026,1,4,7,Medium,No Failure
73.66718162274718,26.549375104274848,0.5122899288470303,60.81019400019817,79.8874711269282,4156,1,2,5,Medium,No Failure
87.61016129893414,37.115801704205495,0.48813162066139354,62.57049364880247,63.75722387730524,1449,6,3,7,Low,No Failure
71.54749936528258,27.464525680390732,0.5591064614810475,64.24941702276982,59.99397078198434,9748,8,0,9,Low,No Failure
77.88053402942332,31.081440680727056,0.6650544660348469,68.12972924618236,73.52125483589965,9090,6,3,1,High,No Failure
70.2734378697008,20.116800262763164,0.5796525538109345,29.824015138846168,78.22755018980881,9123,2,3,5,High,No Failure
84.41815547181253,31.969423465387916,0.5571409953036447,52.19416248856819,64.64639495470695,7253,2,4,5,Low,No Failure
62.91057057934472,41.081816530082165,0.6695815942866745,35.44849627452177,63.30057339597286,2498,2,2,14,Medium,No Failure
85.31397702003424,26.284888036621002,0.48869172298103253,28.453432097527156,70.50230208220869,6728,3,2,12,High,No Failure
78.75134963835588,27.6420957902736,0.2858264413772147,38.499463026794004,65.46884060640207,3412,6,0,5,Low,No Failure
60.31661513950492,34.8168643796066,0.45869016392774675,54.69373899239514,73.0472841524623,4954,7,3,11,Medium,No Failure
59.80271215698853,36.379106682967674,0.4318264008781893,60.70060553789924,74.01335531857302,8267,4,0,12,High,Leakage
78.00244350947546,34.22341334048472,0.4921996851555284,28.483199258265312,66.2576689427521,851,4,0,9,Medium,Electrical Fault
76.55727048184394,23.30399879030202,0.44016499878948884,30.93588025082639,66.8271966084199,4600,5,1,11,High,No Failure
81.10041414054145,36.840973046980814,0.5038497167978934,28.372372656047265,63.17264891215748,3904,4,3,9,High,No Failure
67.30949782270692,28.648439247272915,0.5448933448953731,42.531948250463174,73.50567284123707,6983,4,3,2,Medium,No Failure
65.6823784748257,28.036811723810022,0.45917273205717424,33.50966490968653,74.22571574146454,3051,3,2,7,Medium,No Failure
77.39588075430481,29.057621786006315,0.3142008578468498,49.123564511224004,69.22945668733473,2266,7,2,1,Medium,No Failure
82.04538081914117,31.640733405298676,0.4240745806984667,31.012146228708875,72.91739479807664,7076,8,1,2,Medium,No Failure
73.00794057082857,31.03107972583685,0.6154819318521667,49.27612570543434,73.24537001158748,5345,4,3,1,Medium,No Failure
73.65296726023482,30.262739252675964,0.4420982677856071,76.73461067561236,63.45027549704129,5022,7,6,6,Medium,Overheating
69.25290685776241,20.63923835065446,0.6220040455567427,32.94012208631331,61.22915202614248,1863,1,1,14,Low,Leakage
65.82118711191,22.501762439193623,0.44299851441705,46.80004671513869,75.20223172503326,1694,2,2,13,Medium,No Failure
93.72725557590977,35.1521305891517,0.68410831604598,64.10005817017692,69.5184909616817,8794,9,3,10,Medium,No Failure
76.61547061040933,28.88715312290962,0.5826691354612114,31.1408055600456,70.39482136467532,8767,5,3,5,Medium,Overheating
57.98954926767533,29.001863764502506,0.6811886594566428,43.194437510872646,60.718522173008736,3500,8,1,6,Low,No Failure
68.83480723405756,31.66658110525133,0.6600227590705386,63.93857963837565,71.92363108020233,4303,5,0,9,Medium,No Failure
66.73452299826162,33.2778736781473,0.4750984443012616,29.412566815639327,68.1435395053475,4637,1,1,5,High,Bearing Failure
66.84654482495033,32.42803429820914,0.5400501617912404,53.88225157531213,68.77595523180742,8136,7,0,3,Medium,No Failure
88.08222071515283,25.014296509101705,0.6468369942226049,61.922564685807835,75.55495493247669,742,5,0,7,High,No Failure
81.01879748904832,36.35709246963346,0.5107904421026478,56.78593873344683,66.23858710356993,5130,8,4,11,Medium,No Failure
67.74584414913946,28.41777412568285,0.44057687434536363,40.79134006088293,71.49074998646736,6564,1,3,5,High,No Failure
89.85061836167803,23.443661195626717,0.46880652105579956,61.47729551289081,73.04451014760994,2816,9,4,1,Medium,Electrical Fault
78.32859983308562,26.535700104503157,0.5717610075290305,72.837629643372,71.91947895147564,1933,4,2,14,Medium,No Failure
79.13368924108227,27.18435430789276,0.4826137602435103,58.743054870008194,70.35369192729902,5809,3,1,1,Low,No Failure
91.00111698778004,31.460056051924713,0.6086969666728325,53.130100879218396,69.84236200984745,6956,3,0,9,Low,No Failure
55.09402464037774,31.085848260727442,0.4715856348203328,60.66245211741214,67.14242849762475,61,5,1,14,Medium,Leakage
59.6331705988847,34.36471398120391,0.4323876328287155,24.818936228174962,68.80617687680957,7707,5,1,12,Medium,Bearing Failure
74.05451036747783,37.57927114176688,0.6239403325401784,39.388977267437205,72.77073152785621,1629,5,3,13,Low,No Failure
72.08271716817539,29.637965272938654,0.43162442572040044,51.17399184035087,65.06053668795104,4876,7,1,9,Medium,No Failure
68.28166741271262,33.435448766529866,0.5748929022798854,49.32604250252024,71.74445314039518,7040,8,4,13,High,Bearing Failure
77.50871957596124,27.12464871748073,0.46958604910166823,22.13491359914552,65.49434332249983,2779,3,1,9,Low,No Failure
82.55362552964645,26.31110017104121,0.346855543517689,41.25153802226009,64.45151025757553,270,3,2,7,Low,No Failure
64.96758838013628,27.97370949349057,0.6830497692483528,35.421867649647524,70.63132282803595,708,8,2,14,Low,No Failure
75.72679758950227,32.57234896277411,0.6025101396510528,71.33403817570638,74.39706635955736,4998,3,5,9,Medium,No Failure
70.28653524359927,33.981133608103555,0.44804514213077745,37.88989643485169,68.56908062614579,9083,3,0,8,Medium,No Failure
69.13069042601096,29.923933367114973,0.5475205520484095,72.77570783214077,66.4633262799859,4978,2,2,1,Medium,No Failure
95.81103731918859,30.74161418033291,0.6909201041044255,62.84670307950847,67.44597641608091,589,1,4,5,High,Bearing Failure
70.26423564445844,29.564788756474343,0.4082842544916629,25.196243433875644,69.98994829404643,9411,9,1,3,Medium,Bearing Failure
71.19250173935701,24.728781536724984,0.5971161319424283,63.3137876646903,72.8379803668064,2320,8,1,14,Low,No Failure
62.262628732175074,18.70270916998244,0.6134035180371727,74.94090416579618,70.29808018988068,9668,8,3,5,High,Leakage
86.60485443593826,30.959875680071896,0.49240257591100445,31.59303434888418,61.84083552883534,6983,3,0,2,High,Leakage
69.0142268218165,26.238455782914002,0.454628364694872,59.74030595152539,67.49714854391654,3522,7,3,11,Low,No Failure
79.0809323150549,33.02883674112436,0.6391128488078518,56.039405852944455,66.22260679748965,3444,8,2,1,Medium,No Failure
67.95951931721697,29.585490359661737,0.5520114035788576,69.63906502943084,65.02417857264463,9003,5,2,6,Medium,No Failure
80.90912968673874,33.87203178002826,0.5787395223700286,63.17307823973496,78.58833074280949,4695,1,0,5,Medium,No Failure
78.42171825063757,37.51888584814503,0.548075671981592,63.73036123687016,67.23167837965894,678,8,2,14,Medium,Overheating
74.75168751881215,23.36724790271939,0.2616204879297361,52.23799290720331,72.31025304920422,9021,4,2,1,High,No Failure
78.4981158019555,32.38362815394264,0.39552116772577117,53.30316161689382,67.71321103246292,663,6,2,1,Low,No Failure
86.10241515173206,35.06034159273671,0.5470504621795866,52.50126259655868,67.70377230942567,7391,4,3,4,Low,No Failure
77.10325299418156,29.600781893584667,0.44893239124593054,54.06913800819386,68.90887397729449,2116,9,0,6,High,No Failure
65.09943108084474,34.4589481607767,0.38758992250822494,54.16866671031502,71.42811398014543,5824,9,1,12,Medium,No Failure
86.09486386485621,24.77518395940336,0.5845400388196674,36.9518401170165,72.10841398012914,6612,9,0,12,Medium,Bearing Failure
83.8218268122348,29.10401514157528,0.5791971440068197,70.17571617982313,69.45612717423084,2717,5,1,12,High,No Failure
73.03825010573843,37.18682755130083,0.6092864095450203,52.75471007151181,73.38960437351673,5333,5,2,9,Medium,No Failure
65.44933152754295,38.595654925959316,0.48716030586714226,23.01818379844651,68.45869628291797,1955,2,1,4,Low,No Failure
73.6560024587424,30.953389567923317,0.4859311323250015,52.46913241131719,68.42065995427068,4590,4,3,5,Medium,No Failure
86.16264623220682,29.88862092961129,0.48637255506090077,70.83938052957829,63.666156159088395,7027,7,2,1,High,No Failure
84.05139712266353,31.306175079055755,0.5619043059228527,29.342752877527925,67.66286731683564,4787,2,2,11,Medium,No Failure
65.140214008508,33.75035133579587,0.6837768764527663,31.855171178142356,67.31393020874008,6820,3,3,7,Medium,No Failure
77.56632113206487,34.708841980435245,0.297326566598908,70.72362664527094,74.64410334332456,9337,5,1,8,High,No Failure
84.90629416609339,37.64616806313212,0.7013207643288599,52.39325386050014,67.80525834258448,8328,3,3,7,High,No Failure
83.54961705044958,30.308981827236025,0.3688345649599366,52.025504415625925,74.84727248460806,673,4,2,10,Medium,No Failure
85.83053037406222,29.537074892069302,0.4026915250031405,30.30853099826909,63.13184324233427,1106,7,4,5,Medium,No Failure
77.27398812718641,37.211076794992486,0.5552209215174098,63.40614163314981,61.604760352572654,6328,9,1,14,Low,No Failure
74.49928050591026,31.10373348971844,0.5859900491567701,34.27127697825243,60.32761488456263,9419,8,4,7,High,No Failure
66.33158721920071,37.295893101720466,0.35186205028482326,78.17042397373235,70.31724174747859,4042,1,4,13,Medium,No Failure
66.1823030496648,23.227296924478996,0.4795075061803694,59.50780818181657,73.07166373165252,6985,6,0,12,Medium,No Failure
94.29651045549004,31.212666500078456,0.5432493168235193,44.81050962059521,71.90878358283477,4118,1,4,10,Medium,No Failure
90.30081340044592,29.19387696635329,0.4687880755629115,33.41503283340225,65.03600395592709,9771,7,2,12,Medium,No Failure
75.58737157514241,25.712973772222462,0.583707497889504,28.11122261438011,69.37766167136537,1847,4,2,12,Medium,Bearing Failure
72.21947899125239,33.105905633245044,0.2413746190260046,46.65548532046314,74.85438428221121,9320,1,4,14,High,No Failure
73.21598653318864,26.431794633786836,0.37925769507447554,45.018733059695165,70.09853632757553,808,4,2,8,Medium,No Failure
72.33272287260988,31.20406283012355,0.5492223898001685,43.63630969957712,69.11779970252111,6868,2,1,8,High,No Failure
85.91064657767612,29.797232274782285,0.50424908858281,39.652263587525375,78.70024351215775,5233,4,2,14,Low,No Failure
58.667529740559914,33.630386540309075,0.5758140155219222,24.509006419018046,72.47310613595576,9358,7,0,9,Medium,No Failure
53.44433429861937,35.16532778177634,0.3386954437254579,66.69626436981108,66.89141479584143,1804,1,2,6,Medium,No Failure
60.50374839644715,35.03110702856967,0.5898551696634072,29.38032372793501,72.69709528305154,6038,4,1,11,Low,Leakage
79.5210109948392,30.245378049144687,0.44544074655041005,36.44455463143291,66.0582843148336,2816,1,2,13,High,No Failure
86.49977486957297,26.476737520629325,0.4584093392493826,21.566333272818337,69.09284899676348,8678,8,2,5,Low,No Failure
74.98824687284994,23.587421979488056,0.6290013471735395,61.46842666168294,69.12756992902405,1061,4,2,1,Medium,No Failure
70.59946649949183,23.75523220174608,0.5839521484016718,45.16350926935648,72.13656345364495,5435,3,7,6,High,No Failure
68.72690389814376,29.40163505313834,0.33980978173225596,48.771870136785935,66.77732122709926,23,1,1,5,Low,No Failure
75.54168858987414,22.94752849283683,0.47508878832443924,68.23200749248777,67.41816323339917,5757,4,2,14,High,No Failure
103.94298726611754,28.430114684325723,0.2993576239157776,58.549322639914074,70.52690924344542,3267,9,0,4,High,No Failure
67.64193471130538,37.49673302343238,0.5281745476797611,20.377761583033703,72.68326170278962,2834,1,1,5,High,Leakage
75.99658452724087,30.500694066150327,0.5796300038489979,41.97114085734043,71.14439574520799,4062,6,2,11,Medium,No Failure
57.24730331376494,30.127915420791478,0.445040402140504,29.440785091242482,66.93714725623434,2798,8,1,2,Medium,No Failure
81.60965820134417,29.21948327941486,0.5423488356109237,39.83659534009314,65.68015299399404,4067,7,1,2,Low,No Failure
53.83900558471792,32.70970312422526,0.6563740428617978,78.12726588671944,62.925604687909996,6426,8,7,2,Medium,No Failure
74.57134708729458,31.539145353421542,0.47447928689230306,77.20839306886617,64.75769376666364,503,9,1,11,Low,No Failure
81.80059577303552,27.87937165161255,0.36785634248884114,67.41470129888282,73.74598053449931,321,3,2,8,Low,Leakage
71.83018896680146,25.654951603130836,0.4779705278546439,77.05360954715206,71.27159204873941,623,6,0,10,Medium,No Failure
74.63678259887627,28.422024220745367,0.6052572540043075,26.8020851038377,68.34130095784998,7293,4,0,2,Medium,No Failure
74.20434076357952,25.206660628572344,0.42359499203574236,73.78736577075482,66.8219751400632,3947,2,5,14,High,No Failure
78.2838868409044,36.720466951677516,0.5842899243642286,20.105724476929904,61.8180135829669,449,9,2,4,Low,No Failure
70.71265966922047,35.77624191534674,0.28734747648584913,42.603166047947894,70.86549585726374,3594,3,1,1,Medium,Electrical Fault
59.14486463978814,35.2066622383179,0.6334005842218442,73.66238868566946,73.55631146941055,7115,5,1,5,High,Overheating
62.80549724087942,33.00111997993616,0.45460697389632676,30.08001156906127,65.25349917526471,5000,5,1,9,Medium,Leakage
63.64846677370731,29.031322881325092,0.33979743874851576,57.1679942548085,68.51088514303163,8840,3,4,9,High,Bearing Failure
60.530099277856166,29.487050174496375,0.6000396429216166,69.70648861940504,66.5591295524301,1037,6,7,14,Medium,No Failure
68.6440014287346,28.897450268799137,0.4259577790187775,50.121735280860825,68.66263438250921,698,3,2,13,Low,No Failure
75.31708916118258,32.62481342774486,0.5542772966688584,38.4384360208074,65.64295777722452,4940,4,0,1,High,Bearing Failure
75.29109144114187,29.806213000486764,0.3026390260212489,40.142441332801845,72.06318542369038,7263,8,3,5,Low,No Failure
69.33011218325002,29.88441963547445,0.5638769891894572,66.6909852400814,72.87221099422375,4288,6,2,8,High,No Failure
74.32352262554751,27.838509478362973,0.44784796692029843,35.443272480134674,70.82929271470063,2664,4,4,1,High,No Failure
73.76865270507166,28.001107430376713,0.43658311394270183,52.56560431117686,71.81884183433613,8494,2,4,10,Medium,No Failure
70.90578555112816,27.810901985609174,0.5262647812447536,67.33418718523366,63.54079770526901,7150,2,3,4,Medium,No Failure
59.03488616188838,25.712676530990315,0.6881561922407471,66.05000416611466,71.8225875157445,4335,7,1,12,Medium,No Failure
78.09076813856443,30.293565218625083,0.38313183810601115,29.568987757068292,79.5414122761423,6798,9,4,9,Medium,Bearing Failure
71.1790751992371,25.165840730222236,0.5257230975731897,34.96308224001002,63.35779304918564,8332,5,5,9,Medium,No Failure
74.5095963368117,30.135222690485985,0.4209303376778724,39.15165132299401,64.85084067848842,7803,3,3,10,Low,No Failure
87.2647473488057,22.208317822040826,0.5625164851934187,25.66941686789629,76.77105111839217,7399,1,4,7,Medium,Bearing Failure
83.93520913008557,29.316321845851625,0.4683732183503793,42.017556989168575,62.53159034880742,9974,7,0,14,High,No Failure
81.6584772005549,40.19107958056092,0.5923852154198728,37.74212621865075,69.04369672679785,7689,4,2,5,Medium,Overheating
66.11936472290334,32.140161403260265,0.6652065907981181,26.28676202396607,72.92195542737345,7365,7,4,4,Medium,No Failure
87.5014105654874,40.63643274014746,0.5569389320218553,50.26812287775961,69.35871056986782,3805,5,2,10,High,No Failure
74.5520901999603,24.01256628056023,0.5167999235954327,59.723688272276625,66.91405130155715,332,2,1,1,High,No Failure
66.96647993898827,26.32700325270689,0.5301896042994041,29.671335862266233,63.63322366815291,1900,3,1,2,High,No Failure
67.35347377365275,32.934980718021215,0.5660823157757283,65.69210858988897,72.41419701661238,5706,5,1,9,High,No Failure
75.0553400764398,44.523123403095916,0.40699221344420533,73.75346715499973,71.67913496400324,5971,6,0,5,Medium,No Failure
88.90639782105859,22.013400794601317,0.5719612780602314,47.06233583544562,72.00231682059659,101,6,3,8,Low,No Failure
64.74961614469727,26.766993899659845,0.641200803779913,36.229944739323344,66.99113239859484,5193,4,3,1,Medium,No Failure
82.28167713550035,33.478567125041984,0.27621038788983465,35.077193099244745,68.19447600528207,114,7,1,8,High,No Failure
53.35667851784801,30.798561943926895,0.4881085503888767,48.165497391857464,62.06221070044546,7358,6,2,8,Medium,No Failure
81.5546142017112,30.441758070848767,0.574203046187761,74.39250221254557,71.33786500444965,8611,2,1,6,Medium,Electrical Fault
78.10281853529561,29.956830421835623,0.4737701365133361,48.78483165912155,73.99947138501766,7434,4,2,3,High,No Failure
62.19673696563244,30.986886976212705,0.5946112473475683,75.71333852024603,68.28415946379809,4585,5,3,3,High,No Failure
78.60173628795388,24.95529520015704,0.5069945788285378,74.06007617248514,62.51532065351213,3571,6,7,11,Low,No Failure
79.11005311446937,30.318755078418146,0.5131382892921623,52.21457358731558,87.15240512167448,8705,3,3,14,High,No Failure
73.3298834866632,29.169466616350412,0.415106751201963,48.79470979979013,66.02743446794376,6405,9,2,13,Low,Bearing Failure
75.61451413375698,34.97475952264745,0.6153487655893154,68.06837456974803,74.66705036710077,8478,2,2,5,Medium,No Failure
63.18828777247367,28.39723245343675,0.2789355049512301,78.14951664810862,74.909072228024,9798,5,2,6,Medium,Leakage
89.9569711816747,30.11788934868507,0.32059290272476193,33.12588893502988,67.391752735891,4473,7,3,6,High,Leakage
83.98652214813842,32.70452751837849,0.34795116933075776,36.19345872426872,59.19058158795007,4454,3,3,3,Medium,No Failure
85.35040786543075,32.22475778552788,0.49272066504544554,33.218499716468195,71.06359683383843,5236,9,4,1,High,Overheating
72.3470359118581,32.82696525603677,0.6009258720627663,41.074913645655336,65.11948600328492,1271,3,2,6,Low,No Failure
58.99847258513249,33.75468353405401,0.3213079069385082,21.286795448224602,65.05891977089942,8396,6,2,10,Medium,No Failure
97.34525271369702,35.732353601737984,0.5789199742370078,53.24366069507628,78.70130135101722,2967,4,2,9,Low,Electrical Fault
80.12978993232795,40.91789362520543,0.47363530744161525,77.86689700226182,72.30204850120157,9227,8,2,4,Low,No Failure
74.76904798730199,25.64161284726739,0.5602336377354341,79.88282244652204,63.62286189497448,163,7,3,12,Medium,No Failure
66.66420306416212,24.763328467935835,0.6371374621387063,40.04955556898646,69.38195280204475,4619,7,0,13,Medium,No Failure
62.0322049075007,34.829488586668624,0.4962920891839748,58.90101794054162,64.1880780772077,2910,9,1,4,Low,No Failure
79.31024377445335,34.633313972912426,0.5130058957814734,40.367287356622434,73.79381845573477,6995,7,1,11,Medium,No Failure
76.57859739787558,24.1916566256751,0.571126797434332,43.02721982159716,70.10284770948219,7260,9,1,12,Medium,Overheating
54.37482596085992,39.08304912100146,0.4586573398597786,63.29568369467962,69.86231076428723,1496,5,1,1,Medium,Bearing Failure
57.84167883881666,27.756200978788442,0.590429950698599,74.32156008024108,76.63640103596028,3996,9,0,6,Low,No Failure
80.44651745467985,32.918972622295506,0.6587428610803275,22.925962974422447,70.88191866886255,9994,9,2,9,Medium,Leakage
74.47579860770324,26.182025682226943,0.4318978411022376,70.15124170540045,70.09280167135059,9680,8,1,3,Low,Bearing Failure
74.20711211722359,29.82473687655708,0.5040691160299026,70.89639849104745,68.93768776101474,7689,9,4,1,Medium,No Failure
86.34113530992623,31.270542722831003,0.5134950137268568,64.46309657762767,62.80397801091985,2157,8,4,9,High,No Failure
75.05209616445018,42.99133644855235,0.35396949341875217,53.183967895799476,72.38661820137213,5575,6,1,5,Medium,No Failure
77.99685938972506,29.311472991385696,0.4964783997007528,38.704358598113835,65.07704981292314,2638,2,3,8,Medium,Leakage
75.05344761215291,26.03162209238625,0.6009859473610143,60.90227114827804,73.32436305727069,1799,9,2,7,Medium,No Failure
78.46641761529467,24.843973519175698,0.4750758570336862,56.918440225762744,74.34662789829261,7187,6,0,7,Low,Overheating
72.25738600753276,29.5182071932319,0.6083299036899289,45.80995933369064,72.56365694185742,7250,4,0,2,Medium,No Failure
78.8146895129703,36.970266876100474,0.5186970081336337,56.89211009629482,61.726637706658515,3972,6,1,5,Low,Bearing Failure
93.54869908375181,25.44474859345058,0.5614002469241351,34.45486244258221,74.88342806965238,4417,8,2,11,Low,Bearing Failure
97.03607960200358,38.9239429746775,0.5706354735534406,31.53262202813871,69.12819157716034,127,6,2,10,Medium,No Failure
67.7498598713192,32.54634843192966,0.32696005946342754,27.396509754562892,78.14324748726645,1499,9,1,2,High,No Failure
79.24699645503617,26.900093289435475,0.6081190423840825,45.65957296421395,74.74763244861151,6754,8,3,1,Medium,No Failure
68.97609627774858,25.783653175742643,0.4908194723460516,48.675466161599246,69.4625321795689,766,2,1,7,Medium,No Failure
56.9066581402174,36.57387812677011,0.4021613078309667,50.15732596286409,70.01601776657684,4993,2,3,10,Low,Overheating
68.68761138891033,28.47736569403183,0.5578446354225579,27.19038061788495,69.17652683299076,3956,8,1,5,Medium,No Failure
79.86119314516115,34.95386768748668,0.25280357395284747,36.07140322791538,67.61022776133827,9144,8,2,14,High,Overheating
74.49475005193743,23.834798727259248,0.34611372050276223,69.96193212130777,77.87756711878032,7751,4,1,11,Medium,Bearing Failure
73.09650240632513,35.904904364223356,0.5646853803641917,78.74462420345559,71.1001985495009,7756,4,0,1,Low,No Failure
74.92537875073346,30.9408735394186,0.40366041320140833,45.25720450814306,69.17354537277562,3344,8,2,6,Medium,Bearing Failure
85.65758046610856,34.18078177471907,0.4892501292458842,24.836115049867402,65.82480668629927,4897,6,1,7,Low,Overheating
56.53603902570579,28.49252820182483,0.3816329074826962,31.141172992716662,80.0815578890934,5090,8,1,7,Medium,No Failure
88.01295736960233,37.21789789421826,0.3767530976498884,48.4397227818591,72.7336073257794,3329,4,1,3,Medium,No Failure
59.163428998587555,30.03267120693805,0.3348785884339792,53.226050816228025,67.46527885975347,5042,3,2,11,Medium,No Failure
83.58277220973333,32.67862320452536,0.5317958086332732,74.67890643498372,65.95884892158523,2673,9,0,12,Medium,No Failure
73.18710630328356,26.08787316695887,0.6046361074922492,41.99471959828657,69.01449922991982,8550,3,2,13,Medium,No Failure
78.50329067868036,29.312713782605417,0.43092117052826756,23.104797026485162,72.997628282936,6087,2,4,9,High,Bearing Failure
76.99510762284348,30.831078796930008,0.5072736111344669,63.75981870957334,71.06142006894574,4422,2,1,8,Medium,No Failure
62.91394183601116,35.98190769492514,0.5705835042290939,48.145798425289684,74.7326098489949,5166,7,1,10,Medium,No Failure
64.20893130563066,33.199238210615185,0.6475450561283407,77.42243563996365,71.63477541910578,9006,6,2,14,Medium,No Failure
48.980289724503336,37.8208068119858,0.38651001301425586,32.777873203342835,65.29484905487054,1457,1,1,2,Medium,Overheating
74.95537647548508,32.52402189366845,0.5533382571575256,71.14309105950488,63.03568133451459,1443,1,1,2,Medium,No Failure
77.56334641131147,34.07209961892221,0.35154749492481063,42.073632098312956,72.98958980740612,3837,8,0,12,Low,Leakage
74.60864587138126,24.001866475645564,0.52940120018453,31.55946553611303,73.02852126568,4389,9,4,7,Low,No Failure
72.1622993573765,30.343583966965706,0.4105744712352012,57.31723960392297,67.0420412157776,8022,9,2,14,High,No Failure
71.26187130333966,34.94113397010148,0.4281536036256324,74.74606770128041,73.05103827410741,6733,3,0,11,Medium,No Failure
76.51336165770843,34.008324691300935,0.5376498614226571,78.9176227638271,75.5914011001904,8199,6,2,10,High,No Failure
71.82466027507823,36.17673170505622,0.568154272575058,37.29042132166419,74.6104213581208,7130,6,2,14,Low,No Failure
64.6790425042369,24.508685823597062,0.46471120874536803,52.38993034776155,73.13559406113654,2308,5,2,12,Medium,No Failure
82.51835985316808,25.782706269142366,0.5681753888218593,66.56370708019668,75.58857257611221,823,2,0,2,Medium,No Failure
82.39767628590448,30.950774544824036,0.42348130614869806,20.640097557370567,73.89822989089613,6179,9,3,5,Medium,No Failure
73.97428398350974,28.157932853759263,0.29373903147623,28.965898769241264,71.44182700818622,8432,5,3,4,Medium,No Failure
73.96818451507292,26.95076239456011,0.5256530445051943,20.213659691916224,68.0532284450365,6865,6,3,10,High,No Failure
63.84765847381432,25.430134806916413,0.44233204649368096,76.47241863893427,68.37228782336553,5589,3,1,2,Low,No Failure
74.9354796728795,36.413150675396544,0.5651922111817913,30.336535374772822,69.45219621794644,6851,8,3,9,Low,Overheating
75.0540325546608,28.123328151807307,0.5793312369986096,76.97305311673912,70.08462029991902,4633,4,1,12,High,No Failure
82.15432066128984,30.535934401838208,0.6327568895522324,73.45304747478755,77.5870445739307,6758,5,1,8,Medium,No Failure
73.8541315234694,23.894451678067416,0.436869076098717,67.89583495142526,72.69140383370339,1484,4,1,12,Low,Bearing Failure
86.37449500808312,35.58147499454892,0.3652351422184941,75.72044108710779,60.497533191430975,738,6,1,8,Low,No Failure
62.06001363177627,31.25861869736465,0.5976548068627663,60.78433985575678,70.92289575017762,2290,5,0,14,High,No Failure
61.88597086681553,29.488041416743204,0.6588924403850986,44.85183163953369,68.76332928309576,4971,3,2,2,High,No Failure
78.06694795052682,35.590001232929204,0.6341600272503899,65.73066652937487,67.88562391831928,8528,5,2,3,High,No Failure
55.67070965419318,27.034422976381606,0.6958174905094852,35.539215517508524,74.90123706926387,8253,6,3,1,Medium,No Failure
75.74270134913192,39.95729883676286,0.40885874463320615,30.903202519645383,67.64467908343269,9120,7,2,14,High,Bearing Failure
54.998775309230695,34.22080935847809,0.550157642776487,67.87863870256228,62.921551322304445,5916,6,1,12,Medium,No Failure
87.51944028702881,31.10889241520494,0.5109314481993866,62.925253256022316,68.16979973844616,1615,3,4,13,Medium,No Failure
