product_id,product_type,return_reason,original_price,shipping_cost,refurbishment_cost,resale_value_loss_percent,resale_value_loss,total_return_cost
PID1000,Appliances,Damaged,13964,278.9556274712621,477.5017140653488,0.29441643700566833,4111.231126347153,4867.69
PID1001,Books,Wrong Item,8030,246.9492652624978,376.6041090978691,0.11017158442759337,884.6778229535747,1508.23
PID1002,Books,Damaged,3176,273.7087479108867,871.1578830725921,0.38072540204353494,1209.183876890267,2354.05
PID1003,Electronics,Damaged,23227,59.90470214531133,117.24680583164027,0.36043343784163856,8371.787460747739,8548.94
PID1004,Clothing,Wrong Item,29712,250.23549597160581,751.3935812344962,0.2863981014749852,8509.460391024759,9511.09
PID1005,Clothing,Quality Issue,29915,138.14368636087397,983.6727231795787,0.0972556703941837,2909.4033798420055,4031.22
PID1006,Clothing,Changed Mind,3956,145.9703307607663,846.52382354758,0.27629179972674134,1093.0103597189886,2085.5
PID1007,Electronics,Wrong Item,21160,248.4805337416421,373.9944341262657,0.3866364502464705,8181.227287215315,8803.7
PID1008,Furniture,Size Mismatch,4890,240.79392343891155,884.0439485013304,0.3220929845847051,1575.0346946192078,2699.87
PID1009,Furniture,Changed Mind,5316,260.53332301863793,369.7072185713406,0.18129400173104931,963.7589132022581,1594.0
PID1010,Furniture,Wrong Item,22615,195.56396178729878,387.4048269545043,0.29026577160508343,6564.360424848962,7147.33
PID1011,Books,Quality Issue,6502,166.85087038153068,982.0049872842783,0.30624708019793057,1991.2185154469446,3140.07
PID1012,Books,Size Mismatch,5061,66.68820748593595,14.616649049015162,0.2516951506529227,1273.8291574544417,1355.13
PID1013,Electronics,Quality Issue,23043,201.45910585731144,130.49990080161612,0.2964220804293578,6830.453999333692,7162.41
PID1014,Clothing,Size Mismatch,26452,177.57970635742814,969.4816678256046,0.0693526936290826,1834.517451876493,2981.58
PID1015,Electronics,Wrong Item,27217,292.14791675895395,884.8966272269749,0.17162882873086238,4671.221831567881,5848.27
PID1016,Furniture,Damaged,27833,222.02499252756346,437.3748533792477,0.16163113091013684,4498.679266621839,5158.08
PID1017,Electronics,Quality Issue,3285,114.24698729199127,91.37584229413609,0.19100923050389335,627.4653222052897,833.09
PID1018,Books,Changed Mind,26828,186.50109233335235,408.85885199502667,0.19477494339710955,5225.422181457655,5820.78
PID1019,Books,Wrong Item,6294,57.79568654828364,347.5301211748325,0.1551118016465422,976.2736795633366,1381.6
PID1020,Electronics,Changed Mind,17873,83.40312402891568,294.5661717722672,0.2079062655323926,3715.908683860453,4093.88
PID1021,Clothing,Size Mismatch,9827,230.47670230481867,617.4094380235571,0.3011683989275716,2959.581856261246,3807.47
PID1022,Clothing,Size Mismatch,14451,284.1943813972201,601.4529878298608,0.15403726197317763,2225.99247277439,3111.64
PID1023,Books,Wrong Item,8563,80.32227426323728,990.8122895991056,0.2403084836113466,2057.761545163961,3128.9
PID1024,Clothing,Size Mismatch,6914,292.77550026886934,133.24378933532188,0.35281000160151715,2439.3283510728897,2865.35
PID1025,Appliances,Size Mismatch,15623,119.58732003455407,842.2953404069107,0.11903830917436083,1859.7355042310392,2821.62
PID1026,Appliances,Damaged,16008,67.84821817707372,535.8786710259113,0.2740909482958182,4387.647900319458,4991.37
PID1027,Electronics,Damaged,10291,232.00289618380555,511.96106811237286,0.16721686287837126,1720.8287358813186,2464.79
PID1028,Appliances,Damaged,25134,224.867718429951,997.3800226626336,0.3131499947316533,7870.711967585374,9092.96
PID1029,Appliances,Damaged,24552,114.21795260635061,387.3473926615625,0.18298529098212996,4492.654864193255,4994.22
PID1030,Appliances,Changed Mind,13398,166.50969143567465,710.1157121905046,0.07864427272398852,1053.6759659559982,1930.3
PID1031,Electronics,Wrong Item,25063,274.47116442241133,347.3576613559659,0.24932425440360628,6248.813788117584,6870.64
PID1032,Electronics,Size Mismatch,4944,78.22444949816536,732.8975427806137,0.21230117724386788,1049.6170202936828,1860.74
PID1033,Furniture,Quality Issue,25262,247.4650072690816,166.4832578222889,0.22007405868568497,5559.510870517774,5973.46
PID1034,Books,Damaged,2035,86.37984596025001,919.9255577769945,0.32080506603800807,652.8383093873464,1659.14
PID1035,Electronics,Damaged,6244,68.51396755684279,347.3028041460449,0.3225875355450294,2014.2365719431634,2430.05
PID1036,Clothing,Damaged,22229,252.00448157384685,320.5692285454704,0.2583840100778188,5743.618160019834,6316.19
PID1037,Electronics,Changed Mind,3010,153.73134386573503,45.25286860089561,0.12716507004660096,382.7668608402689,581.75
PID1038,Clothing,Wrong Item,8189,179.27612117071547,609.1345302147079,0.32527255008598627,2663.6569126541417,3452.07
PID1039,Furniture,Damaged,29626,158.28884550760168,941.1830078699466,0.09968524458000312,2953.2750559271726,4052.75
PID1040,Clothing,Wrong Item,14709,266.2236603332973,35.37227055168124,0.18458582682487384,2715.0729267670695,3016.67
PID1041,Appliances,Quality Issue,12618,175.1883543416854,230.49657287301383,0.10688690312495594,1348.698943630694,1754.38
PID1042,Books,Wrong Item,9343,162.6153372141042,388.5099553324357,0.2857738943515516,2669.9854949265464,3221.11
PID1043,Books,Quality Issue,10035,68.27667452021112,8.962508852188634,0.2296242126064637,2304.278973505863,2381.52
PID1044,Appliances,Wrong Item,29340,289.0260144322689,785.129153003275,0.1939636474631577,5690.893416569047,6765.05
PID1045,Clothing,Wrong Item,8102,167.55968606811092,548.02957304696,0.05060018937251296,409.9627342961,1125.55
PID1046,Books,Size Mismatch,3413,77.16247384682593,319.3362949442836,0.3716216930537245,1268.3448383923617,1664.84
PID1047,Furniture,Quality Issue,27057,123.78535692735758,224.73180970140027,0.27502637961328447,7441.3887531966375,7789.91
PID1048,Clothing,Quality Issue,1530,172.76794948533802,95.43632979432115,0.2909245717840416,445.1145948295836,713.32
PID1049,Clothing,Changed Mind,26250,288.63062590868674,802.2043629362673,0.25242017505730385,6626.0295952542265,7716.86
PID1050,Furniture,Changed Mind,9128,245.6004989360088,830.9948350983335,0.07823884168482066,714.164146899043,1790.76
PID1051,Appliances,Quality Issue,12781,86.69721616783073,372.0080450261325,0.26206652250289564,3349.472224109509,3808.18
PID1052,Appliances,Damaged,10050,101.41713788187232,522.052616803613,0.21054173623222666,2115.944449133878,2739.41
PID1053,Clothing,Wrong Item,6972,187.7397737383964,817.291123053995,0.3850286343177223,2684.4196384631596,3689.45
PID1054,Clothing,Wrong Item,16649,149.0438732777725,716.5969911925312,0.20003238896185288,3330.3392438258884,4195.98
PID1055,Appliances,Wrong Item,24613,252.89679481991803,259.0902900686114,0.13130893667415292,3231.9068583609255,3743.89
PID1056,Clothing,Size Mismatch,16183,180.77653144248984,690.5212286613839,0.14178007837975223,2294.4270084195305,3165.72
PID1057,Furniture,Quality Issue,14083,82.25368326686839,891.5885092787935,0.37934731462321597,5342.3482318387505,6316.19
PID1058,Appliances,Size Mismatch,16435,92.01843570327753,536.644090827671,0.37131310814110974,6102.530932299139,6731.19
PID1059,Appliances,Damaged,2932,236.85319776840083,998.420964818742,0.348408977321307,1021.5351215060721,2256.81
PID1060,Clothing,Changed Mind,23421,282.8518148221647,565.8599815300378,0.36393435892347925,8523.706620346808,9372.42
PID1061,Books,Damaged,10255,247.58570888110697,441.3350545477689,0.38130568144007404,3910.2897631679593,4599.21
PID1062,Clothing,Size Mismatch,7255,157.19705086927968,540.7107438370181,0.19399096410605288,1407.4044445894135,2105.31
PID1063,Clothing,Damaged,11947,142.34149490369734,884.8243318433153,0.21132239201331315,2524.668617383052,3551.83
PID1064,Electronics,Changed Mind,12022,96.77979934773435,646.8299448458403,0.29941127972925363,3599.522404905087,4343.13
PID1065,Furniture,Size Mismatch,10409,173.986725262849,714.2892728613097,0.28563698829206025,2973.195411132055,3861.47
PID1066,Appliances,Size Mismatch,4471,266.41710803439605,666.3281583653966,0.3220061025434611,1439.6892844718147,2372.43
PID1067,Furniture,Changed Mind,10493,255.7206040128254,798.9996795469236,0.37250238913784117,3908.6675692233675,4963.39
PID1068,Furniture,Size Mismatch,16627,69.4492268043196,65.50508249676857,0.20857048542481976,3467.901461158478,3602.86
PID1069,Clothing,Size Mismatch,12906,197.58149190856457,479.6392917016511,0.26857734039141157,3466.2591550915577,4143.48
PID1070,Clothing,Size Mismatch,26114,161.94800049847584,261.55442074475263,0.3384913181863519,8839.362283118395,9262.86
PID1071,Appliances,Wrong Item,15780,131.39608007159683,436.4143778161178,0.1496830257041299,2361.9981456111695,2929.81
PID1072,Appliances,Changed Mind,23988,262.7924596986333,837.9491895225386,0.2655822859142064,6370.787874509983,7471.53
PID1073,Appliances,Wrong Item,6077,148.76247184439507,508.8439509666677,0.17974133182523122,1092.28807350193,1749.89
PID1074,Electronics,Changed Mind,12307,209.86638236111935,739.2019449218991,0.050686610289274195,623.8001128300975,1572.87
PID1075,Appliances,Changed Mind,1779,168.95010110838666,178.6802883942803,0.25628400927304795,455.9292524967523,803.56
PID1076,Clothing,Changed Mind,11661,154.8660753754816,825.8901967445485,0.25208035355911557,2939.5090028528466,3920.27
PID1077,Furniture,Wrong Item,21391,182.61597826096528,320.5374484068394,0.10290414757030711,2201.2226206764394,2704.38
PID1078,Electronics,Damaged,7762,154.95407175248994,372.4129503522244,0.39373236508768134,3056.1506178105824,3583.52
PID1079,Books,Size Mismatch,8148,92.27813239193509,430.73346001714066,0.3886536559749376,3166.7499888837915,3689.76
PID1080,Clothing,Wrong Item,15865,241.52980999905049,627.4474749696365,0.3285585638925387,5212.5816161551265,6081.56
PID1081,Electronics,Quality Issue,29122,202.49385470519894,828.6110182348706,0.14120966170840737,4112.30776827224,5143.41
PID1082,Books,Damaged,2060,55.36759369499879,100.66030915289926,0.10753165752676416,221.51521450513417,377.54
PID1083,Appliances,Damaged,25376,172.88554275306652,979.3578513690837,0.37349193358220806,9477.73130658211,10629.97
PID1084,Electronics,Damaged,17384,139.77209266675507,467.7389010903076,0.13803356010933956,2399.575408940759,3007.09
PID1085,Clothing,Size Mismatch,23259,252.8356545172651,77.83051953621944,0.38071548979753034,8855.061577200759,9185.73
PID1086,Books,Quality Issue,25305,54.190188217116614,829.450749290326,0.3415465986672396,8642.836679274498,9526.48
PID1087,Clothing,Size Mismatch,14329,178.3811749575418,406.9229235479749,0.2602011468763684,3728.422233591483,4313.73
PID1088,Appliances,Damaged,17452,192.41335157110822,414.6225884080779,0.06615392006269813,1154.5182129342077,1761.55
PID1089,Clothing,Quality Issue,25703,125.17335142724629,915.7707188614007,0.18542883229213936,4766.077276404858,5807.02
PID1090,Electronics,Damaged,4106,134.8366726139604,323.01479680808984,0.36954667809250236,1517.3586602478147,1975.21
PID1091,Books,Changed Mind,13767,203.45030990036022,515.9652100279259,0.12777465115564873,1759.073622459816,2478.49
PID1092,Furniture,Size Mismatch,15119,111.61521664530598,85.42463314182969,0.28105641648075036,4249.291960772464,4446.33
PID1093,Electronics,Quality Issue,28860,121.12509029888426,416.1069766763192,0.06883240490122922,1986.5032054494752,2523.74
PID1094,Books,Quality Issue,29163,296.7526477568331,935.2430409174799,0.3226240281324951,9408.684532427955,10640.68
PID1095,Electronics,Wrong Item,28307,52.52042239353428,425.11258642161476,0.1369576042577068,3876.8589037229067,4354.49
PID1096,Clothing,Changed Mind,8432,207.44271052864923,12.78574534064525,0.24901235517592424,2099.6721788433933,2319.9
PID1097,Appliances,Wrong Item,21543,291.8372261494261,463.86669391279764,0.15048089224971256,3241.8098617355577,3997.51
PID1098,Clothing,Wrong Item,8880,283.25626510661834,523.9788824559315,0.38875756819166063,3452.1672055419463,4259.4
PID1099,Clothing,Changed Mind,1705,139.80553402431556,909.9194930622452,0.1652764195573554,281.79629534529096,1331.52
PID1100,Furniture,Damaged,12526,124.85458495744717,726.8985215470913,0.33375572019134475,4180.624151116785,5032.38
PID1101,Clothing,Quality Issue,29984,276.34540577229296,117.2218059902339,0.19485431224710736,5842.511698417267,6236.08
PID1102,Appliances,Wrong Item,27804,272.4233671630527,847.72353040497,0.2456695644387627,6830.5965696553585,7950.74
PID1103,Electronics,Size Mismatch,21155,134.53969201070063,806.4714472547722,0.2115557457319766,4475.461800959965,5416.47
PID1104,Clothing,Changed Mind,22334,85.96679451749782,558.89972292287,0.38166915761086745,8524.198966081114,9169.07
PID1105,Furniture,Quality Issue,8610,231.95378324183778,301.09485869245754,0.09003419223437065,775.1943951379312,1308.24
PID1106,Books,Size Mismatch,14854,247.07232262616768,973.7457799708523,0.22963580833093794,3411.010296947752,4631.83
PID1107,Electronics,Quality Issue,7473,293.8053991781502,933.2960849403844,0.1735578665615085,1296.997936814153,2524.1
PID1108,Appliances,Size Mismatch,27272,151.2879927908446,221.12924787288614,0.11648221899413712,3176.7030764081073,3549.12
PID1109,Furniture,Changed Mind,8375,241.54768301303216,448.68967573541863,0.32843622391539096,2750.6533752913992,3440.89
PID1110,Books,Quality Issue,6168,128.75787482766444,822.8781723143999,0.20040039898685114,1236.0696609508977,2187.71
PID1111,Furniture,Size Mismatch,680,180.05991143093277,723.3310589308287,0.09707437899325748,66.01057771541508,969.4
PID1112,Clothing,Quality Issue,22831,209.67134358487252,30.985742307585106,0.32650048201834025,7454.3325049607265,7694.99
PID1113,Books,Changed Mind,25252,181.16167552018373,719.2813389628926,0.3822370590392587,9652.250214859361,10552.69
PID1114,Books,Changed Mind,11890,119.80794601258425,83.92179765542596,0.2845690837234367,3383.526405471662,3587.26
PID1115,Electronics,Quality Issue,7854,88.03944443277433,992.5698218745138,0.28070393578817904,2204.6487116803582,3285.26
PID1116,Furniture,Wrong Item,15186,227.65535599874474,896.930563941091,0.2833365748747922,4302.749226048594,5427.34
PID1117,Appliances,Changed Mind,3697,214.76006693587127,742.3115423211439,0.20037570347686062,740.7889757539538,1697.86
PID1118,Furniture,Changed Mind,25792,118.50697635978852,232.26654369785072,0.2771909352265141,7149.308601362252,7500.08
PID1119,Books,Damaged,18045,210.6322202183636,477.0697095790274,0.3856616880088375,6959.265160119472,7646.97
PID1120,Books,Wrong Item,14317,160.1017743430436,112.54171678550573,0.13116301732660174,1877.860919064957,2150.5
PID1121,Books,Wrong Item,21791,250.40790154007723,793.9093673792962,0.2982965598867324,6500.180336491786,7544.5
PID1122,Appliances,Size Mismatch,8774,123.41173035169702,136.19359840968337,0.3787484089141108,3323.1385398124085,3582.74
PID1123,Electronics,Size Mismatch,19106,67.529894411211,357.0060215032309,0.1859556642076433,3552.868920351233,3977.4
PID1124,Appliances,Changed Mind,11324,239.059177176339,836.4661391162972,0.22338045398726664,2529.5602609518073,3605.09
PID1125,Books,Changed Mind,24781,276.9358923228375,982.4876297433887,0.20260659313268642,5020.793984421102,6280.22
PID1126,Clothing,Size Mismatch,14727,65.65852198351322,118.59647962698317,0.17670168790045826,2602.285757710049,2786.54
PID1127,Appliances,Damaged,7036,97.44114876326415,773.1365315016517,0.1234406613071537,868.5284929571334,1739.11
PID1128,Books,Wrong Item,10431,123.01313574523208,857.51520344651,0.2356650349489139,2458.221979552121,3438.75
PID1129,Clothing,Wrong Item,10167,176.4591750516604,348.2419857537492,0.2514259151398852,2556.247279227213,3080.95
PID1130,Clothing,Changed Mind,10411,124.88553807991768,885.3815141591245,0.11624834169503884,1210.2614853870493,2220.53
PID1131,Books,Changed Mind,21575,294.4736471520274,72.16710284323446,0.2775835915125836,5988.865986883991,6355.51
PID1132,Books,Damaged,8619,205.93917120908765,701.1686109479757,0.10318624606563898,889.3622548397424,1796.47
PID1133,Furniture,Size Mismatch,2372,129.9721709017478,372.55214293483874,0.3130881358682222,742.6450582794231,1245.17
PID1134,Furniture,Changed Mind,623,93.38224890840903,889.9286382869471,0.22303174241595985,138.948775525143,1122.26
PID1135,Furniture,Changed Mind,18008,84.00234237849695,724.3596463375029,0.3470502702721518,6249.68126706091,7058.04
PID1136,Books,Damaged,20620,275.74264777556914,705.115615242467,0.23881726935026915,4924.41209400255,5905.27
PID1137,Appliances,Damaged,11836,258.4994238865226,539.3371805069447,0.2462280190220411,2914.3548331448787,3712.19
PID1138,Appliances,Quality Issue,29203,272.332417944175,476.94157509872036,0.12392560507996656,3618.9994451502635,4368.27
PID1139,Electronics,Changed Mind,11270,224.4870713766712,700.8750736584975,0.09867440910072961,1112.0605905652228,2037.42
PID1140,Furniture,Changed Mind,21894,100.11408690122099,116.78700423528576,0.20597880446802103,4509.699945022852,4726.6
PID1141,Furniture,Damaged,18512,288.2242177291645,68.30347966685379,0.29800855963517364,5516.734455966334,5873.26
PID1142,Furniture,Size Mismatch,29188,57.19774823478592,559.5179144009867,0.3179818313238752,9281.25369268127,9897.97
PID1143,Electronics,Quality Issue,24013,257.09046551646986,38.81515341369279,0.2981069785790379,7158.442876618437,7454.35
PID1144,Electronics,Changed Mind,22319,92.36979868898527,59.23062332979612,0.22613447057416297,5047.095248744743,5198.7
PID1145,Clothing,Quality Issue,10667,215.24085331535056,340.5651601044962,0.12369906939298125,1319.497973214931,1875.3
PID1146,Furniture,Wrong Item,12788,62.94955199522577,91.98247115089397,0.2652243640218759,3391.6891671117487,3546.62
PID1147,Electronics,Size Mismatch,13253,111.18852987901704,254.9901496187087,0.16185971512187575,2145.1268045102192,2511.31
PID1148,Appliances,Changed Mind,23855,155.34439295442235,503.4024977432693,0.37305072618329704,8899.12507310255,9557.87
PID1149,Clothing,Damaged,21597,253.9726129269897,638.0810874889165,0.1428595046240313,3085.336721365204,3977.39
PID1150,Appliances,Damaged,12020,141.30306736814407,491.776590811935,0.28251907078100225,3395.879230787647,4028.96
PID1151,Books,Changed Mind,27236,111.227083778235,381.4790482110715,0.39650329758936304,10799.163813143892,11291.87
PID1152,Electronics,Damaged,20663,227.03556409455513,604.4105000705794,0.12412318251443855,2564.757320295844,3396.2
PID1153,Books,Wrong Item,512,74.6519950819264,374.3980882362853,0.16365904509907528,83.79343109072654,532.84
PID1154,Clothing,Changed Mind,17153,286.430121633094,111.2870322640015,0.24643620245629655,4227.120180732854,4624.84
PID1155,Clothing,Wrong Item,853,282.3280714801624,906.3463784212686,0.07998658349398044,68.22855572036532,1256.9
PID1156,Electronics,Wrong Item,12068,69.04135155487427,916.5081641819502,0.3604759457929696,4350.223713829557,5335.77
PID1157,Books,Damaged,22250,285.1403404624839,561.371244292929,0.11376945322116308,2531.3703341708783,3377.88
PID1158,Electronics,Quality Issue,25869,274.08620259936356,203.1776790735246,0.20172504913146472,5218.4252959818605,5695.69
PID1159,Electronics,Wrong Item,15299,199.650545538136,599.3659857298595,0.38461322657572034,5884.197753381945,6683.21
PID1160,Clothing,Damaged,20630,171.6465896639628,678.3074758366711,0.3276086990475672,6758.567461351311,7608.52
PID1161,Electronics,Wrong Item,13802,245.20433203393404,625.6628722224137,0.3992808060752425,5510.873685450497,6381.74
PID1162,Books,Wrong Item,9515,52.24517995958626,320.8914273391927,0.3364550527612573,3201.3698270233635,3574.51
PID1163,Electronics,Wrong Item,4643,213.29635196541716,382.21523160726065,0.2506074686794228,1163.57047707856,1759.08
PID1164,Appliances,Quality Issue,13930,109.36053334109748,838.1853419307132,0.3290398334291858,4583.524879668558,5531.07
PID1165,Books,Wrong Item,20172,253.42555660588008,671.0990914293421,0.29499869844585375,5950.713745049762,6875.24
PID1166,Books,Damaged,24881,124.58901138420707,726.393161634161,0.06457251702233172,1606.6287960326354,2457.61
PID1167,Appliances,Changed Mind,24387,83.22585079234949,743.4921764446808,0.09387242430320376,2289.26681148223,3115.98
PID1168,Books,Damaged,3008,258.8647836640057,174.07606847013446,0.10226415626321214,307.6105820397421,740.55
PID1169,Books,Quality Issue,15992,229.1879551171719,88.76687049012921,0.3530963340495432,5646.716574120295,5964.67
PID1170,Books,Damaged,19861,298.6584384436589,741.1129200386672,0.24971132611668312,4959.516648003443,5999.29
PID1171,Books,Damaged,1625,162.3164762895887,547.1654485937453,0.07217121020073006,117.27821657618634,826.76
PID1172,Electronics,Changed Mind,11594,80.82399818691253,280.6274709580584,0.24416528585831904,2830.8523242413507,3192.3
PID1173,Appliances,Wrong Item,3149,167.2244818451551,737.7648418982791,0.36303685047636663,1143.2030421500785,2048.19
PID1174,Furniture,Size Mismatch,19565,177.92619019843562,192.16036846520012,0.15513869163097138,3035.288501759955,3405.38
PID1175,Electronics,Changed Mind,7232,140.5601007693017,749.024077459879,0.18074846287525026,1307.17288351381,2196.76
PID1176,Clothing,Size Mismatch,24459,237.087225979342,798.5072562850324,0.2633570958763316,6441.451208039195,7477.05
PID1177,Appliances,Size Mismatch,23063,97.89322079776082,326.0850102815981,0.21416911985033316,4939.382411108234,5363.36
PID1178,Appliances,Changed Mind,19128,281.80147624679165,832.7677393726337,0.21202817943412294,4055.6750162159037,5170.24
PID1179,Books,Wrong Item,805,163.56666369966365,610.1772158540928,0.10444124732381799,84.07520409567348,857.82
PID1180,Furniture,Wrong Item,8659,65.46158387448915,807.7440428847345,0.19638345857446465,1700.4843677962895,2573.69
PID1181,Appliances,Size Mismatch,9198,62.21017570101054,836.4771330703243,0.28718628675917646,2641.539465610905,3540.23
PID1182,Electronics,Wrong Item,14531,144.73930401122624,401.85502909249914,0.13053904767522173,1896.862901768647,2443.46
PID1183,Books,Quality Issue,20977,209.30351617065486,108.4073853490094,0.08892411602558387,1865.3611818686727,2183.07
PID1184,Appliances,Changed Mind,15225,257.7009572612762,632.0820747779671,0.1794563224282314,2732.222508969823,3622.01
PID1185,Books,Damaged,22667,213.95553817333803,942.1588788294642,0.07320443969276628,1659.3250345159333,2815.44
PID1186,Electronics,Size Mismatch,11239,276.891222407358,801.6867370167606,0.20896660172250198,2348.5756367592,3427.15
PID1187,Electronics,Quality Issue,23622,165.87748513704997,528.500795808085,0.1284959695488991,3035.3317926840946,3729.71
PID1188,Books,Wrong Item,20821,159.04845436139516,773.1830145236046,0.2073153867583039,4316.513667694646,5248.75
PID1189,Electronics,Wrong Item,25526,81.98069198242511,865.9237326034646,0.10635570566709845,2714.835742858355,3662.74
PID1190,Electronics,Size Mismatch,24105,202.32815389039982,748.3801183842403,0.2773231757942327,6684.87515251998,7635.58
PID1191,Electronics,Changed Mind,27771,197.8490709547411,993.1919771448114,0.2754489324404159,7649.49230280279,8840.53
PID1192,Furniture,Size Mismatch,12310,75.52990071355427,311.0837713578426,0.3442171642664013,4237.3132921194,4623.93
PID1193,Books,Size Mismatch,22781,267.4180719115551,201.49569795560507,0.12792042840749962,2914.155279551249,3383.07
PID1194,Appliances,Quality Issue,4684,160.6286277872156,707.675895805014,0.3695916944030974,1731.1674965841082,2599.47
PID1195,Clothing,Size Mismatch,17092,298.01697524133954,478.6716322019502,0.22573412249196978,3858.2476216327473,4634.94
PID1196,Furniture,Changed Mind,5099,275.8220749122047,325.66877243301053,0.3121503058049581,1591.6544092994814,2193.15
PID1197,Books,Quality Issue,26688,210.11438526093923,327.48608220173156,0.3632398253219824,9694.144458193066,10231.74
PID1198,Books,Quality Issue,14555,222.5208363510459,709.5756720797525,0.2101875133833559,3059.279257294745,3991.38
PID1199,Books,Quality Issue,8711,204.26539245640586,676.6690232271925,0.2167144595908328,1887.7996574957444,2768.73
PID1200,Clothing,Damaged,23944,71.3531367785445,293.5292628765589,0.06323189163493026,1514.0244133067702,1878.91
PID1201,Books,Size Mismatch,3083,244.17965052403645,239.1058886507712,0.2775725729796779,855.756242496347,1339.04
PID1202,Electronics,Wrong Item,974,186.1076793129841,688.2606519907077,0.05656694571940348,55.09620513069899,929.46
PID1203,Furniture,Wrong Item,3594,247.57035261339266,31.60686988216066,0.08174226556253156,293.78170243173844,572.96
PID1204,Clothing,Damaged,14446,99.02859060547654,544.3412171388962,0.07565482472134398,1092.909597924535,1736.28
PID1205,Furniture,Damaged,5987,51.14065303440086,463.84442735964194,0.11280455327683712,675.3608604684239,1190.35
PID1206,Appliances,Changed Mind,23221,299.1409100203196,336.5897308574486,0.27262661562651963,6330.662641463412,6966.39
PID1207,Electronics,Wrong Item,5173,242.3952551644638,988.4992775488587,0.32138370617290407,1662.5179120324328,2893.41
PID1208,Furniture,Quality Issue,29880,75.1537602343735,251.7392318026238,0.09001205685652483,2689.560258872962,3016.45
PID1209,Electronics,Damaged,26753,92.73992499210472,731.2308359964196,0.08348018583670508,2233.345411689371,3057.32
PID1210,Appliances,Changed Mind,28161,54.33479929335059,698.9390045767678,0.11270657796348665,3173.9299420297475,3927.2
PID1211,Books,Wrong Item,13762,138.41790482825584,441.1864890033038,0.08088022153888305,1113.0736088181086,1692.68
PID1212,Appliances,Size Mismatch,16339,143.4316236906783,972.4941399389774,0.21126754910324785,3451.900484797967,4567.83
PID1213,Electronics,Size Mismatch,16938,209.00702738322514,704.2821990673369,0.05565156930687504,942.6262809198494,1855.92
PID1214,Electronics,Changed Mind,7594,107.2523453589304,296.36913699984547,0.33986284220300184,2580.918423689596,2984.54
PID1215,Books,Damaged,16863,276.91410964956384,200.64120525035932,0.0877951917933596,1480.490319211423,1958.05
PID1216,Books,Changed Mind,24311,297.10305947124243,327.1627616057161,0.07593805113448929,1846.129961130569,2470.4
PID1217,Books,Size Mismatch,9534,281.5924006741372,622.8297374684088,0.09110078264690004,868.554861755545,1772.98
PID1218,Appliances,Changed Mind,25742,294.9421918213854,731.6988735017156,0.10292204743549294,2649.419345084459,3676.06
PID1219,Clothing,Wrong Item,22496,244.88710503271358,976.4201208002611,0.06786812630281955,1526.7613693082285,2748.07
PID1220,Books,Wrong Item,2296,230.41297713674365,614.2056129078549,0.06409588331751023,147.1641480970035,991.78
PID1221,Electronics,Wrong Item,5349,98.51445459202239,543.7838472410625,0.17409062113152637,931.2107324325345,1573.51
PID1222,Clothing,Changed Mind,6023,209.6817970630992,244.31633441650123,0.17161078314281072,1033.611746869149,1487.61
PID1223,Appliances,Size Mismatch,10436,72.22149767070857,23.763783037650256,0.07130006861376063,744.087516053206,840.07
PID1224,Books,Quality Issue,11892,284.349391065607,620.5755635599515,0.27353516267736006,3252.880154559166,4157.81
PID1225,Furniture,Quality Issue,20462,168.89251611801427,769.2402437630489,0.1649241072986839,3374.67708354567,4312.81
PID1226,Furniture,Damaged,19821,74.2639058937078,438.2982786703966,0.2738363095408838,5427.709491409857,5940.27
PID1227,Books,Damaged,29123,51.22826125518019,945.9643971385536,0.12777162064429748,3721.0929080238757,4718.29
PID1228,Books,Wrong Item,17264,226.8562838547194,819.8089267558026,0.330790763267726,5710.771737054021,6757.44
PID1229,Books,Changed Mind,10440,228.23971486462543,617.1364938825714,0.10694057141302027,1116.4595655519315,1961.84
PID1230,Clothing,Size Mismatch,14685,64.92538108255853,433.2295035644891,0.061403009162209476,901.7031895470461,1399.86
PID1231,Books,Damaged,24457,182.66616038641865,648.1852440078751,0.3875629194769018,9478.626321646587,10309.48
PID1232,Appliances,Quality Issue,2482,135.86086550013505,187.03330937886474,0.1101147500905427,273.30480972472697,596.2
PID1233,Electronics,Changed Mind,21970,134.80911352606716,294.0716687758343,0.2855742729507015,6274.0667767269115,6702.95
PID1234,Electronics,Changed Mind,18257,99.52712140176746,376.6262738839643,0.2060850024313795,3762.4938893896956,4238.65
PID1235,Electronics,Quality Issue,2272,168.59652499892292,740.5621781892122,0.36490951879730776,829.0744267074832,1738.23
PID1236,Appliances,Changed Mind,15194,243.04704508337167,489.8523757233042,0.17305473361486948,2629.3936225443267,3362.29
PID1237,Furniture,Wrong Item,27582,160.75031863646382,188.7309174264764,0.22786310977414098,6284.9202937903565,6634.4
PID1238,Appliances,Wrong Item,487,205.85824334393317,357.675559157137,0.3387256900841659,164.9594110709888,728.49
PID1239,Appliances,Quality Issue,24746,295.7871516860881,271.6215932583299,0.23293875075393095,5764.302326156775,6331.71
PID1240,Appliances,Quality Issue,12264,285.93485512759446,366.8564935968801,0.10286311685230264,1261.5132650766395,1914.3
PID1241,Furniture,Changed Mind,17613,143.0457580209883,254.29970831382855,0.18458393359794295,3251.076822460569,3648.42
PID1242,Electronics,Size Mismatch,26639,284.36126230431705,69.91282651187214,0.28070993575964265,7477.8319787011205,7832.11
PID1243,Books,Damaged,12599,237.089695383901,341.8894197670251,0.11150576693550801,1404.8611576204655,1983.84
PID1244,Books,Size Mismatch,13168,80.54981135405649,903.6244678215425,0.35627526349378197,4691.432669686121,5675.61
PID1245,Clothing,Wrong Item,9226,243.55164842756872,58.78724609335062,0.21373607285325535,1971.9290081441338,2274.27
PID1246,Appliances,Changed Mind,21726,140.54063375042784,872.5822431591658,0.38901795740845885,8451.804142656178,9464.93
PID1247,Furniture,Changed Mind,20292,80.114124026317,848.772396460919,0.21627680882418937,4388.68900466045,5317.58
PID1248,Furniture,Quality Issue,27624,226.48423657034783,173.81646734257984,0.3629445558795625,10025.980411617034,10426.28
PID1249,Clothing,Damaged,28656,138.2791262965821,522.5616255921894,0.21121616701043455,6052.610481851012,6713.45
PID1250,Books,Wrong Item,15785,110.15196429041589,74.78959699459486,0.18654636966778965,2944.6344452060594,3129.58
PID1251,Books,Wrong Item,23640,54.40661562833239,555.387494407454,0.2215148215404048,5236.61038121517,5846.4
PID1252,Clothing,Wrong Item,3442,220.71381086212944,529.4293284467158,0.20032970683135598,689.5348509135273,1439.68
PID1253,Appliances,Wrong Item,7668,225.7146456454937,562.569467934515,0.3216143117479279,2466.138542483111,3254.42
PID1254,Books,Damaged,19836,140.23881320364148,583.0764873851771,0.13890621089031743,2755.3435992203367,3478.66
PID1255,Furniture,Quality Issue,22356,282.6958361146712,688.0630405973693,0.2460062718170029,5499.716212740917,6470.48
PID1256,Electronics,Damaged,17687,63.328796416574725,491.53756631956725,0.33306962866389994,5891.002522178398,6445.87
PID1257,Electronics,Size Mismatch,21760,123.04613091737059,108.36301228355205,0.322254316506315,7012.253927177414,7243.66
PID1258,Furniture,Changed Mind,22842,127.15166572422797,241.23548465528944,0.09819812814487933,2243.0416430853334,2611.43
PID1259,Electronics,Damaged,10216,56.1880583318098,910.829681527038,0.22454311614884576,2293.9324745766085,3260.95
PID1260,Electronics,Quality Issue,27909,166.41240847201635,208.86104958412767,0.26581323070167595,7418.581455653074,7793.85
PID1261,Appliances,Size Mismatch,26068,291.31753219389617,344.1858170432801,0.16142203581933579,4207.949629738445,4843.45
PID1262,Books,Changed Mind,6608,55.89182417924111,666.5726820925302,0.15203975109380102,1004.6786752278372,1727.14
PID1263,Appliances,Size Mismatch,29761,168.6309846184704,851.1756028235945,0.1371659173453854,4082.1948661160154,5102.0
PID1264,Electronics,Changed Mind,18030,90.45800644638176,833.4492584317626,0.3635670507558521,6555.113925128014,7479.02
PID1265,Clothing,Size Mismatch,3733,97.80365628923514,676.3742483200588,0.12388920667486612,462.4784085172752,1236.66
PID1266,Books,Quality Issue,6318,182.09921083206322,388.6063135324307,0.2214827101240337,1399.327762563645,1970.03
PID1267,Electronics,Damaged,18323,71.32077889096476,45.450719065394885,0.2452978586935763,4494.592664842398,4611.36
PID1268,Furniture,Changed Mind,6501,177.76629623030254,999.2035593480628,0.17416434123920338,1132.2423823960612,2309.21
PID1269,Appliances,Damaged,26727,76.1059718113332,925.418887691294,0.11648859630314351,3113.3907133941166,4114.92
PID1270,Appliances,Changed Mind,24979,169.07383751367155,661.4424477528836,0.09154094044863262,2286.601151466394,3117.12
PID1271,Electronics,Wrong Item,17051,107.4612402074872,110.26021670992425,0.2990498377966049,5099.09878426991,5316.82
PID1272,Furniture,Damaged,8094,60.88408353563,389.4933940626758,0.13113186927582673,1061.3813499185417,1511.76
PID1273,Books,Damaged,7180,260.76590028143175,373.66200784698356,0.08383145881988507,601.9098743267748,1236.34
PID1274,Clothing,Wrong Item,22098,69.2853705903554,797.9876131256349,0.3200843885370109,7073.224817890867,7940.5
PID1275,Appliances,Quality Issue,14832,299.40233730672776,153.162793152543,0.2791364792284512,4140.152259916388,4592.72
PID1276,Furniture,Quality Issue,1034,71.33054915779292,826.8094356227717,0.3246320742641161,335.66956478909606,1233.81
PID1277,Electronics,Damaged,2797,77.723628207263,190.53676591834767,0.20287642602373523,567.4453635883874,835.71
PID1278,Furniture,Size Mismatch,19441,183.68606433241266,482.8534492488735,0.3690037823506648,7173.802532679274,7840.34
PID1279,Electronics,Damaged,27750,216.36154063830855,672.1752109409017,0.2891466425388932,8023.8193304542865,8912.36
PID1280,Appliances,Size Mismatch,10315,161.1784402620979,703.5219161982072,0.2859887460628441,2949.9739156382366,3814.67
PID1281,Clothing,Size Mismatch,23895,199.55343932055777,402.7242222547731,0.14335333677721174,3425.4279822914746,4027.71
PID1282,Appliances,Quality Issue,23769,237.55599998338576,448.80102989855965,0.2334803845613429,5549.595260638559,6235.95
PID1283,Furniture,Size Mismatch,20801,96.71397138937434,119.79312333511227,0.36785915032949823,7651.838186003893,7868.35
PID1284,Clothing,Size Mismatch,28381,171.1381063232149,644.5434931503662,0.2947361006142299,8364.905271532458,9180.59
PID1285,Furniture,Damaged,12969,182.0226083712418,411.686590999337,0.3067864134231564,3978.712995684915,4572.42
PID1286,Clothing,Quality Issue,26297,248.07438890729304,653.2298784811159,0.20459116177792536,5380.133781274103,6281.44
PID1287,Appliances,Damaged,22804,107.08412066705304,284.9242792448048,0.15123825977724187,3448.8372759602235,3840.85
PID1288,Clothing,Wrong Item,20365,235.00586845333802,596.2041114163209,0.087127560182441,1774.3527631154109,2605.56
PID1289,Books,Wrong Item,12341,283.47204866467234,282.0947313208191,0.22508846973231145,2777.8168049664555,3343.38
PID1290,Electronics,Wrong Item,2721,298.66790943853374,196.24397014462048,0.11379401780243192,309.63352244041727,804.55
PID1291,Appliances,Wrong Item,5265,169.5903719355789,959.4432448593346,0.19410931259282166,1021.985530801206,2151.02
PID1292,Clothing,Quality Issue,398,181.10521650005973,810.1072731171467,0.29278419377686077,116.52810912319059,1107.74
PID1293,Clothing,Damaged,29356,78.3771786953956,218.8087473805802,0.10282114230548317,3018.417453519764,3315.6
PID1294,Clothing,Quality Issue,17873,270.6014680384142,281.4348860001492,0.294254790418134,5259.21586914331,5811.25
PID1295,Appliances,Size Mismatch,7573,159.0393871562344,606.5645807879295,0.3687990169039369,2792.9149550135144,3558.52
PID1296,Furniture,Size Mismatch,12724,153.73000614274764,171.07646052516967,0.3778780861599948,4808.120768299774,5132.93
PID1297,Appliances,Wrong Item,815,298.4807310051075,943.4687175158734,0.1667916459977521,135.93519148816796,1377.88
PID1298,Electronics,Quality Issue,1852,183.93563911158503,578.5081123100513,0.16157439075601518,299.2357716801401,1061.68
PID1299,Books,Size Mismatch,14910,53.51529815378868,815.1180727616224,0.1732383682881085,2582.984071175698,3451.62
PID1300,Electronics,Quality Issue,23402,245.24484242835862,768.7102084879319,0.36219140003071437,8476.003143518778,9489.96
PID1301,Appliances,Damaged,9692,260.3931653178055,609.0998567534393,0.23184588218539803,2247.0502901408777,3116.54
PID1302,Electronics,Quality Issue,26922,255.06793267439775,734.4519004209818,0.14381359907255825,3871.7497142314132,4861.27
PID1303,Furniture,Quality Issue,3930,235.28451179447873,187.65433015751154,0.16640896412943795,653.9872290286911,1076.93
PID1304,Electronics,Changed Mind,25311,199.19087509565506,657.165087925723,0.25355751740571414,6417.79432305603,7274.15
PID1305,Appliances,Size Mismatch,8605,187.7012274294038,937.3292963058025,0.19876093981162796,1710.3378870790586,2835.37
PID1306,Books,Changed Mind,17685,54.895867369220596,246.90695994772162,0.2463769983024917,4357.177214979566,4658.98
PID1307,Clothing,Damaged,19169,278.26154662194654,2.017644328855095,0.3627387860086027,6953.3397889989055,7233.62
PID1308,Clothing,Damaged,13012,114.60111647663675,374.6823181671826,0.09167236378507396,1192.8407975713824,1682.12
PID1309,Appliances,Quality Issue,26493,124.73109992181304,145.82450778644474,0.23113226231373057,6123.387025477664,6393.94
PID1310,Clothing,Size Mismatch,10406,230.29379411740896,398.9637614475924,0.12169283065576597,1266.3355958039008,1895.59
PID1311,Books,Quality Issue,13151,232.6349345554439,482.27355416671736,0.08769519220938321,1153.2794727455987,1868.19
PID1312,Books,Quality Issue,16155,207.934301213696,815.5086969426778,0.16316751909603797,2635.9712709964933,3659.41
PID1313,Books,Damaged,9349,153.93948081814398,86.58590986764459,0.23209094148321202,2169.8182119265493,2410.34
PID1314,Electronics,Size Mismatch,9199,261.5408067726213,129.734220027643,0.29506679209402525,2714.3194204729384,3105.59
PID1315,Furniture,Wrong Item,17057,108.47653347342421,270.73088230448616,0.1745424518994518,2977.1706020489496,3356.38
PID1316,Books,Size Mismatch,18991,89.4191418121195,855.5375957766946,0.05815208848614606,1104.3663124403997,2049.32
PID1317,Electronics,Quality Issue,27566,66.00612796233189,700.2673865177253,0.05944311660171245,1638.6089522428053,2404.88
PID1318,Appliances,Changed Mind,23372,170.04697796565637,600.0435710265675,0.2444326145331745,5712.879066869355,6482.97
PID1319,Clothing,Changed Mind,16193,67.10216872206553,9.698402764022006,0.3625089775984855,5870.107874252276,5946.91
PID1320,Electronics,Changed Mind,14846,50.152157901478766,955.7176114348202,0.3864150902156638,5736.718429341745,6742.59
PID1321,Electronics,Wrong Item,26243,199.18854132681807,399.59611020131626,0.17313546908427435,4543.594115178612,5142.38
PID1322,Clothing,Size Mismatch,28916,197.63875143473126,551.083695476806,0.17135721912362467,4954.965348178731,5703.69
PID1323,Furniture,Wrong Item,12675,177.21405249592954,671.4366888727999,0.07011740310225004,888.7380843210192,1737.39
PID1324,Clothing,Damaged,24430,70.2828186035072,950.8575498721412,0.2836769461299719,6930.227793955214,7951.37
PID1325,Appliances,Wrong Item,16307,156.83121433089423,752.859031854545,0.36051808220565773,5878.968366527661,6788.66
PID1326,Books,Size Mismatch,24357,166.1058634196846,615.3685867901702,0.20495504281781046,4992.08997791341,5773.56
PID1327,Furniture,Damaged,13410,79.81716811050866,30.333936495512525,0.23094878778501132,3097.023244197002,3207.17
PID1328,Clothing,Damaged,1760,140.8155571859421,496.18888621246094,0.38650831075132125,680.2546269223254,1317.26
PID1329,Appliances,Quality Issue,10465,227.30769241016938,393.89413157574995,0.27382274284003993,2865.555003821018,3486.76
PID1330,Electronics,Changed Mind,9903,189.49629349285934,852.4289498748983,0.05196424069339178,514.6018755866588,1556.53
PID1331,Clothing,Quality Issue,5923,225.80376858575926,930.3440110586694,0.1974252885507281,1169.3499840859627,2325.5
PID1332,Clothing,Damaged,19165,268.9140246501962,399.342948374843,0.2234535865212673,4282.487985680087,4950.74
PID1333,Appliances,Size Mismatch,28101,263.6828969029277,741.1296573643313,0.18739125784565708,5265.881736720809,6270.69
PID1334,Electronics,Wrong Item,5698,98.41673931792154,403.1720143231563,0.23332473586102015,1329.4843449360928,1831.07
PID1335,Furniture,Size Mismatch,25656,118.69510536005261,264.768247937471,0.1904818864422686,4887.003278562843,5270.47
PID1336,Furniture,Changed Mind,23544,157.11110806582423,995.9944600912428,0.3786101632777065,8913.997684210322,10067.1
PID1337,Appliances,Changed Mind,19843,252.2341690564082,734.4379167642003,0.2832072434100387,5619.681330985399,6606.35
PID1338,Appliances,Damaged,11484,122.86991686760574,916.9297116163033,0.1717682024428684,1972.5860368539006,3012.39
PID1339,Appliances,Changed Mind,16646,216.88760803599178,387.5811306494107,0.11702979376577154,1948.077947025033,2552.55
PID1340,Electronics,Size Mismatch,6843,188.75657353211784,870.6741441895757,0.15503447429975387,1060.9009076332156,2120.33
PID1341,Electronics,Wrong Item,13304,261.3359927591946,379.19865463807525,0.2775165838233435,3692.080631185762,4332.62
PID1342,Books,Wrong Item,6347,140.1998663319713,112.66367823469714,0.33750366969795415,2142.135791572915,2395.0
PID1343,Books,Size Mismatch,8585,271.51375552975713,842.0510150332685,0.2669477789458794,2291.7466822503748,3405.31
PID1344,Books,Quality Issue,15587,175.33604420947057,722.9357874559421,0.28671060182735253,4468.958150682944,5367.23
PID1345,Electronics,Damaged,10592,249.24068527683036,93.57225313319096,0.3850771990162059,4078.737691979653,4421.55
PID1346,Appliances,Size Mismatch,10381,92.62436674479916,4.890561964985274,0.26611367171859934,2762.5260261107796,2860.04
PID1347,Furniture,Changed Mind,891,231.40238472363765,9.663757540404937,0.16332233952251038,145.52020451455675,386.59
PID1348,Books,Wrong Item,26978,270.2140715709197,953.9517812331727,0.07718565530707072,2082.314608874154,3306.48
PID1349,Clothing,Damaged,9874,96.25978988460983,495.0554263442205,0.23865305406405224,2356.460255828452,2947.78
PID1350,Furniture,Size Mismatch,13185,57.83785124719535,979.1275593318954,0.053291970049380154,702.6546251010773,1739.62
PID1351,Clothing,Changed Mind,29238,283.1413758024313,849.0839180172484,0.32173418622476746,9406.864136839751,10539.09
PID1352,Books,Wrong Item,5555,70.99659027686305,900.7721278072478,0.34840685746644345,1935.4000932260933,2907.17
PID1353,Electronics,Size Mismatch,2008,80.20445111224038,209.765880802978,0.3667826538408646,736.4995689124562,1026.47
PID1354,Books,Wrong Item,22035,212.2079687896367,696.2468525719032,0.21961586977643266,4839.235690523694,5747.69
PID1355,Books,Wrong Item,13726,244.57113542741257,532.2992190882198,0.33210011971591763,4558.406243220686,5335.28
PID1356,Clothing,Quality Issue,11177,103.74577371479845,854.6857680528007,0.3906278622126316,4366.047615950583,5324.48
PID1357,Clothing,Wrong Item,6213,61.52504539088633,188.28964173911845,0.19937567295513442,1238.7210560702501,1488.54
PID1358,Books,Changed Mind,13668,194.54036025586456,419.40876571166916,0.15325302873368007,2094.662396731939,2708.61
PID1359,Appliances,Damaged,3412,235.5467737744577,730.7173628361616,0.3428018903811459,1169.6400499804697,2135.9
PID1360,Electronics,Size Mismatch,19943,113.85841893715863,718.9848171043832,0.12031152020329906,2399.372647414393,3232.22
PID1361,Furniture,Quality Issue,24896,216.50868064796782,32.820365072103726,0.1822540669165219,4537.397249953729,4786.73
PID1362,Books,Changed Mind,25180,272.5703274764171,290.6154607215562,0.3969332610099189,9994.779512229758,10557.97
PID1363,Clothing,Wrong Item,20487,181.78459648642192,314.3924849733644,0.3996521059145005,8187.672693870372,8683.85
PID1364,Appliances,Size Mismatch,3202,235.97131103532791,951.1860258556283,0.20107415888094404,643.8394567367828,1831.0
PID1365,Books,Quality Issue,5047,214.56668723102152,465.3961449965551,0.18875493504881535,952.6461571913711,1632.61
PID1366,Electronics,Wrong Item,24900,279.0416370461383,59.334181111909466,0.09291033744030759,2313.467402263659,2651.84
PID1367,Appliances,Size Mismatch,10761,259.0953016416695,483.05209952080065,0.19927194908679735,2144.3654441230265,2886.51
PID1368,Clothing,Quality Issue,5830,127.85960620647958,903.3652546241221,0.23388975488442898,1363.577270976221,2394.8
PID1369,Electronics,Size Mismatch,2792,113.61876140485643,615.8226535975647,0.30802714948995413,860.0118013759519,1589.45
PID1370,Furniture,Damaged,13357,68.59523338826565,439.02686855786885,0.1870902247970498,2498.964132614194,3006.59
PID1371,Furniture,Damaged,19386,229.92033433680177,194.9765086959564,0.1328941970622999,2576.286904249746,3001.18
PID1372,Electronics,Changed Mind,25633,90.66877763150862,629.3161985569299,0.3261854233412461,8361.110956506162,9081.1
PID1373,Furniture,Wrong Item,23471,290.7260775680629,959.9172182383003,0.22952657484359967,5387.218238154128,6637.86
PID1374,Electronics,Changed Mind,3880,98.11064870711587,781.1062206792025,0.39461478862683463,1531.1053798721184,2410.32
PID1375,Clothing,Quality Issue,20324,123.6956635449591,920.1209330128871,0.23649979474406935,4806.621828378466,5850.44
PID1376,Books,Size Mismatch,24368,152.5368083245964,538.6160682997638,0.38350302522106605,9345.201718586937,10036.35
PID1377,Electronics,Size Mismatch,1634,251.7634645361211,983.5705223564904,0.29878554760062026,488.2155847794135,1723.55
PID1378,Books,Wrong Item,8780,89.47347754205144,851.179508993918,0.33103164126204576,2906.457810280762,3847.11
PID1379,Clothing,Quality Issue,682,182.50736923826264,73.20539486217248,0.26706949143548203,182.14139315899874,437.85
PID1380,Electronics,Wrong Item,14451,194.8202871653319,563.4423401033902,0.3133441940962611,4528.136948885069,5286.4
PID1381,Books,Changed Mind,8327,262.89511663040867,204.98412138407042,0.21227380049153943,1767.6039366930488,2235.48
PID1382,Clothing,Damaged,17299,265.83413906508906,517.6566115022408,0.07171972835234511,1240.679580767218,2024.17
PID1383,Appliances,Changed Mind,17947,166.68098266719954,257.0077347823873,0.26143581790053044,4691.98862386082,5115.68
PID1384,Furniture,Size Mismatch,29215,215.70683459360788,947.637365816631,0.1333707352349408,3896.4260298887957,5059.77
PID1385,Clothing,Changed Mind,18772,162.87630507489277,410.11591743907985,0.33330993038053097,6256.894013103328,6829.89
PID1386,Clothing,Damaged,11491,294.7537457548249,593.8445629489827,0.1445896385100307,1661.4795361187628,2550.08
PID1387,Books,Size Mismatch,27354,256.35845989198674,694.4628701370222,0.24327232171756918,6654.471088262388,7605.29
PID1388,Clothing,Quality Issue,6242,201.25424518443333,712.7806940298765,0.14521707155174177,906.4449606259722,1820.48
PID1389,Furniture,Size Mismatch,28722,274.93229483290713,571.6970535004743,0.3792397986188884,10892.525495931714,11739.15
PID1390,Clothing,Wrong Item,28602,134.91082221435317,341.8946819930595,0.2261632507453536,6468.7212978186035,6945.53
PID1391,Books,Quality Issue,18192,196.21641934917173,491.65210334230204,0.2871221199896443,5223.325606851609,5911.19
PID1392,Books,Changed Mind,21757,158.13117254116457,135.18848267110218,0.1958330441058483,4260.739540610941,4554.06
PID1393,Appliances,Wrong Item,6384,229.80586488335726,278.9422273100246,0.3137437685595826,2002.9402184843752,2511.69
PID1394,Electronics,Changed Mind,21020,247.37720153288444,951.5015524513558,0.30968189570521,6509.513447723514,7708.39
PID1395,Appliances,Quality Issue,15723,56.13680304753852,845.7996598179012,0.05085721769526867,799.6280338227093,1701.56
PID1396,Furniture,Damaged,23441,245.16807556029468,47.3336428915494,0.19940893716570718,4674.344896101342,4966.85
PID1397,Electronics,Wrong Item,950,147.44322429705232,440.98871841711184,0.3520076843491332,334.40730013167655,922.84
PID1398,Books,Size Mismatch,4964,179.51823317869264,973.5175548076883,0.1819098569226426,903.0005297639979,2056.04
PID1399,Electronics,Quality Issue,8417,140.72361376653566,540.6053166474666,0.28276762707410125,2380.0551170827102,3061.38
PID1400,Electronics,Size Mismatch,4340,91.67100064142707,302.3840259878322,0.06833674308390622,296.581464984153,690.64
PID1401,Electronics,Wrong Item,10004,160.85898613793495,456.57611640571037,0.29611211799925524,2962.3056284645495,3579.74
PID1402,Appliances,Quality Issue,16395,277.8173971473238,759.1642945947666,0.21150707307883893,3467.658463127564,4504.64
PID1403,Appliances,Changed Mind,12430,251.9016328326065,329.60834288533283,0.07103743556823637,882.9953241131781,1464.51
PID1404,Clothing,Damaged,19572,125.81243861404657,786.3177145026324,0.3375128914363785,6605.8023111928005,7517.93
PID1405,Furniture,Wrong Item,8687,276.00239724547936,364.11686958644304,0.3880466882067218,3370.961580451792,4011.08
PID1406,Clothing,Size Mismatch,13835,140.85829261989514,688.7103951478376,0.32314679628459114,4470.735926597318,5300.3
PID1407,Furniture,Wrong Item,9986,256.41848923939074,441.5736719590341,0.12632636652087723,1261.49509607748,1959.49
PID1408,Books,Damaged,26996,241.52495469083524,668.7579547926549,0.3503557167279033,9458.202928786477,10368.49
PID1409,Furniture,Quality Issue,2040,261.8090459235927,576.9975023091849,0.1418150350911854,289.3026715860182,1128.11
PID1410,Furniture,Quality Issue,16071,141.23823775442483,89.06784485060537,0.3590121849827688,5769.684824858078,5999.99
PID1411,Clothing,Size Mismatch,14019,292.7260862005595,890.872423340922,0.28667791677917875,4018.937715327307,5202.54
PID1412,Books,Damaged,7617,104.09844679391723,974.2653245686554,0.36234988119857514,2760.019045089547,3838.38
PID1413,Books,Quality Issue,18803,257.87176957371304,894.0924139794861,0.37249046145464054,7003.938146731606,8155.9
PID1414,Clothing,Wrong Item,24818,194.56028418572575,460.09208449496873,0.18490126087160508,4588.879492311495,5243.53
PID1415,Appliances,Size Mismatch,7685,105.5143491288334,756.4568585645662,0.21111834781245015,1622.4445029386793,2484.42
PID1416,Furniture,Changed Mind,26157,167.39057507899295,770.3187385187373,0.053336424445082666,1395.1208542100273,2332.83
PID1417,Furniture,Wrong Item,15448,212.54688420671448,573.7301200572572,0.23370283926499763,3610.2414609656835,4396.52
PID1418,Electronics,Wrong Item,24516,190.9405188192977,50.92105211026843,0.36443841044539194,8934.57207047923,9176.43
PID1419,Electronics,Size Mismatch,12311,265.8168084712034,581.5467098598181,0.2402267604633379,2957.431648064153,3804.8
PID1420,Furniture,Damaged,7032,246.14821013352199,893.4701708782056,0.31932487406381366,2245.492514416738,3385.11
PID1421,Clothing,Changed Mind,17880,240.6538959895111,328.96416991504753,0.10124763407933388,1810.3076973384898,2379.93
PID1422,Appliances,Size Mismatch,16144,261.83005801853585,864.688646799398,0.1592974083284413,2571.6973600543565,3698.22
PID1423,Electronics,Quality Issue,1921,293.04769482567144,441.6675143400404,0.339433558224737,652.0518653497197,1386.77
PID1424,Furniture,Size Mismatch,22250,271.535111288433,97.04788362580663,0.1931409459663998,4297.386047752396,4665.97
PID1425,Furniture,Size Mismatch,28610,207.77042627543912,330.65777662287144,0.14960905777756722,4280.315143016198,4818.74
PID1426,Furniture,Changed Mind,23922,136.02352525303408,353.6414327828008,0.1704698046907097,4077.9786678111573,4567.64
PID1427,Appliances,Quality Issue,19676,273.6246992646437,765.2954608736043,0.22852328825225826,4496.424219651433,5535.34
PID1428,Electronics,Size Mismatch,29104,121.66122800054761,340.2233723373537,0.08136847665521739,2368.148144573447,2830.03
PID1429,Appliances,Changed Mind,5203,228.30923224610189,893.4423186960745,0.36601431977923243,1904.3725058113464,3026.12
PID1430,Electronics,Size Mismatch,18011,287.2051596797853,592.3235222904126,0.3489559539785842,6285.04568710828,7164.57
PID1431,Books,Quality Issue,970,56.27359868862409,422.7596095872981,0.20581849517496836,199.64394031971932,678.68
PID1432,Furniture,Changed Mind,29453,297.08946925432883,337.5261265985721,0.11961189247301747,3522.9290690077837,4157.54
PID1433,Furniture,Wrong Item,14074,189.50398636673307,820.5709751713941,0.23850501845231448,3356.719629697874,4366.79
PID1434,Appliances,Size Mismatch,917,293.6266987765269,684.350017988114,0.12179026601135182,111.68167393240961,1089.66
PID1435,Appliances,Wrong Item,1629,288.88198599686734,545.885239095291,0.2561414618446193,417.2544413448848,1252.02
PID1436,Clothing,Wrong Item,29593,262.4303305401974,879.2624868387863,0.05284672176468048,1563.8930371821893,2705.59
PID1437,Clothing,Changed Mind,2874,205.22767093355296,30.15875677513302,0.086386075197689,248.27358011815818,483.66
PID1438,Furniture,Wrong Item,6038,205.49061562431444,732.6977258823216,0.05784891827057953,349.2917685177592,1287.48
PID1439,Books,Changed Mind,5701,258.23265871804193,280.24201561030424,0.28805946500115603,1642.2270099715906,2180.7
PID1440,Appliances,Quality Issue,16866,223.20648390089806,475.80190642630504,0.29832787961801444,5031.598017637431,5730.61
PID1441,Furniture,Damaged,24523,78.81627229574443,861.1946508323086,0.30812159929949057,7556.065979621407,8496.08
PID1442,Appliances,Changed Mind,18633,225.955568456622,271.31342183345765,0.33075675393606374,6162.990596090675,6660.26
PID1443,Furniture,Size Mismatch,28111,280.6117469409801,28.211392143282275,0.10730675497660265,3016.500189147277,3325.32
PID1444,Books,Damaged,1379,267.42561138215126,778.3251323556967,0.23779928118331445,327.92520875179065,1373.68
PID1445,Furniture,Changed Mind,1029,104.24151997283508,409.22429876382915,0.1401162282680437,144.17959888781698,657.65
PID1446,Books,Size Mismatch,1436,110.24182514216844,833.9316155886098,0.09931168723557507,142.6115828702858,1086.79
PID1447,Appliances,Changed Mind,4527,88.02408720048834,720.5785798966208,0.157913534322965,714.8745698800626,1523.48
PID1448,Furniture,Wrong Item,6809,233.69042817174187,388.2490830842452,0.25238014412230503,1718.456401328775,2340.4
PID1449,Appliances,Changed Mind,25441,196.81250549399553,522.5375930113507,0.28742019897107896,7312.25728202322,8031.61
PID1450,Appliances,Damaged,27410,273.3027632410169,647.8618332294756,0.09948532900654766,2726.892868069471,3648.06
PID1451,Furniture,Wrong Item,17748,142.32324649034618,171.66248835606834,0.11379263479648728,2019.5916823680564,2333.58
PID1452,Furniture,Size Mismatch,10375,100.50946124564464,189.03034821565757,0.09883884049360905,1025.4529701211939,1314.99
PID1453,Books,Size Mismatch,20878,129.12155497837844,358.72728792599594,0.18143636479436853,3788.0284241768263,4275.88
PID1454,Furniture,Quality Issue,5002,120.36281629829617,994.8136626508219,0.12880637863983807,644.2895059564701,1759.47
PID1455,Furniture,Damaged,29950,170.37979118689606,592.6250484175048,0.21988745964880668,6585.62941648176,7348.63
PID1456,Electronics,Wrong Item,27294,108.61931184717736,744.4099841011367,0.11423751966746844,3117.9988618038838,3971.03
PID1457,Clothing,Quality Issue,5180,208.67636210630945,760.8986700586722,0.22077739994836698,1143.626931732541,2113.2
PID1458,Appliances,Quality Issue,26141,114.13210692899848,456.8960886674528,0.3809518956077388,9958.463503081899,10529.49
PID1459,Appliances,Size Mismatch,6184,168.78123209567013,866.8834832152303,0.1254840455034943,775.9933373936087,1811.66
PID1460,Electronics,Size Mismatch,13824,64.24503040429568,155.44622570293154,0.20633360583830906,2852.3557671087847,3072.05
PID1461,Appliances,Size Mismatch,26257,184.2486984622256,144.28537563937726,0.3072503393260321,8067.472159683624,8396.01
PID1462,Appliances,Wrong Item,1835,262.35537637329037,685.0669871800567,0.11498803243359935,211.00303951565482,1158.43
PID1463,Electronics,Size Mismatch,19196,221.82240959974803,562.3388731582853,0.18530088548009044,3557.035797675816,4341.2
PID1464,Electronics,Size Mismatch,15881,274.6763102513331,545.8103833971281,0.30630838122385795,4864.4834022160885,5684.97
PID1465,Furniture,Size Mismatch,5339,282.91009828552296,453.88181780717895,0.10490663975789608,560.0965496674071,1296.89
PID1466,Furniture,Changed Mind,2742,171.63070426464196,347.0743206669352,0.24764646752265412,679.0466139471176,1197.75
PID1467,Books,Size Mismatch,25998,206.37205626048708,293.86622532964344,0.2945482940005457,7657.666547426187,8157.9
PID1468,Electronics,Quality Issue,648,196.07988660089623,824.0424557329386,0.26458464261177317,171.45084841242902,1191.57
PID1469,Clothing,Wrong Item,19563,264.24521583944573,708.0929501937435,0.17128281702181714,3350.8057493978085,4323.14
PID1470,Electronics,Size Mismatch,12418,150.6645683335352,460.8294480538448,0.2919508904918631,3625.446158127956,4236.94
PID1471,Books,Damaged,8505,187.97269965617173,216.8404536027403,0.3582195062530033,3046.656900681793,3451.47
PID1472,Electronics,Damaged,28427,138.05683270806344,227.4868553434516,0.27600115340838116,7845.884787940051,8211.43
PID1473,Electronics,Size Mismatch,15970,132.96777666149558,877.6123242762797,0.24325892179544067,3884.8449810731877,4895.43
PID1474,Clothing,Damaged,12046,119.06643167432385,425.00329295978565,0.28719763735157083,3459.5827395370225,4003.65
PID1475,Books,Quality Issue,12785,215.77845106018782,524.2736682403175,0.07811046133102062,998.6422481170986,1738.69
PID1476,Books,Size Mismatch,16775,186.4609074857148,41.56351295302096,0.16310236739338368,2736.0422130240113,2964.07
PID1477,Furniture,Damaged,25609,234.68368362625196,35.54388674508824,0.23184828573538013,5937.40274939735,6207.63
PID1478,Clothing,Changed Mind,4840,245.17669251963332,623.3947004699017,0.2210685812647014,1069.971933321155,1938.54
PID1479,Furniture,Changed Mind,18356,145.09195049943588,197.31334437809778,0.0624536626616822,1146.3994318178386,1488.8
PID1480,Electronics,Changed Mind,14391,259.03870620031796,294.2282503561874,0.17396730512985056,2503.5634881236792,3056.83
PID1481,Books,Damaged,29448,237.81864465786734,13.46555112843506,0.1399608946229439,4121.568424856452,4372.85
PID1482,Clothing,Size Mismatch,19945,210.68144099209644,932.2026080226005,0.34944855602495395,6969.751449917707,8112.64
PID1483,Electronics,Damaged,17983,173.32033274718978,524.2233201152435,0.1543577292033016,2775.8150442629726,3473.36
PID1484,Electronics,Damaged,17373,194.6373281915323,808.1008038017579,0.35785829568748784,6217.072170978726,7219.81
PID1485,Furniture,Damaged,22393,189.5463635045949,998.2716968836066,0.29993910129713275,6716.536295346694,7904.35
PID1486,Furniture,Wrong Item,1772,141.45656458522853,603.7572614372593,0.08031142003094127,142.31183629482794,887.53
PID1487,Furniture,Quality Issue,940,195.47587943405793,313.7389414644378,0.3026637613773601,284.5039356947185,793.72
PID1488,Books,Quality Issue,15904,291.45133973192105,230.52598567108075,0.3704886076338111,5892.250815808132,6414.23
PID1489,Books,Size Mismatch,24750,180.54723610364152,146.49994059948423,0.11762603370182438,2911.2443341201533,3238.29
PID1490,Electronics,Wrong Item,8593,274.58674092312407,20.19283719967291,0.28181845138389816,2421.665952741837,2716.45
PID1491,Clothing,Quality Issue,28454,233.53202584060168,879.313889583095,0.26022986747550936,7404.5806491481435,8517.43
PID1492,Clothing,Changed Mind,14362,213.58110790691825,650.8419652788862,0.33956121267167994,4876.778136390667,5741.2
PID1493,Furniture,Quality Issue,29615,213.77397329619765,731.7846189972321,0.301842956398454,8939.079153740215,9884.64
PID1494,Electronics,Quality Issue,28699,132.95907919782456,460.171632201033,0.3050937738817426,8755.88621663213,9349.02
PID1495,Furniture,Quality Issue,7174,72.0932607656075,243.88580475096856,0.23805495862535264,1707.8062731782798,2023.79
PID1496,Books,Quality Issue,27505,197.05319265683798,524.9147653178634,0.24426844276521398,6718.60351825721,7440.57
PID1497,Clothing,Changed Mind,7971,207.91797785687427,322.57185564161404,0.23959069847992565,1909.7774575834874,2440.27
PID1498,Appliances,Changed Mind,14292,272.99928550720597,275.2499441297911,0.24873663838113086,3554.944035743122,4103.19
PID1499,Electronics,Size Mismatch,18446,279.79705625929796,825.6364404222983,0.24931722247683763,4598.905485807747,5704.34
PID1500,Appliances,Size Mismatch,1054,278.09859687428076,750.4007985523737,0.14888573401592964,156.92556365278983,1185.42
PID1501,Books,Size Mismatch,29231,214.41245497483,567.8129314857607,0.3426916777156349,10017.220431305725,10799.45
PID1502,Electronics,Wrong Item,26069,193.21019105152152,156.483103664402,0.2410691420838189,6284.431464983075,6634.12
PID1503,Books,Wrong Item,17703,148.14955361436492,873.7342204710711,0.06760607215760464,1196.830295406075,2218.71
PID1504,Books,Wrong Item,18825,189.58378679207883,187.85530756050662,0.23940327239935033,4506.76660291777,4884.21
PID1505,Furniture,Changed Mind,2889,140.098398158117,439.7159478262065,0.3465630530892067,1001.2206603747181,1581.04
PID1506,Books,Wrong Item,28186,237.40262028009244,283.3945847097027,0.10449939178557957,2945.419856868346,3466.22
PID1507,Furniture,Quality Issue,5748,129.35841297619612,44.18604463860542,0.1191551652058304,684.9038896031132,858.45
PID1508,Furniture,Changed Mind,28715,193.3540959494281,866.5236394728322,0.34588782209741387,9932.168811527239,10992.05
PID1509,Electronics,Size Mismatch,9044,55.04638876978788,423.2896356383107,0.23896064751958418,2161.1600961671193,2639.5
PID1510,Appliances,Quality Issue,1551,61.1004574416077,996.9981814631562,0.2368154424244846,367.3007512003756,1425.4
PID1511,Appliances,Size Mismatch,3292,159.14495040578467,169.57286522998817,0.11013309748990305,362.55815693676084,691.28
PID1512,Clothing,Quality Issue,9095,169.6232487806475,126.60789594404653,0.3032024928600406,2757.626672562069,3053.86
PID1513,Electronics,Changed Mind,14984,133.3561602830274,951.2235878395796,0.13324911570647255,1996.6047497457846,3081.18
PID1514,Electronics,Changed Mind,17744,232.1128553424284,980.0144936515427,0.3893274731801054,6908.226684107791,8120.35
PID1515,Appliances,Changed Mind,10121,117.53711918361167,321.6769257260754,0.28046221439393,2838.5580718809656,3277.77
PID1516,Electronics,Changed Mind,6021,201.30484336999427,768.0493230927775,0.19472797278680543,1172.4571241493554,2141.81
PID1517,Electronics,Damaged,22248,92.54317144265299,257.0253998897989,0.12825435819484649,2853.4029611189444,3202.97
PID1518,Appliances,Quality Issue,13809,270.67328247585294,554.9798035807531,0.09731546525055065,1343.829259644854,2169.48
PID1519,Books,Quality Issue,24340,221.73979550982938,412.35725059257254,0.20549033103603498,5001.634657417091,5635.73
PID1520,Clothing,Size Mismatch,16347,104.9468904717736,259.46621903797217,0.1959426095148885,3203.0738377398825,3567.49
PID1521,Electronics,Changed Mind,10259,184.14220196270853,431.845308135338,0.1878784732475332,1927.4452570464432,2543.43
PID1522,Clothing,Damaged,13392,175.49186069989258,298.05239774410495,0.1646382042605647,2204.8348314574823,2678.38
PID1523,Books,Size Mismatch,19132,83.37489523367226,772.8546733313134,0.07630253744427194,1459.8201463838109,2316.05
PID1524,Books,Size Mismatch,2540,218.5441630894428,330.86135619380144,0.32239487549056467,818.8829837460343,1368.29
PID1525,Clothing,Size Mismatch,13338,243.84387588567637,546.515722753911,0.10471855507962091,1396.7360876519838,2187.1
PID1526,Electronics,Wrong Item,11689,186.6855510342,233.2206153908257,0.14592656868335863,1705.735661339779,2125.64
PID1527,Books,Changed Mind,6647,95.41582431813183,826.7574217213581,0.0591369440914403,393.08326737580364,1315.26
PID1528,Books,Wrong Item,11379,189.05893906871168,95.13593205656478,0.2918991555264838,3321.5204907358593,3605.72
PID1529,Electronics,Quality Issue,27636,244.27223735299964,994.355725932545,0.19678713740457948,5438.409329312958,6677.04
PID1530,Clothing,Size Mismatch,29817,282.4946339564847,670.0620640132009,0.21783590913125134,6495.213302566521,7447.77
PID1531,Books,Changed Mind,15066,108.07554448375868,89.38144446383501,0.331353377039512,4992.169978477288,5189.63
PID1532,Clothing,Quality Issue,24169,223.69546763712594,17.454078650080863,0.27487104873283214,6643.3583768238195,6884.51
PID1533,Clothing,Damaged,25319,211.97420658505337,284.87875917318183,0.05220360923436326,1321.7431822048434,1818.6
PID1534,Furniture,Wrong Item,12864,281.6648038719328,422.6204492591483,0.17816498833448585,2291.914409934826,2996.2
PID1535,Clothing,Wrong Item,23544,190.15316134425896,624.5800514763397,0.10507124636558116,2473.7974244312427,3288.53
PID1536,Clothing,Quality Issue,7436,107.75335917302274,99.99950062016971,0.16571347281721002,1232.2453838687736,1440.0
PID1537,Electronics,Quality Issue,26280,179.44266187883684,630.1289467122532,0.3890757176725301,10224.90986043409,11034.48
PID1538,Appliances,Changed Mind,25807,167.92985908951772,94.22959121709617,0.38371562623505273,9902.549166248005,10164.71
PID1539,Furniture,Damaged,28096,67.34010970707322,986.3328053055455,0.3265857575768165,9175.753444878237,10229.43
PID1540,Clothing,Size Mismatch,19518,194.398474128493,24.175811543757696,0.3828127223583871,7471.738714990999,7690.31
PID1541,Appliances,Wrong Item,24826,261.2783667691991,986.7490685478201,0.08967882977238659,2226.3666279292693,3474.39
PID1542,Appliances,Wrong Item,955,229.71226393002885,300.35717528347374,0.36375963366273645,347.3904501479133,877.46
PID1543,Electronics,Size Mismatch,20480,183.62534353297588,894.6328726594502,0.050616726115424435,1036.6305508438925,2114.89
PID1544,Clothing,Quality Issue,8355,220.982783789051,678.190426372758,0.18185180194636275,1519.3718052618608,2418.55
PID1545,Furniture,Quality Issue,21139,140.71476589535055,599.6459090807275,0.3630306006664052,7674.10386748714,8414.46
PID1546,Appliances,Damaged,20416,234.53738187907535,629.5620368437692,0.10880006748619075,2221.2621777980703,3085.36
PID1547,Electronics,Wrong Item,23628,59.35489037580095,939.1165213671604,0.2668132998197163,6304.264648140257,7302.74
PID1548,Furniture,Damaged,8596,245.24409964185605,898.5663287278177,0.33995451694652945,2922.249027672367,4066.06
PID1549,Clothing,Wrong Item,440,122.79209796996255,682.0844141145936,0.22571012247168815,99.31245388754279,904.19
PID1550,Electronics,Size Mismatch,27643,232.82466815512657,716.5361313766836,0.15755754345470985,4355.363173718544,5304.72
PID1551,Electronics,Wrong Item,3836,217.14495372109423,220.13356583462362,0.1674975744413441,642.520695556996,1079.8
PID1552,Appliances,Size Mismatch,7896,190.72390632260453,997.0926057673676,0.3223640805671416,2545.38678015815,3733.2
PID1553,Clothing,Damaged,10193,226.9021390615955,635.4323259402247,0.14008575613411894,1427.8941122750743,2290.23
PID1554,Clothing,Size Mismatch,11551,251.30618854275116,426.5530176635282,0.23996602514853171,2771.84755649069,3449.71
PID1555,Books,Quality Issue,21768,299.8732988271787,546.3416190024658,0.32611609191386304,7098.895088780971,7945.11
PID1556,Appliances,Damaged,23132,162.36645425052805,928.6933373781699,0.3186250243023356,7370.434062161627,8461.49
PID1557,Books,Changed Mind,2616,135.1760693095514,431.29951555954295,0.10581909524956504,276.8227531728621,843.3
PID1558,Furniture,Size Mismatch,10028,254.4986640023786,804.0788293762699,0.13728464640005844,1376.690434099786,2435.27
PID1559,Clothing,Changed Mind,16123,91.78356203071496,901.5480593255137,0.1617179660507984,2607.3787666370226,3600.71
PID1560,Clothing,Size Mismatch,4038,161.339194045213,878.6455516091696,0.08307159839606171,335.44311432329715,1375.43
PID1561,Books,Size Mismatch,13282,95.18592835946072,395.024942520258,0.17843574910348337,2369.983619592466,2860.19
PID1562,Furniture,Quality Issue,18263,210.3972192108113,938.9131771884037,0.1534957362754627,2803.292631598775,3952.6
PID1563,Appliances,Wrong Item,25757,188.19596290132128,733.6691443200067,0.0866727784731354,2232.4307551325483,3154.3
PID1564,Electronics,Size Mismatch,6705,230.8138765311081,741.1395367674937,0.22656405012026443,1519.111956056373,2491.07
PID1565,Books,Quality Issue,21852,246.08621502975362,322.5284979404891,0.2817215149216137,6156.178544067102,6724.79
PID1566,Furniture,Wrong Item,10853,108.12247801245185,458.4704667621683,0.10641612586321969,1154.9342139935234,1721.53
PID1567,Books,Changed Mind,13130,123.44505347693556,448.827524472191,0.3165373001076857,4156.134750413913,4728.41
PID1568,Clothing,Size Mismatch,21204,220.97339639086096,977.3247801014226,0.3635618917374984,7708.966352401916,8907.26
PID1569,Clothing,Quality Issue,24369,163.3752690978817,231.07989396971018,0.20786362570676614,5065.428694848184,5459.88
PID1570,Clothing,Size Mismatch,7161,273.4320784887444,486.60334171454167,0.14467467764605285,1036.0153666233846,1796.05
PID1571,Furniture,Changed Mind,20812,135.55796578161141,220.17413130509922,0.1379502930789277,2871.0214995586434,3226.75
PID1572,Furniture,Quality Issue,11128,107.81945961573163,348.09615131146444,0.21429873478583522,2384.7163206967743,2840.63
PID1573,Electronics,Size Mismatch,14681,103.55295221464158,585.7957850060283,0.3672895962398492,5392.178562397226,6081.53
PID1574,Furniture,Quality Issue,5390,126.72368663738344,366.75201886264074,0.2179115180115424,1174.5430820822135,1668.02
PID1575,Clothing,Size Mismatch,25228,97.32680063055173,898.8640191880147,0.37499447470143515,9460.360607767807,10456.55
PID1576,Appliances,Damaged,11840,71.98323162240808,761.2659337812171,0.36535044433949665,4325.74926097964,5159.0
PID1577,Books,Damaged,14811,293.7844719272787,614.7534551286265,0.23791834592600758,3523.8086215100984,4432.35
PID1578,Appliances,Changed Mind,13595,199.47409125737286,907.4852657160172,0.21796914049877575,2963.2904650808564,4070.25
PID1579,Appliances,Wrong Item,23642,60.05378393805553,997.226160553484,0.33039885165686356,7811.2896508715685,8868.57
PID1580,Furniture,Damaged,25969,187.55642202744994,978.6469546735941,0.3892055137806336,10107.277987369274,11273.48
PID1581,Furniture,Wrong Item,6636,264.5153345976095,363.54033200697467,0.12656768545434097,839.9031606750067,1467.96
PID1582,Books,Wrong Item,7860,292.39729547712,287.8488212111712,0.14446184255823424,1135.4700825077211,1715.72
PID1583,Clothing,Damaged,6327,257.8547063260381,864.9894290301701,0.12710791501273117,804.21177828555,1927.06
PID1584,Electronics,Damaged,26845,235.01511262776455,688.6064797111744,0.1729369962663228,4642.493664769436,5566.12
PID1585,Appliances,Wrong Item,19010,147.74159474664685,607.4421523314189,0.05750630678131017,1093.1948919127062,1848.38
PID1586,Appliances,Quality Issue,5466,139.7882549714331,526.546065942735,0.24392135405461163,1333.2741212625072,1999.61
PID1587,Clothing,Changed Mind,16186,189.21237158936307,55.71569164963963,0.3875568991798607,6272.9959701252255,6517.92
PID1588,Books,Damaged,6223,85.73553923740164,209.1869542292254,0.39931646427137857,2484.946357160789,2779.87
PID1589,Electronics,Quality Issue,17493,55.75813267338637,526.8746999274574,0.16695574081908773,2920.556774148302,3503.19
PID1590,Furniture,Size Mismatch,15107,112.71082289225252,873.5327968699997,0.2769226046531595,4183.46978849528,5169.71
PID1591,Furniture,Size Mismatch,9372,268.6243549270432,3.485122427056009,0.1688091762469642,1582.0795997865484,1854.19
PID1592,Electronics,Changed Mind,20538,171.044727475125,887.1206310025676,0.18432544895931674,3785.676070726447,4843.84
PID1593,Appliances,Quality Issue,24212,212.79670048563128,486.5002590399058,0.30255815488563115,7325.538046090901,8024.84
PID1594,Clothing,Wrong Item,3054,182.43622307937656,857.7744554712809,0.36687576713473974,1120.438592829495,2160.65
PID1595,Appliances,Wrong Item,20258,164.3929830368288,417.6845785501212,0.06706811735079761,1358.665921292458,1940.74
PID1596,Clothing,Damaged,17023,276.00864290774246,821.3551689092901,0.34254890994816933,5831.210094047687,6928.57
PID1597,Furniture,Wrong Item,26057,140.03764689284432,905.730925227178,0.3468956578644435,9039.060156973805,10084.83
PID1598,Appliances,Size Mismatch,12897,231.79678583075147,931.5057776626561,0.30936806336949474,3989.919913276374,5153.22
PID1599,Appliances,Changed Mind,14458,169.48128657885914,631.3979574811337,0.2435731460588303,3521.5805457185684,4322.46
PID1600,Appliances,Quality Issue,18394,290.0433015764987,306.69993449654334,0.1591087584889974,2926.646503646618,3523.39
PID1601,Clothing,Quality Issue,24020,246.63060643761955,578.9057232822036,0.2885965816982886,6932.089892392893,7757.63
PID1602,Books,Size Mismatch,17091,285.1916234893827,898.4763497499591,0.26535756798361604,4535.226194407982,5718.89
PID1603,Books,Changed Mind,10452,277.23829356407487,137.73368558789912,0.20055809611319542,2096.2332205751186,2511.21
PID1604,Electronics,Wrong Item,22725,247.35501847397785,982.9857230070954,0.2652039755617198,6026.760344640083,7257.1
PID1605,Books,Quality Issue,26935,298.690679377033,753.81302836868,0.1343200309150629,3617.910032697219,4670.41
PID1606,Appliances,Damaged,11232,218.63413113692422,468.4832972882329,0.11727362849747583,1317.2173952836486,2004.33
PID1607,Furniture,Damaged,3259,186.3946653036389,871.1720986793757,0.09314630690161688,303.5638141923694,1361.13
PID1608,Electronics,Size Mismatch,25769,147.39176830474298,684.2335258662455,0.19968084229124805,5145.575625003171,5977.2
PID1609,Clothing,Size Mismatch,9345,231.27331025902362,188.38653588585174,0.21727355260932896,2030.421349134179,2450.08
PID1610,Electronics,Quality Issue,28855,84.71992763556433,468.2721014833806,0.2259177347833739,6518.856237174254,7071.85
PID1611,Clothing,Damaged,10072,257.47132741515986,449.0336426033625,0.09194388693766223,926.058829236134,1632.56
PID1612,Electronics,Quality Issue,19733,168.25233142223647,203.54188434529763,0.14374985216283973,2836.6158327293165,3208.41
PID1613,Furniture,Changed Mind,24193,121.75946656505627,699.0511544674414,0.341444604040962,8260.569305562994,9081.38
PID1614,Clothing,Size Mismatch,29129,101.0691948897784,150.20654772871688,0.3926769745201576,11438.28759079767,11689.56
PID1615,Electronics,Wrong Item,5553,229.25198821554932,468.23243417926676,0.19733369296416786,1095.7939970300242,1793.28
PID1616,Books,Wrong Item,1453,283.2921622352509,361.36860503937805,0.0782106711242265,113.6401051435011,758.3
PID1617,Furniture,Quality Issue,23466,111.51536482818454,396.5252910853415,0.11499017579084721,2698.3594651080207,3206.4
PID1618,Furniture,Changed Mind,26297,143.0636247200885,854.7651733391439,0.21589838289417812,5677.479774968202,6675.31
PID1619,Furniture,Quality Issue,2716,244.6708594158969,607.802610700871,0.24381862976133017,662.2113984317727,1514.68
PID1620,Clothing,Wrong Item,18603,55.08528087659488,546.4083767465612,0.36896028753740506,6863.768229058346,7465.26
PID1621,Books,Damaged,14916,168.4728963732291,59.25106744511754,0.17830253099000504,2659.560552246915,2887.28
PID1622,Furniture,Size Mismatch,27605,78.54560246749755,731.083246084747,0.06811131598783011,1880.2128778440504,2689.84
PID1623,Books,Damaged,12382,82.76464963223164,610.5470132669698,0.30526560913917783,3779.7987723613,4473.11
PID1624,Clothing,Changed Mind,12252,70.39335682823851,643.543255514866,0.21418382414752318,2624.180213455454,3338.12
PID1625,Clothing,Size Mismatch,1627,212.5453335072051,194.57715590215895,0.384964207899788,626.3367662529552,1033.46
PID1626,Furniture,Quality Issue,28522,262.7698173552958,36.651887902920954,0.12453759368616653,3552.0612471168415,3851.48
PID1627,Appliances,Wrong Item,15119,96.65455899518523,967.5391511085367,0.3483346978471118,5266.472296750483,6330.67
PID1628,Appliances,Damaged,13059,65.57475211612933,554.7937874192027,0.17876285390682556,2334.464109169235,2954.83
PID1629,Appliances,Changed Mind,19907,130.83085918981698,223.33527359818305,0.11743021562732603,2337.6833024931793,2691.85
PID1630,Clothing,Wrong Item,3548,276.33394686310476,274.62996177139553,0.2676838976895507,949.7424690025259,1500.71
PID1631,Electronics,Wrong Item,20179,254.3138600371245,219.48718581067095,0.3693520615908024,7453.155250840802,7926.96
PID1632,Appliances,Quality Issue,29562,119.85387080711527,876.1089494348087,0.39368613278899145,11638.149457508165,12634.11
PID1633,Appliances,Quality Issue,11499,140.97030272028405,707.7705372094882,0.15086079104304112,1734.7482362039298,2583.49
PID1634,Books,Wrong Item,16030,266.05259824529446,883.2112673775194,0.23894126036194235,3830.228403601936,4979.49
PID1635,Furniture,Size Mismatch,26789,50.459883164640935,301.64304663896104,0.3216216246344807,8615.921702333104,8968.02
PID1636,Appliances,Quality Issue,23242,233.75085146013993,360.20615946262404,0.053733902417994965,1248.883359999039,1842.84
PID1637,Clothing,Size Mismatch,10226,289.9615649537326,448.13928120799807,0.10230107615390738,1046.130804749857,1784.23
PID1638,Books,Size Mismatch,6110,288.78126018287213,86.46657593698437,0.05124634820284464,313.11518751938075,688.36
PID1639,Clothing,Size Mismatch,29107,74.46669596826074,683.9564383138987,0.37942244206044995,11043.849021053516,11802.27
PID1640,Appliances,Changed Mind,7104,246.81708118857313,796.7892661604042,0.11029645635284147,783.5460259305858,1827.15
PID1641,Clothing,Wrong Item,2935,171.2140300343491,743.8931907283517,0.38234280984764485,1122.1761469028377,2037.28
PID1642,Electronics,Wrong Item,13907,278.02300371442607,374.8994691824231,0.36180944360292744,5031.6839321859115,5684.61
PID1643,Furniture,Damaged,16820,119.93163522090556,763.0716664093868,0.3293923705499807,5540.379672650675,6423.38
PID1644,Electronics,Size Mismatch,17772,267.1250868650592,646.7951419069375,0.3750359063414621,6665.138127500464,7579.06
PID1645,Appliances,Size Mismatch,27073,133.05598816929165,297.4208637788296,0.2879086491585812,7794.550858670269,8225.03
PID1646,Furniture,Damaged,20105,181.98638860237205,609.4175859284372,0.19496901789727988,3919.852104824812,4711.26
PID1647,Books,Quality Issue,4191,142.66240742848413,629.5887277718564,0.3167622214213534,1327.5504699768921,2099.8
PID1648,Electronics,Quality Issue,5182,132.96232189537886,434.27291784648116,0.14064542385213305,728.8245864017534,1296.06
PID1649,Clothing,Quality Issue,23573,71.08944346979985,641.2149990036459,0.11360201469793142,2677.9402924743376,3390.24
PID1650,Furniture,Wrong Item,11199,105.16578282440929,599.6831154793027,0.32929205909827997,3687.7417698416375,4392.59
PID1651,Appliances,Quality Issue,2856,259.7566481072313,957.3840543230806,0.3003973106601302,857.9347192453318,2075.08
PID1652,Books,Damaged,16929,132.91492991143747,826.024545368732,0.1902590072386648,3220.8947335433563,4179.83
PID1653,Books,Wrong Item,28225,238.22628082688072,798.1957225573267,0.2715441512357808,7664.333668629913,8700.76
PID1654,Electronics,Changed Mind,21422,280.0982937813069,356.8655332332952,0.2633219164279166,5640.882093718829,6277.85
PID1655,Appliances,Size Mismatch,6457,113.22072368570412,14.33070949879145,0.2408863231243133,1555.402988413691,1682.95
PID1656,Clothing,Wrong Item,11579,189.05895378896446,884.8116504068055,0.17430389963701653,2018.2648538970145,3092.14
PID1657,Books,Quality Issue,745,130.1456147975734,827.9880381754048,0.09021722262645285,67.21183085670737,1025.35
PID1658,Furniture,Damaged,16671,264.4685216889628,88.6010576570072,0.29792975074098615,4966.78687460298,5319.86
PID1659,Appliances,Size Mismatch,28759,272.2740891603079,663.0369043043709,0.07501013797504646,2157.2165580243613,3092.53
PID1660,Clothing,Changed Mind,22645,272.65252652905826,556.7523401147106,0.2146955314473425,4861.780309625071,5691.19
PID1661,Furniture,Size Mismatch,4902,90.23560583335193,863.2219091691398,0.28934946021468977,1418.3910539724093,2371.85
PID1662,Electronics,Changed Mind,2358,242.43224082662806,996.1344927370582,0.37560974818838666,885.6877862282157,2124.25
PID1663,Clothing,Wrong Item,9050,167.72264395183257,866.3411413791786,0.13027910886053826,1179.0259351878713,2213.09
PID1664,Furniture,Damaged,21561,110.53214880234626,861.1661133795752,0.11227276147028759,2420.7130100608706,3392.41
PID1665,Books,Changed Mind,18907,195.9958837725588,581.9909427112385,0.0685683415632854,1296.4216339370369,2074.41
PID1666,Appliances,Wrong Item,28532,297.32185917384345,978.0279923072768,0.12267210616348968,3500.0805330566877,4775.43
PID1667,Books,Wrong Item,6451,112.45039102573028,867.2654179166249,0.2787659843794915,1798.3193652320997,2778.04
PID1668,Appliances,Quality Issue,23228,198.3373989483235,875.4956544366311,0.11155152354243272,2591.1187888436275,3664.95
PID1669,Electronics,Wrong Item,1809,125.42052561836793,182.23584955427762,0.29122795713690297,526.8313744606575,834.49
PID1670,Appliances,Changed Mind,9651,163.22793273855478,239.09437532949195,0.22621522584021758,2183.20314458394,2585.53
PID1671,Furniture,Wrong Item,25547,66.41100238306079,643.6531285493454,0.09949611876487387,2541.827346086233,3251.89
PID1672,Electronics,Quality Issue,29914,106.93593848760642,597.8825639700057,0.09371386282662746,2803.356492595734,3508.17
PID1673,Electronics,Damaged,999,71.62198468971907,872.1887945525727,0.2898410950877729,289.55125399268513,1233.36
PID1674,Clothing,Damaged,27943,230.71676572876407,539.8470950139258,0.2855208980724674,7978.3104548389565,8748.87
PID1675,Appliances,Damaged,11645,213.66843355134094,870.9394900737776,0.23770375565496432,2768.0602346020596,3852.67
PID1676,Furniture,Damaged,1369,193.52111556048231,624.3392824784963,0.31922287712469766,437.0161187837111,1254.88
PID1677,Electronics,Quality Issue,506,187.83953327718427,866.069700217005,0.29698780711584444,150.27583040061728,1204.19
PID1678,Furniture,Damaged,13852,171.9966441541692,792.2753780715359,0.24036206503422686,3329.4953248541105,4293.77
PID1679,Furniture,Changed Mind,1267,85.98431631228539,198.09259302232306,0.37943014477233783,480.737993426552,764.81
PID1680,Books,Damaged,17055,73.45539985866696,355.03185040997255,0.2385564889890432,4068.5809197081317,4497.07
PID1681,Clothing,Size Mismatch,4402,65.37265940316878,153.58803787684727,0.1561017103842059,687.1597291112744,906.12
PID1682,Appliances,Quality Issue,3057,264.8149530150003,823.9474782227071,0.2032470474174934,621.3262239552773,1710.09
PID1683,Furniture,Quality Issue,16080,89.38411889997487,559.9056370349193,0.14884758563088168,2393.4691769445776,3042.76
PID1684,Clothing,Wrong Item,8354,141.0971234097529,383.0599617635276,0.1519617805549074,1269.4887147556963,1793.65
PID1685,Books,Changed Mind,19966,193.2856181497977,641.9804255224014,0.26699633569217107,5330.848838429888,6166.11
PID1686,Books,Damaged,7721,81.02681050716458,232.77845243096317,0.13802955784792376,1065.7262161438193,1379.53
PID1687,Appliances,Quality Issue,19519,258.6135178964804,976.6928049274163,0.050551433701286196,986.7134344154052,2222.02
PID1688,Appliances,Wrong Item,17973,101.87928247311075,305.7786649155809,0.3298637820249189,5928.6417543338675,6336.3
PID1689,Books,Changed Mind,17662,130.9386816985699,545.3953991304624,0.3394492467780307,5995.352596593578,6671.69
PID1690,Appliances,Damaged,9158,231.5897456243776,721.601948697137,0.2616828083730216,2396.4911590801316,3349.68
PID1691,Furniture,Quality Issue,24389,191.96538386297826,955.7127824044175,0.3289532378178615,8022.840517139824,9170.52
PID1692,Electronics,Size Mismatch,19710,295.1000290581789,587.4227443179881,0.2760789579803761,5441.516261793214,6324.04
PID1693,Electronics,Changed Mind,16236,59.012639948544425,188.49573652193675,0.28728105654060576,4664.295233993275,4911.8
PID1694,Books,Changed Mind,15981,103.7923952117618,55.90301573825784,0.3959105545050629,6327.04657154541,6486.74
PID1695,Electronics,Wrong Item,9567,207.93208452044004,676.7693280751926,0.2521990707104647,2412.7885094870157,3297.49
PID1696,Electronics,Quality Issue,18576,71.89556547364485,89.90277539397185,0.39756818356445955,7385.226577893401,7547.02
PID1697,Furniture,Quality Issue,22070,86.99730787962177,855.233377497072,0.31601628426037753,6974.479393626532,7916.71
PID1698,Books,Damaged,15568,223.48541882933245,588.2119520571043,0.38282538134296995,5959.825536747357,6771.52
PID1699,Clothing,Quality Issue,10931,247.6209435290052,499.953341287879,0.3484783880286802,3809.217259541503,4556.79
PID1700,Books,Size Mismatch,14865,218.83259220440206,658.1084178616371,0.22714519413144257,3376.513310763894,4253.45
PID1701,Books,Changed Mind,29528,280.9455483070026,380.19599469439294,0.15988236065487518,4721.006345417154,5382.15
PID1702,Books,Size Mismatch,14952,297.9008105050997,648.5666160381312,0.05334729944354987,797.6488212799577,1744.12
PID1703,Appliances,Changed Mind,22624,286.7015418068912,317.90130292360664,0.21354598086274007,4831.264271038632,5435.87
PID1704,Furniture,Size Mismatch,8782,112.64133173704056,622.3446755754173,0.3627453865532406,3185.6299847105593,3920.62
PID1705,Books,Damaged,10834,58.95052531742774,577.7961811869307,0.33896664403026266,3672.3646214238656,4309.11
PID1706,Clothing,Wrong Item,29763,186.56162741763035,159.3656782632449,0.07983883149777077,2376.2431418681513,2722.17
PID1707,Books,Wrong Item,20055,76.81187458172646,123.70501723236605,0.1946093723504725,3902.8909624887256,4103.41
PID1708,Books,Quality Issue,28348,105.96730071350143,963.2178085408897,0.2800519813743441,7938.913567999907,9008.1
PID1709,Appliances,Changed Mind,7060,157.52503709368835,189.30507277601183,0.29788867982884365,2103.0940795916363,2449.92
PID1710,Books,Changed Mind,480,165.18539278466116,641.302960642712,0.13011936347985353,62.4572944703297,868.95
PID1711,Electronics,Quality Issue,11638,201.01037850589356,891.0074629609604,0.33748618518460605,3927.6642231784454,5019.68
PID1712,Clothing,Size Mismatch,21461,256.6458488745286,502.6519698377552,0.17487731208830332,3753.0419947270775,4512.34
PID1713,Books,Wrong Item,21545,213.8990931641767,608.9707366250032,0.3909484405696933,8422.984152074043,9245.85
PID1714,Furniture,Size Mismatch,28415,206.6111992388748,476.80496027351285,0.1391188677120345,3953.06262603746,4636.48
PID1715,Furniture,Size Mismatch,8094,214.1249409321896,298.50412768104815,0.21356549804709934,1728.599141193222,2241.23
PID1716,Books,Wrong Item,25598,90.96892557751477,622.6889947258657,0.15669741104791807,4011.1403280046065,4724.8
PID1717,Electronics,Damaged,760,196.88188920115044,9.583101028079577,0.38992186670142864,296.3406186930858,502.81
PID1718,Clothing,Changed Mind,20710,240.89579406125662,282.5513596888476,0.36465159800300323,7551.934594642197,8075.38
PID1719,Appliances,Wrong Item,16930,120.70480213546459,260.224783148633,0.3646273434136725,6173.140923993475,6554.07
PID1720,Books,Wrong Item,17697,194.5894533064288,501.90831018091467,0.12611282866707077,2231.8187289211514,2928.32
PID1721,Furniture,Wrong Item,10183,217.91801851022433,997.4430128269122,0.3472126914119833,3535.666836648226,4751.03
PID1722,Furniture,Wrong Item,5313,218.8618250099543,153.396677215353,0.27568198842556835,1464.6984045050447,1836.96
PID1723,Clothing,Wrong Item,20910,282.4628038382899,2.7269570098744644,0.30270503230247314,6329.5622254447135,6614.75
PID1724,Furniture,Wrong Item,1187,246.28168298796845,293.17555759832794,0.2670024550581684,316.9319141540459,856.39
PID1725,Electronics,Changed Mind,14588,93.32419469882112,740.9008500482844,0.3405007733595839,4967.22528176961,5801.45
PID1726,Furniture,Changed Mind,20239,89.9321670961391,644.3794973229864,0.3733661497886542,7556.557505572572,8290.87
PID1727,Books,Damaged,23906,116.28075004022676,702.5875626995906,0.11177242015792613,2672.031476295382,3490.9
PID1728,Appliances,Wrong Item,25460,141.1933936646701,563.3553278292894,0.38998035480787335,9928.899833408455,10633.45
PID1729,Furniture,Damaged,4152,205.24446738705524,666.2703291823657,0.18275799614609367,758.811199998581,1630.33
PID1730,Clothing,Wrong Item,2742,149.08616162630966,770.1128999787238,0.15599616870366073,427.74149458543775,1346.94
PID1731,Furniture,Quality Issue,4480,145.8390974853709,76.85747285102784,0.2046869817300685,916.9976781507069,1139.69
PID1732,Appliances,Changed Mind,28402,58.35523492120754,864.2248859548573,0.3292603064929748,9351.65122501347,10274.23
PID1733,Books,Size Mismatch,18911,121.08950192468453,327.99683047130543,0.35246523318788203,6665.470024816037,7114.56
PID1734,Appliances,Wrong Item,4609,165.65056569485512,55.54700322488071,0.31540732829931356,1453.7123761315363,1674.91
PID1735,Clothing,Quality Issue,16387,276.82301716709185,549.1219050485278,0.24226079261817762,3969.9276086340765,4795.87
PID1736,Electronics,Damaged,3912,82.00697328965016,548.9945380855131,0.3115091380895326,1218.6237482062515,1849.63
PID1737,Appliances,Damaged,29189,208.0131200467144,831.0918232215594,0.09077553636847444,2649.6471310594,3688.75
PID1738,Clothing,Size Mismatch,20474,192.8724998716199,333.1450084469395,0.30437204899794934,6231.713331184014,6757.73
PID1739,Electronics,Damaged,21051,128.73191328744076,761.7165269100188,0.3365784968924086,7085.313938082093,7975.76
PID1740,Appliances,Quality Issue,18700,227.5400079795334,804.8550544622713,0.13791584782474148,2579.0263543226656,3611.42
PID1741,Furniture,Size Mismatch,3707,184.35703099400376,647.572777953922,0.2440187023623564,904.5773296572552,1736.51
PID1742,Furniture,Damaged,15308,76.1527216802259,610.783643308382,0.11647383620080098,1782.9814845618614,2469.92
PID1743,Appliances,Size Mismatch,27738,127.36558289939005,287.1425383343048,0.06918547964728158,1919.0668344562966,2333.57
PID1744,Clothing,Damaged,11483,187.92864520929018,103.01341400723251,0.3666502932289787,4210.245317148362,4501.19
PID1745,Electronics,Size Mismatch,9347,169.01901824281353,816.833633973499,0.15731323848050713,1470.4068400773,2456.26
PID1746,Clothing,Changed Mind,16904,270.6002901921077,118.41313896398609,0.30128374381667977,5092.900405477155,5481.91
PID1747,Books,Wrong Item,18131,296.7097302207068,439.4879334698173,0.33879431165848173,6142.679664679932,6878.88
PID1748,Appliances,Wrong Item,2122,287.37136422713667,361.29970424072087,0.2700100769043413,572.9613831910123,1221.63
PID1749,Clothing,Damaged,13859,99.58203813905277,957.8525007681975,0.24574782362233277,3405.81908758191,4463.25
PID1750,Clothing,Quality Issue,10558,298.695320901558,416.2053862701235,0.21103065420570294,2228.0616471038115,2942.96
PID1751,Furniture,Size Mismatch,26642,98.95330324502281,347.73364166345686,0.3969260708423115,10574.904379380863,11021.59
PID1752,Books,Changed Mind,9249,175.3089179683898,297.0597670432411,0.2497543883607592,2309.9783379486616,2782.35
PID1753,Appliances,Wrong Item,23591,244.12990151181506,781.9053381919932,0.1243284778857243,2933.033121802122,3959.07
PID1754,Electronics,Size Mismatch,14738,143.70421768004672,430.5041561632549,0.2114295961851551,3116.049388576816,3690.26
PID1755,Books,Wrong Item,2534,150.5342568812314,465.2856397113684,0.2844939357638705,720.9076332256478,1336.73
PID1756,Furniture,Quality Issue,6836,165.2503863289997,589.2101063535722,0.25634590106183475,1752.3805796587023,2506.84
PID1757,Furniture,Changed Mind,25043,104.4164723580268,201.87792833663443,0.2036633188778051,5100.340494656873,5406.63
PID1758,Books,Quality Issue,26894,145.89392487739144,118.81819049245546,0.07368148867370522,1981.5899563906282,2246.3
PID1759,Furniture,Size Mismatch,6018,87.28810772583523,748.835743454146,0.09075428570938182,546.1592913990598,1382.28
PID1760,Electronics,Damaged,20488,92.88432709274574,271.48208151226186,0.06522137793555903,1336.2555911437335,1700.62
PID1761,Books,Quality Issue,11490,155.2597299211019,695.1487259630626,0.12711457848769053,1460.5465068235642,2310.95
PID1762,Books,Size Mismatch,24415,176.47530359830583,348.1434876836876,0.1228336980080716,2998.984736867068,3523.6
PID1763,Appliances,Damaged,9335,232.69674811236192,940.4920983166894,0.07303306220188101,681.7636356545592,1854.95
PID1764,Furniture,Size Mismatch,15750,209.76373888399058,437.2386115852921,0.3917772037052104,6170.490958357064,6817.49
PID1765,Furniture,Quality Issue,27461,227.95892123307888,513.7086874565598,0.13085892836614377,3593.517031862674,4335.18
PID1766,Furniture,Damaged,12688,213.60028178691357,678.2555176681758,0.10973828733365013,1392.3593896893528,2284.22
PID1767,Clothing,Quality Issue,26591,88.13810452400932,21.847970101560364,0.3066389711138352,8153.836880887992,8263.82
PID1768,Clothing,Quality Issue,8460,292.2160071691065,504.0018824055644,0.252383232380969,2135.1621459429975,2931.38
PID1769,Clothing,Quality Issue,5207,254.53935133219787,865.2512623804311,0.12743826632820707,663.5710527709742,1783.36
PID1770,Furniture,Damaged,12260,202.867460636687,416.8335392858835,0.2213016365086377,2713.1580635958985,3332.86
PID1771,Clothing,Size Mismatch,7447,283.3155983946172,471.5799883450363,0.32123127189591966,2392.2092818089136,3147.1
PID1772,Clothing,Size Mismatch,8366,104.17664978175094,462.9152935984344,0.31899191718904246,2668.686379203529,3235.78
PID1773,Clothing,Damaged,3512,227.0205831285242,447.1561918628948,0.21878684325383024,768.3793935074518,1442.56
PID1774,Appliances,Damaged,15361,192.9269504281814,47.057076823854295,0.2638023759585064,4052.268297098617,4292.25
PID1775,Books,Size Mismatch,4773,139.12594486659154,71.86820767077484,0.2678660327402364,1278.5245742691484,1489.52
PID1776,Clothing,Damaged,15539,143.63678420925157,589.9489349668875,0.23863434726483645,3708.1391221482936,4441.72
PID1777,Electronics,Quality Issue,17407,101.96811727634281,530.0209528214025,0.38011559731199274,6616.672202409857,7248.66
PID1778,Appliances,Wrong Item,16254,98.23735785099683,669.9724932532761,0.20989845289498643,3411.6894533551094,4179.9
PID1779,Appliances,Damaged,26702,67.80391984172799,699.7255648955204,0.15320101550628765,4090.773516048893,4858.3
PID1780,Appliances,Changed Mind,19546,154.28446151414227,360.3030367750699,0.2679021639101396,5236.415695787588,5751.0
PID1781,Appliances,Damaged,28110,115.68518748837718,286.8553092700088,0.1629628559224311,4580.885879979538,4983.43
PID1782,Books,Size Mismatch,7201,223.25487607656882,56.64029531734638,0.2829499570743824,2037.5226408926278,2317.42
PID1783,Electronics,Wrong Item,14062,242.15949618163313,404.77042862662506,0.2306258178437548,3243.06025051888,3889.99
PID1784,Furniture,Wrong Item,6011,210.37440922272654,202.84504913077163,0.0888271433997398,533.9399589758359,947.16
PID1785,Furniture,Changed Mind,18314,133.5136752748153,320.3895867023727,0.16130128108438052,2954.071661779345,3407.97
PID1786,Books,Size Mismatch,2639,257.1844836597053,891.0014488642543,0.3080777076535616,813.0170704977492,1961.2
PID1787,Electronics,Quality Issue,4394,280.9675505236406,836.0326739390945,0.2415286006330572,1061.2766711816532,2178.28
PID1788,Appliances,Wrong Item,17104,198.5878209349994,273.3882452636337,0.22080969410437734,3776.72900796127,4248.71
PID1789,Clothing,Damaged,17871,193.04724981009988,364.11323748907245,0.3619496406687763,6468.402028391701,7025.56
PID1790,Electronics,Quality Issue,23888,69.22193761158098,393.8973494265544,0.05813885232348567,1388.8209043034256,1851.94
PID1791,Clothing,Wrong Item,1426,132.27483015694008,961.3738452046729,0.2582176185901389,368.2183241095381,1461.87
PID1792,Clothing,Size Mismatch,4496,251.12166720632274,44.43943823446994,0.07581078155334636,340.84527386384525,636.41
PID1793,Clothing,Wrong Item,18354,244.8799980567564,710.0037386731555,0.3010125646720764,5524.78461199129,6479.67
PID1794,Clothing,Damaged,5351,289.2524085993833,707.1902659168755,0.2078302551183251,1112.0996951381576,2108.54
PID1795,Electronics,Wrong Item,27484,139.54352687746268,956.0988033332338,0.3837244575311091,10546.282990785003,11641.93
PID1796,Appliances,Damaged,26326,150.2762619565613,121.57239994672642,0.14355688463231953,3779.278544830444,4051.13
PID1797,Books,Size Mismatch,2445,79.12088197443377,173.88968269159412,0.2280356432467579,557.547147738323,810.56
PID1798,Appliances,Damaged,7155,271.3802751265705,768.5230491774474,0.24176517087719845,1729.829797626355,2769.73
PID1799,Furniture,Wrong Item,11988,208.0565940689404,291.2708940230836,0.2069750235648905,2481.2165824959075,2980.54
PID1800,Furniture,Changed Mind,23165,245.5004778534797,932.1706995786054,0.34317752352216085,7949.707332390856,9127.38
PID1801,Books,Wrong Item,24477,276.83754411023006,247.69472896835188,0.2313158291953411,5661.917551214364,6186.45
PID1802,Appliances,Quality Issue,24135,203.2829536639962,315.7919483756085,0.20181295967953577,4870.755781865596,5389.83
PID1803,Books,Quality Issue,5155,110.27045097053372,808.0982262445923,0.33234496336482167,1713.2382861456556,2631.61
PID1804,Clothing,Changed Mind,8868,295.13848582315177,50.4930079351098,0.09642168931395073,855.0675408361151,1200.7
PID1805,Appliances,Wrong Item,9691,97.76619719723635,58.66129395187869,0.32047637863461675,3105.736585348071,3262.16
PID1806,Furniture,Quality Issue,23868,59.83376247903186,109.94204111072203,0.1641901421300742,3918.8903123606115,4088.67
PID1807,Appliances,Damaged,16258,74.1519117899826,263.1870488475574,0.13132612321901033,2135.10011129467,2472.44
PID1808,Electronics,Damaged,28107,117.03921989825854,450.0343251286844,0.3504935303388071,9851.321657232851,10418.4
PID1809,Furniture,Changed Mind,12671,282.3464887761692,209.11704574499169,0.3597112939448959,4557.901805575776,5049.37
PID1810,Books,Changed Mind,2800,101.6504810768813,345.942957673517,0.29440403522751524,824.3312986370427,1271.92
PID1811,Furniture,Quality Issue,21950,163.2628596761224,462.0917598164225,0.12905819415545175,2832.827361712166,3458.18
PID1812,Electronics,Damaged,22484,215.75949670941887,189.7540248106875,0.10200146782871886,2293.401002660915,2698.91
PID1813,Books,Quality Issue,23950,163.28455373217284,497.7603587560032,0.24434166395438306,5851.982851707474,6513.03
PID1814,Books,Changed Mind,17520,211.34465105268785,67.07429859898029,0.3537212456552506,6197.196223879991,6475.62
PID1815,Books,Damaged,12949,98.92348958879103,47.18516420321151,0.33255633583068656,4306.27199267156,4452.38
PID1816,Appliances,Damaged,25965,166.24841508218952,639.9731931055476,0.23078025467306457,5992.209312586121,6798.43
PID1817,Books,Wrong Item,22690,150.59530757907066,53.760422471719416,0.20104160336242255,4561.633980293368,4765.99
PID1818,Electronics,Quality Issue,18860,77.1072300013267,427.3168009871621,0.2603127994405632,4909.499397449022,5413.92
PID1819,Clothing,Damaged,17426,264.01190199996097,641.5496796030665,0.26459118821573047,4610.766045847319,5516.33
PID1820,Electronics,Wrong Item,15827,217.30753839406125,827.0245819224318,0.2528005472556503,4001.0742614151777,5045.41
PID1821,Books,Quality Issue,6887,192.34656336847044,722.7239520801612,0.3228910610563933,2223.7507374953807,3138.82
PID1822,Books,Changed Mind,29319,84.79116930310187,715.5503366827663,0.16258383714555097,4766.795521270409,5567.14
PID1823,Clothing,Quality Issue,11571,285.0233374385,249.76076202586106,0.13328540141392325,1542.245379760506,2077.03
PID1824,Appliances,Damaged,639,260.38237724723945,555.6026089926974,0.055141327578434624,35.23530832261972,851.22
PID1825,Clothing,Size Mismatch,29337,192.7807747970246,659.1814488061586,0.22780592509626268,6683.142424549058,7535.1
PID1826,Appliances,Changed Mind,8758,170.93710360250645,665.3919106893968,0.14830236527272084,1298.832115058489,2135.16
PID1827,Clothing,Size Mismatch,17130,68.753777877592,499.6123557422817,0.3428715384264068,5873.389453244348,6441.76
PID1828,Clothing,Changed Mind,865,251.62019324018914,199.43980298500486,0.06032037942664485,52.1771282040478,503.24
PID1829,Books,Damaged,28911,129.22789580594326,156.61789418202997,0.05976584731078857,1727.8904116022084,2013.74
PID1830,Electronics,Quality Issue,15600,88.23858973353612,685.1493613024611,0.06465327611383997,1008.5911073759036,1781.98
PID1831,Books,Damaged,27031,111.96937482628672,19.003692443480546,0.36032233317632256,9739.872988089175,9870.85
PID1832,Electronics,Wrong Item,7668,266.2963799317354,836.0955573705215,0.26265749855976533,2014.0576989562805,3116.45
PID1833,Books,Size Mismatch,6564,116.13925983372795,195.60518519203774,0.17847578656613422,1171.5150630201051,1483.26
PID1834,Books,Wrong Item,27267,97.9601561369905,485.62527064954185,0.2441582204333969,6657.462196557433,7241.05
PID1835,Furniture,Quality Issue,10779,156.70790046793027,942.5296880730364,0.3368921731322447,3631.3607341924653,4730.6
PID1836,Electronics,Changed Mind,4960,175.56576744119104,903.0384278570074,0.27428513257268816,1360.4542575605333,2439.06
PID1837,Electronics,Damaged,363,162.4995060253409,284.51333710159753,0.09976378023990717,36.214252227086305,483.23
PID1838,Books,Changed Mind,14215,75.82167712824501,460.6480817013667,0.08948268772559329,1271.9964060193086,1808.47
PID1839,Electronics,Changed Mind,9595,232.25814626741283,772.3935482644466,0.1356212665501284,1301.286052548482,2305.94
PID1840,Clothing,Quality Issue,28542,295.8870806374232,531.0159330503359,0.26949996462947506,7692.067990454478,8518.97
PID1841,Clothing,Size Mismatch,16052,275.45917385804603,477.4297241877057,0.06307887220358688,1012.5420566119766,1765.43
PID1842,Furniture,Damaged,2380,291.70591539786153,423.131967380825,0.2345187149184454,558.1545415059,1272.99
PID1843,Appliances,Quality Issue,27670,70.80755386406966,400.14756262914307,0.1392572443193418,3853.2479503161876,4324.2
PID1844,Clothing,Quality Issue,23175,220.32690134806862,471.5176541422871,0.3366874915891556,7802.732617578681,8494.58
PID1845,Clothing,Quality Issue,19281,201.9432242938171,954.8426099353388,0.27063370224069266,5218.088412902795,6374.87
PID1846,Appliances,Wrong Item,9489,135.28096464691956,520.1982917779035,0.21319622377091724,2023.0189673622338,2678.5
PID1847,Books,Damaged,24200,219.5089078521833,205.8426489112305,0.3018398556172349,7304.524505937085,7729.88
PID1848,Electronics,Size Mismatch,26540,87.33193638678381,375.2734349609379,0.1309594652491469,3475.664207712359,3938.27
PID1849,Furniture,Damaged,24965,272.9595497519235,92.00960687413773,0.05933699549936291,1481.348092641595,1846.32
PID1850,Clothing,Damaged,18167,90.5919948917872,412.35405000735915,0.22922837053374262,4164.391807486502,4667.34
PID1851,Furniture,Wrong Item,1715,239.03435328467788,309.6019486262683,0.23132719643587168,396.72614188751993,945.36
PID1852,Clothing,Damaged,13071,160.3826266201537,53.003323462644914,0.21367326545970322,2792.923252823781,3006.31
PID1853,Books,Quality Issue,17345,290.0530534286406,496.9571210797134,0.1756960303160386,3047.4476458316894,3834.46
PID1854,Books,Changed Mind,27205,245.4744891858358,918.7197060386649,0.22439965350179875,6104.7925735164345,7268.99
PID1855,Books,Quality Issue,16978,232.0793379368298,851.9280450037304,0.2908663662444982,4938.32916609909,6022.34
PID1856,Clothing,Size Mismatch,10090,248.59196833329872,573.6197065341192,0.17372171304628303,1752.8520846369959,2575.06
PID1857,Furniture,Damaged,19645,53.40149923840452,720.3363880323175,0.3545769560306238,6965.664301221605,7739.4
PID1858,Furniture,Damaged,22417,107.59530162850315,51.83878530759789,0.28230493087739594,6328.429635478585,6487.86
PID1859,Appliances,Damaged,20218,164.4135838077059,648.9069825968793,0.16855407695014732,3407.8263277780784,4221.15
PID1860,Clothing,Wrong Item,19268,104.92281557826422,672.7382554339428,0.16018475523531328,3086.4398638740163,3864.1
PID1861,Appliances,Size Mismatch,5220,59.23456000975434,502.7505917171904,0.1801964721196363,940.6255844645015,1502.61
PID1862,Clothing,Size Mismatch,25821,76.224000742049,914.0040465103245,0.312133758133603,8059.605768767763,9049.83
PID1863,Clothing,Damaged,24415,114.51374935752247,691.426758947578,0.22814444435245407,5570.146608865166,6376.09
PID1864,Electronics,Changed Mind,13255,118.70767208021597,983.4991771217923,0.05163277739745256,684.3924644032337,1786.6
PID1865,Electronics,Wrong Item,742,281.239339151569,842.8337747876848,0.366284918077004,271.78340921313696,1395.86
PID1866,Furniture,Wrong Item,26602,159.76733764924967,369.07775629187256,0.118760588420806,3159.269173170281,3688.11
PID1867,Appliances,Changed Mind,27091,96.76468313316381,781.2347559218462,0.06491216052619926,1758.5353408152641,2636.53
PID1868,Books,Quality Issue,28156,265.93641167667266,292.50439469412413,0.1199031720390591,3375.9937119317483,3934.43
PID1869,Clothing,Size Mismatch,8221,75.08956876187837,506.55288237565276,0.39554492471716796,3251.774826099838,3833.42
PID1870,Furniture,Damaged,21937,154.39952993138792,148.392661712355,0.23336854105461874,5119.405685115171,5422.2
PID1871,Books,Wrong Item,28944,293.1825619191951,330.1265493701704,0.27455491320265335,7946.7174077375985,8570.03
PID1872,Appliances,Wrong Item,19463,189.75106028168938,882.1183698404302,0.15929077007585565,3100.2762579863784,4172.15
PID1873,Appliances,Changed Mind,21349,282.1108761313046,251.30695303617802,0.3035309612249099,6480.082491190602,7013.5
PID1874,Books,Damaged,1940,156.5861941666181,304.667564790835,0.22048944950514215,427.7495320399758,889.0
PID1875,Furniture,Damaged,16875,90.28112807823275,163.32241006784565,0.2765430727119112,4666.664352013501,4920.27
PID1876,Clothing,Wrong Item,29419,244.51692456507263,370.600406486419,0.23166093505243518,6815.23304830759,7430.35
PID1877,Books,Damaged,24206,177.9705761258653,291.2219202152819,0.2541857384616497,6152.819985202693,6622.01
PID1878,Books,Changed Mind,13813,77.59697564277158,215.48179617350726,0.31917768309172573,4408.801336546007,4701.88
PID1879,Electronics,Wrong Item,25613,246.15475132069548,254.53120432520237,0.3238046145524583,8293.607592532115,8794.29
PID1880,Clothing,Size Mismatch,28954,273.6214349727569,651.4732749975921,0.15129339114315574,4380.5488471589315,5305.64
PID1881,Clothing,Quality Issue,2801,106.267733317053,194.16329042898707,0.3394110431730751,950.6903319277833,1251.12
PID1882,Appliances,Damaged,29302,285.3424970157016,404.12754679236764,0.38184716251584633,11188.88555603933,11878.36
PID1883,Books,Quality Issue,14854,171.6638929595093,548.3892366911557,0.1624355082063379,2412.817038896943,3132.87
PID1884,Furniture,Size Mismatch,17598,192.50449822552324,171.12912447184146,0.36683470518523076,6455.557141849691,6819.19
PID1885,Clothing,Changed Mind,19088,290.03836562923993,675.4919515098089,0.20648170538858668,3941.3227924573425,4906.85
PID1886,Furniture,Quality Issue,5437,206.24537066004046,129.40235716381997,0.10103374947079242,549.3204958726984,884.97
PID1887,Electronics,Size Mismatch,5641,213.0886253746893,209.86618526053257,0.3203513231231207,1807.1018137375238,2230.06
PID1888,Appliances,Size Mismatch,11840,95.16734683629429,119.83173693080795,0.30329406871633197,3591.0017736013706,3806.0
PID1889,Clothing,Wrong Item,10610,165.75932488525189,307.09668314719517,0.3084921773087517,3273.1020012458557,3745.96
PID1890,Furniture,Wrong Item,7158,106.43765447979709,254.28822058301682,0.37345288468280396,2673.175748559511,3033.9
PID1891,Furniture,Quality Issue,21414,229.9167100030238,435.5683580150086,0.11745070314682522,2515.089357186115,3180.57
PID1892,Books,Wrong Item,21443,136.060072280187,940.1556441553986,0.0925547477887116,1984.651456833343,3060.87
PID1893,Clothing,Wrong Item,2878,213.38442899313023,411.39945453661807,0.20366843050247185,586.157742986114,1210.94
PID1894,Electronics,Wrong Item,1953,159.30991097193848,232.1469003274935,0.39808188077070794,777.4539131451926,1168.91
PID1895,Books,Changed Mind,14065,105.77334600949547,506.1359348870749,0.12320177594459054,1732.832978660666,2344.74
PID1896,Books,Size Mismatch,29588,272.91175618445163,831.8852422579195,0.16992654690777398,5027.7866699072165,6132.58
PID1897,Books,Changed Mind,14785,165.92068914109717,46.87361745237328,0.39036733109661137,5771.580990263399,5984.38
PID1898,Books,Wrong Item,11620,73.98151502895828,424.4842386190373,0.36363844423518266,4225.478722012823,4723.94
PID1899,Clothing,Wrong Item,2986,131.4945467270369,756.1567998257709,0.23235376913334388,693.8083546321649,1581.46
PID1900,Appliances,Wrong Item,24253,250.394055863161,415.85870665416127,0.36195210834877106,8778.424483782745,9444.68
PID1901,Appliances,Wrong Item,21016,96.66905419357909,655.551414709711,0.11996550263834531,2521.195003447465,3273.42
PID1902,Furniture,Changed Mind,24462,263.4468529886511,857.652347351112,0.08219495126924913,2010.6528979483721,3131.75
PID1903,Appliances,Changed Mind,22317,183.27734160499068,187.2116841395548,0.31115927963011697,6944.141643505321,7314.63
PID1904,Furniture,Changed Mind,18307,258.2137777989882,395.3702187415987,0.3300580196242396,6042.372165260954,6695.96
PID1905,Appliances,Damaged,14896,83.56571008859919,555.3802951360981,0.31890389347235454,4750.392397164193,5389.34
PID1906,Books,Quality Issue,9116,201.70326190880326,723.7340069771459,0.2325654514539235,2120.0666554539666,3045.5
PID1907,Electronics,Size Mismatch,8233,223.38612517809906,902.8974464108419,0.11214804533779424,923.31485726606,2049.6
PID1908,Appliances,Damaged,27392,194.89956155262752,736.7817411468428,0.3252129975144396,8908.23442791553,9839.92
PID1909,Electronics,Wrong Item,14257,279.6894080354891,823.5188405003372,0.319913337494604,4561.004452660569,5664.21
PID1910,Furniture,Damaged,23170,173.67254891509452,325.725155552948,0.08227852041461493,1906.393318006628,2405.79
PID1911,Furniture,Quality Issue,28908,196.04809761986584,167.49702904462882,0.25116844898059837,7260.777523131138,7624.32
PID1912,Clothing,Damaged,18016,69.78154390563324,166.59075700890645,0.2703228549009749,4870.1365538959635,5106.51
PID1913,Furniture,Size Mismatch,10734,160.73688654470044,701.1137055028381,0.26551015736051864,2849.986029107807,3711.84
PID1914,Electronics,Quality Issue,23150,171.77895601345085,840.557518398323,0.2670493482253064,6182.192411415844,7194.53
PID1915,Appliances,Changed Mind,6579,268.52097632924244,483.57936482767605,0.35387524840919027,2328.145259284063,3080.25
PID1916,Furniture,Damaged,13698,283.728754879942,715.6828684470213,0.13286418419488272,1819.9735951015034,2819.39
PID1917,Clothing,Wrong Item,29476,295.2866709219282,838.4536786870264,0.10398118698420131,3064.949467546318,4198.69
PID1918,Furniture,Size Mismatch,1576,281.6582254538648,44.71673306929025,0.17475091690930045,275.4074450490575,601.78
PID1919,Electronics,Quality Issue,16738,167.19857982918208,691.6531001049906,0.3396909758412319,5685.74755363054,6544.6
PID1920,Electronics,Wrong Item,22890,92.99911100448561,780.6881976022653,0.16649956065987975,3811.1749435046477,4684.86
PID1921,Appliances,Wrong Item,6804,79.22098788820473,629.7347894457546,0.06170268214218064,419.82504929539704,1128.78
PID1922,Appliances,Wrong Item,18931,90.4071457925655,984.091288073654,0.11977859148385533,2267.5285153808654,3342.03
PID1923,Clothing,Quality Issue,5438,169.45745671161814,250.0461428435773,0.29397800209612734,1598.6523753987406,2018.16
PID1924,Books,Quality Issue,8831,262.50987130228435,727.4390954511343,0.07436352731520098,656.7043097205399,1646.65
PID1925,Furniture,Damaged,5654,138.61365294755174,700.2770614357577,0.08407309245467887,475.3492647387543,1314.24
PID1926,Books,Size Mismatch,19287,193.65945496145895,738.0072007733073,0.2614909515518881,5043.375982581266,5975.04
PID1927,Books,Size Mismatch,4121,161.41029011411456,138.11177428718779,0.16121354973412044,664.3610384543103,963.88
PID1928,Electronics,Quality Issue,2215,180.86545166841836,71.00562804968091,0.13476560136491275,298.50580702328176,550.38
PID1929,Appliances,Size Mismatch,26763,62.39316481106131,762.496911691193,0.18617620711808563,4982.633831101326,5807.52
PID1930,Furniture,Wrong Item,21332,222.1875766284075,647.0042205609268,0.32409755777619453,6913.6491024817815,7782.84
PID1931,Furniture,Size Mismatch,7953,66.52418888327864,696.4675551390199,0.06741556655440484,536.1560008071817,1299.15
PID1932,Furniture,Wrong Item,14175,101.61712324999442,255.27853996494508,0.052904670058075955,749.9236980732267,1106.82
PID1933,Appliances,Changed Mind,14495,270.5484084406519,258.89048714915106,0.245311671977831,3555.79268531866,4085.23
PID1934,Appliances,Wrong Item,8002,235.60444703328096,118.16288522368745,0.0559384720357197,447.61965322982905,801.39
PID1935,Clothing,Changed Mind,21233,97.12718374606395,613.784477958655,0.19442922135897905,4128.315657115202,4839.23
PID1936,Clothing,Quality Issue,16052,217.61275481316932,893.8811902074258,0.07713595446868607,1238.1863411313489,2349.68
PID1937,Electronics,Size Mismatch,16227,54.36955538132413,728.6640423113915,0.1388630229046164,2253.3302726732104,3036.36
PID1938,Furniture,Quality Issue,5819,293.4749424660504,899.7457252424213,0.2890192864314819,1681.803227744793,2875.02
PID1939,Appliances,Quality Issue,13331,227.14191828792138,501.47130277780514,0.19401111207573746,2586.362135081656,3314.98
PID1940,Books,Damaged,23870,65.84413329302647,161.47780721256632,0.20460870894102257,4884.009882422209,5111.33
PID1941,Appliances,Changed Mind,21586,107.35470988469368,262.489024639288,0.33163919292957766,7158.763618577864,7528.61
PID1942,Books,Changed Mind,29952,94.53530970259658,368.23890437340276,0.29415643864829827,8810.57365039383,9273.35
PID1943,Electronics,Size Mismatch,7798,250.41374709990444,728.3734114669099,0.18014680317975973,1404.7847711957663,2383.57
PID1944,Books,Damaged,5293,299.5099503799576,125.50997376949536,0.30824409745297493,1631.5360078185963,2056.56
PID1945,Furniture,Changed Mind,19451,151.54323937487666,158.60643012836007,0.15723988759697616,3058.473053648783,3368.62
PID1946,Furniture,Changed Mind,16080,147.77099761693404,973.1426596529931,0.35264371752538565,5670.5109778082015,6791.42
PID1947,Furniture,Damaged,18471,163.89629014520224,276.5562144172091,0.20127246896503548,3717.70377425317,4158.16
PID1948,Electronics,Size Mismatch,22400,261.5630327537681,62.294475627297615,0.15917433775081402,3565.505165618234,3889.36
PID1949,Books,Damaged,8570,294.11420748989383,577.2605956270478,0.06975280047236457,597.7815000481644,1469.16
PID1950,Books,Size Mismatch,15319,211.48069010583876,500.856946396798,0.05565430310356338,852.5682692434874,1564.91
PID1951,Books,Quality Issue,25686,194.30902048556464,840.4801563627523,0.2679502098524511,6882.569090270059,7917.36
PID1952,Furniture,Damaged,1188,55.2200637581698,764.7724267644579,0.0968556817944162,115.06454997176644,935.06
PID1953,Appliances,Changed Mind,18540,249.0026279743146,272.4081870180739,0.33745044251968564,6256.331204314972,6777.74
PID1954,Books,Wrong Item,23934,242.16738949045546,81.09861004338403,0.2729363156366337,6532.45777844719,6855.72
PID1955,Electronics,Wrong Item,4869,72.10475078524999,856.7633568788153,0.243071756768092,1183.51638370384,2112.38
PID1956,Books,Damaged,16983,193.8123373785903,413.3065581210846,0.09960940021923584,1691.6664439232823,2298.79
PID1957,Electronics,Wrong Item,28830,242.04891257077722,748.1773289201267,0.36862316540802237,10627.405858713284,11617.63
PID1958,Appliances,Damaged,25924,107.59325128062834,510.89301284854594,0.27553244517014625,7142.903108590871,7761.39
PID1959,Books,Damaged,12080,284.91398635059494,375.7772678372563,0.12134077324160385,1465.7965407585746,2126.49
PID1960,Clothing,Quality Issue,23454,247.76265041375706,67.00551574250224,0.39782252700397047,9330.529548351124,9645.3
PID1961,Appliances,Wrong Item,2855,221.34168261569752,760.1824000201957,0.20329847836447884,580.4171557305871,1561.94
PID1962,Electronics,Wrong Item,23659,295.1930501830188,808.7266149237496,0.25733741267909727,6088.345846574763,7192.27
PID1963,Electronics,Damaged,8759,261.0283335128321,44.089078353858,0.3310379838304239,2899.561700370683,3204.68
PID1964,Appliances,Changed Mind,2452,112.87989245173401,549.3922712346305,0.35612997480502334,873.2306982219172,1535.5
PID1965,Appliances,Damaged,28806,93.30256178601832,755.58439962281,0.26843477892652623,7732.532241757514,8581.42
PID1966,Clothing,Wrong Item,28111,154.82648589652402,433.61288474494705,0.054528927070682215,1532.8626688839477,2121.3
PID1967,Books,Quality Issue,4872,146.83497258721053,748.4494654499399,0.35287739204412144,1719.2186540389596,2614.5
PID1968,Clothing,Damaged,19045,242.68362331028456,118.9220990945984,0.3562473999345934,6784.731731754332,7146.34
PID1969,Clothing,Damaged,20146,278.7458532753,607.3074307384832,0.28329789326682137,5707.319357753383,6593.37
PID1970,Furniture,Size Mismatch,3491,217.88936594150906,985.5400442554306,0.22599241226211647,788.9395112070486,1992.37
PID1971,Books,Size Mismatch,6405,279.62414928168056,382.771785122291,0.12329441475416678,789.7007265004382,1452.1
PID1972,Electronics,Size Mismatch,2391,166.755465392247,73.96340579467531,0.11350744941716046,271.39631155643065,512.12
PID1973,Books,Wrong Item,14922,151.33365547172957,193.64618958533762,0.1118157703204154,1668.5149247212385,2013.49
PID1974,Appliances,Quality Issue,5271,216.83690942803852,969.9719330295092,0.1756347365029835,925.7706961072261,2112.58
PID1975,Appliances,Changed Mind,21731,262.3248470034977,404.5660282550305,0.07277681756002384,1581.5130223968781,2248.4
PID1976,Appliances,Quality Issue,25065,232.92795056004016,935.4949264541152,0.3200309303339824,8021.575268821269,9190.0
PID1977,Furniture,Size Mismatch,7414,128.17054270752482,685.0174224422884,0.07036616268362314,521.694730136382,1334.88
PID1978,Clothing,Quality Issue,2708,248.31416174104953,585.8358079113414,0.3506951766847433,949.6825384622849,1783.83
PID1979,Electronics,Damaged,24613,94.30394801680626,262.13439899919,0.3605878349623458,8875.148381928217,9231.59
PID1980,Appliances,Wrong Item,21490,172.4026579694903,793.2246372979544,0.2252295998512165,4840.184100802642,5805.81
PID1981,Appliances,Size Mismatch,5186,50.5481892086758,364.39608726663045,0.3363738295942471,1744.4346802757655,2159.38
PID1982,Clothing,Size Mismatch,15446,239.62163238386077,260.2865433726261,0.2991356765813917,4620.449660476176,5120.36
PID1983,Furniture,Size Mismatch,18296,292.1153138088763,121.90286174649057,0.2576354876331237,4713.698881735631,5127.72
PID1984,Electronics,Damaged,2413,205.26133896368026,839.0241473469071,0.3177643896983449,766.7654723421062,1811.05
PID1985,Clothing,Wrong Item,24460,130.85000536704285,988.8616405846392,0.06704403194364297,1639.897021341507,2759.61
PID1986,Electronics,Wrong Item,11900,274.73178931146674,952.6815981594988,0.13061844283530216,1554.3594697400956,2781.77
PID1987,Appliances,Wrong Item,25301,204.87285564398775,995.5070462362645,0.14110525080493447,3570.103950615647,4770.48
PID1988,Clothing,Size Mismatch,4940,50.04549757076527,924.1066247969355,0.2270543365841463,1121.6484227256828,2095.8
PID1989,Furniture,Quality Issue,16195,281.0948307021605,429.9401273739973,0.14302308629048457,2316.2588824743975,3027.29
PID1990,Books,Wrong Item,16536,189.47883750405748,265.01022687859245,0.20052259844622455,3315.841687906769,3770.33
PID1991,Clothing,Wrong Item,11391,105.66569507315737,965.478034344477,0.09688290921182559,1103.5932188319052,2174.74
PID1992,Clothing,Size Mismatch,13103,123.0322411741304,964.0629287522225,0.155713946120681,2040.3198360192832,3127.42
PID1993,Electronics,Wrong Item,22491,255.35521816721652,455.0825251643452,0.3735133598466782,8400.68897631164,9111.13
PID1994,Books,Size Mismatch,17433,55.59665496034234,562.3034932254607,0.28435904157988245,4957.23117186209,5575.13
PID1995,Clothing,Wrong Item,3957,246.73880175937236,773.6923192760964,0.159959421138742,632.9594294460021,1653.39
PID1996,Clothing,Damaged,18302,89.91621422723615,57.91388082285387,0.05590053962097506,1023.0916761430856,1170.92
PID1997,Clothing,Wrong Item,19898,108.34602716446679,205.28259711039686,0.13322145937879468,2650.8405987192564,2964.47
PID1998,Electronics,Changed Mind,23507,60.637468990737226,366.239847248216,0.16485049241407967,3875.140525177771,4302.02
PID1999,Books,Wrong Item,7256,179.88723616936534,349.9514314528197,0.0990715070672735,718.8628552801365,1248.7
