ShipmentID,OriginCity,DestinationCity,DistanceKM,PackageWeightKG,PackageSize,TransportMode,DispatchTime,ScheduledDeliveryDays,TrafficCondition,WeatherCondition,OperationalDisruption,NumStops,DeliveryPartner,CustomerPriority,ActualDeliveryDays,DelayCategory
10001,Delhi,Hyderabad,860.2,9.49,Oversize,Air,2024-07-13 02:00:00,9,Moderate,Clear,None,3,3PL-A,Low,<function <lambda> at 0x7cd864291300>,On-Time
10002,Bangalore,Mumbai,849.7,13.0,Large,Road,2024-08-18 04:00:00,5,Heavy,Clear,None,4,3PL-B,High,<function <lambda> at 0x7cd864291300>,Cancelled
10003,Hyderabad,Hyderabad,385.3,0.5,Large,Sea,2024-04-05 19:00:00,6,Moderate,Clear,None,0,3PL-C,Low,<function <lambda> at 0x7cd864291300>,On-Time
10004,Hyderabad,Chennai,731.5,1.17,Oversize,Sea,2024-03-12 02:00:00,1,Clear,Rainy,Vehicle Breakdown,0,3PL-A,Low,<function <lambda> at 0x7cd864291300>,On-Time
10005,Delhi,Delhi,1065.9,3.07,Large,Road,2024-01-29 04:00:00,8,Jam,Clear,None,3,3PL-B,Medium,<function <lambda> at 0x7cd864291300>,On-Time
10006,Hyderabad,Chennai,1047.0,0.5,Oversize,Rail,2024-07-29 17:00:00,5,Moderate,Clear,None,4,Internal,High,<function <lambda> at 0x7cd864291300>,On-Time
10007,Delhi,Mumbai,807.4,7.36,Small,Rail,2024-12-13 02:00:00,6,Clear,Clear,None,2,Internal,High,<function <lambda> at 0x7cd864291300>,On-Time
10008,Kolkata,Mumbai,856.5,2.36,Medium,Air,2024-10-14 15:00:00,4,Heavy,Clear,None,4,Internal,Low,<function <lambda> at 0x7cd864291300>,On-Time
10009,Chennai,Delhi,1076.9,2.4,Small,Sea,2024-08-06 15:00:00,1,Moderate,Stormy,None,3,3PL-A,Low,<function <lambda> at 0x7cd864291300>,Minor Delay
10010,Bangalore,Chennai,895.9,0.5,Medium,Rail,2024-09-28 03:00:00,5,Clear,Clear,None,4,3PL-B,High,<function <lambda> at 0x7cd864291300>,On-Time
10011,Mumbai,Delhi,518.6,5.94,Oversize,Road,2024-05-18 08:00:00,6,Heavy,Clear,System Outage,0,3PL-C,Medium,<function <lambda> at 0x7cd864291300>,On-Time
10012,Delhi,Delhi,719.5,1.28,Oversize,Air,2024-01-11 18:00:00,4,Heavy,Rainy,None,1,Internal,Medium,<function <lambda> at 0x7cd864291300>,Minor Delay
10013,Kolkata,Mumbai,809.2,6.67,Small,Road,2024-03-17 11:00:00,4,Clear,Clear,None,2,Internal,Low,<function <lambda> at 0x7cd864291300>,On-Time
10014,Kolkata,Delhi,912.0,9.56,Oversize,Rail,2024-05-24 19:00:00,3,Clear,Clear,None,3,Internal,High,<function <lambda> at 0x7cd864291300>,Minor Delay
10015,Mumbai,Chennai,891.3,7.01,Medium,Road,2024-09-13 08:00:00,2,Moderate,Clear,None,2,3PL-A,Low,<function <lambda> at 0x7cd864291300>,Minor Delay
10016,Delhi,Kolkata,548.4,4.8,Large,Air,2024-11-14 19:00:00,9,Clear,Clear,None,3,Internal,High,<function <lambda> at 0x7cd864291300>,On-Time
10017,Bangalore,Delhi,904.3,10.5,Small,Air,2024-03-30 22:00:00,6,Clear,Clear,None,3,3PL-B,High,<function <lambda> at 0x7cd864291300>,On-Time
10018,Kolkata,Hyderabad,934.9,0.87,Medium,Road,2024-10-11 12:00:00,5,Clear,Clear,Strike,2,Internal,Low,<function <lambda> at 0x7cd864291300>,On-Time
10019,Chennai,Chennai,723.8,6.39,Large,Rail,2024-12-25 06:00:00,4,Clear,Clear,System Outage,2,3PL-A,High,<function <lambda> at 0x7cd864291300>,On-Time
10020,Hyderabad,Chennai,1472.1,3.87,Medium,Road,2024-06-04 10:00:00,5,Heavy,Foggy,None,4,Internal,Low,<function <lambda> at 0x7cd864291300>,On-Time
10021,Bangalore,Hyderabad,1134.4,6.93,Large,Rail,2024-04-04 03:00:00,3,Clear,Clear,None,0,3PL-C,High,<function <lambda> at 0x7cd864291300>,Minor Delay
10022,Hyderabad,Chennai,954.6,5.75,Medium,Rail,2024-09-08 14:00:00,4,Clear,Clear,None,0,Internal,Medium,<function <lambda> at 0x7cd864291300>,On-Time
10023,Bangalore,Chennai,744.6,6.25,Large,Road,2024-09-20 20:00:00,9,Moderate,Clear,None,4,3PL-A,Low,<function <lambda> at 0x7cd864291300>,On-Time
10024,Chennai,Chennai,814.2,3.86,Medium,Sea,2024-07-20 20:00:00,5,Clear,Foggy,None,1,3PL-A,Medium,<function <lambda> at 0x7cd864291300>,Minor Delay
10025,Bangalore,Chennai,619.8,0.5,Large,Rail,2024-09-19 19:00:00,8,Clear,Clear,None,4,Internal,High,<function <lambda> at 0x7cd864291300>,On-Time
10026,Chennai,Kolkata,67.7,5.28,Large,Road,2024-08-09 17:00:00,5,Heavy,Clear,None,4,Internal,High,<function <lambda> at 0x7cd864291300>,On-Time
10027,Hyderabad,Delhi,1064.8,0.5,Medium,Road,2024-08-21 19:00:00,6,Moderate,Clear,None,0,Internal,High,<function <lambda> at 0x7cd864291300>,On-Time
10028,Bangalore,Hyderabad,1198.9,3.97,Large,Rail,2024-02-29 03:00:00,7,Clear,Stormy,None,1,3PL-C,Low,<function <lambda> at 0x7cd864291300>,On-Time
10029,Delhi,Bangalore,1085.3,3.09,Oversize,Road,2024-06-05 05:00:00,8,Clear,Clear,None,2,3PL-A,Medium,<function <lambda> at 0x7cd864291300>,On-Time
10030,Mumbai,Delhi,714.9,10.09,Small,Road,2024-06-10 22:00:00,6,Moderate,Clear,System Outage,0,Internal,Low,<function <lambda> at 0x7cd864291300>,On-Time
10031,Mumbai,Mumbai,1070.2,5.55,Medium,Air,2024-02-03 02:00:00,4,Heavy,Clear,Vehicle Breakdown,1,3PL-B,Medium,<function <lambda> at 0x7cd864291300>,On-Time
10032,Mumbai,Hyderabad,612.8,2.47,Medium,Air,2024-12-05 01:00:00,2,Heavy,Rainy,None,2,Internal,High,<function <lambda> at 0x7cd864291300>,On-Time
10033,Chennai,Hyderabad,812.1,5.62,Medium,Road,2024-08-16 12:00:00,2,Clear,Foggy,None,4,3PL-B,High,<function <lambda> at 0x7cd864291300>,Minor Delay
10034,Delhi,Chennai,634.9,0.5,Oversize,Road,2024-10-08 14:00:00,6,Moderate,Clear,None,4,Internal,High,<function <lambda> at 0x7cd864291300>,On-Time
10035,Bangalore,Kolkata,899.4,5.49,Small,Road,2024-05-02 13:00:00,3,Moderate,Foggy,None,0,Internal,Low,<function <lambda> at 0x7cd864291300>,On-Time
10036,Mumbai,Kolkata,342.6,3.58,Medium,Air,2024-12-25 21:00:00,7,Heavy,Clear,None,0,3PL-B,Low,<function <lambda> at 0x7cd864291300>,Minor Delay
10037,Kolkata,Bangalore,1126.2,6.87,Oversize,Road,2024-03-05 17:00:00,6,Moderate,Clear,None,1,3PL-B,Medium,<function <lambda> at 0x7cd864291300>,On-Time
10038,Hyderabad,Hyderabad,944.9,6.92,Large,Road,2024-04-17 12:00:00,3,Clear,Clear,None,2,3PL-B,Medium,<function <lambda> at 0x7cd864291300>,Minor Delay
10039,Mumbai,Delhi,1129.9,6.59,Large,Sea,2024-02-20 09:00:00,5,Clear,Foggy,None,2,3PL-B,High,<function <lambda> at 0x7cd864291300>,Minor Delay
10040,Delhi,Kolkata,952.4,2.71,Medium,Road,2024-03-03 02:00:00,5,Clear,Clear,None,0,Internal,Medium,<function <lambda> at 0x7cd864291300>,Major Delay
10041,Kolkata,Chennai,1014.2,7.57,Oversize,Air,2024-04-20 06:00:00,2,Moderate,Clear,None,4,3PL-B,Medium,<function <lambda> at 0x7cd864291300>,On-Time
10042,Mumbai,Hyderabad,1033.3,6.0,Small,Road,2024-03-07 14:00:00,8,Heavy,Clear,None,1,3PL-B,Low,<function <lambda> at 0x7cd864291300>,On-Time
10043,Chennai,Chennai,1033.4,7.07,Oversize,Road,2024-06-02 07:00:00,7,Moderate,Clear,None,0,Internal,Low,<function <lambda> at 0x7cd864291300>,Minor Delay
10044,Delhi,Delhi,447.8,4.31,Small,Rail,2024-08-25 10:00:00,9,Clear,Clear,None,3,3PL-C,Medium,<function <lambda> at 0x7cd864291300>,Major Delay
10045,Mumbai,Delhi,367.8,6.64,Small,Air,2024-07-21 17:00:00,8,Moderate,Clear,None,3,3PL-A,Low,<function <lambda> at 0x7cd864291300>,Minor Delay
10046,Chennai,Chennai,435.4,1.82,Small,Road,2024-07-24 12:00:00,6,Clear,Clear,None,0,3PL-A,Medium,<function <lambda> at 0x7cd864291300>,Minor Delay
10047,Chennai,Kolkata,623.9,0.5,Large,Rail,2024-10-28 17:00:00,1,Moderate,Clear,None,0,Internal,High,<function <lambda> at 0x7cd864291300>,Cancelled
10048,Bangalore,Delhi,902.8,5.84,Medium,Road,2024-07-16 06:00:00,9,Jam,Clear,None,4,3PL-B,Low,<function <lambda> at 0x7cd864291300>,On-Time
10049,Kolkata,Delhi,794.7,8.83,Small,Road,2024-10-28 03:00:00,2,Moderate,Clear,None,4,3PL-A,Medium,<function <lambda> at 0x7cd864291300>,On-Time
10050,Chennai,Delhi,423.0,2.11,Medium,Road,2024-05-22 14:00:00,4,Moderate,Stormy,None,4,3PL-A,Medium,<function <lambda> at 0x7cd864291300>,On-Time
10051,Mumbai,Bangalore,1038.3,5.57,Small,Air,2024-11-20 23:00:00,1,Clear,Clear,None,3,3PL-A,Low,<function <lambda> at 0x7cd864291300>,Minor Delay
10052,Kolkata,Chennai,1160.9,3.54,Oversize,Rail,2024-05-17 16:00:00,7,Heavy,Clear,System Outage,3,3PL-C,Medium,<function <lambda> at 0x7cd864291300>,On-Time
10053,Delhi,Hyderabad,680.1,7.02,Oversize,Road,2024-09-04 13:00:00,9,Heavy,Clear,None,1,3PL-A,Medium,<function <lambda> at 0x7cd864291300>,Cancelled
10054,Delhi,Mumbai,670.8,7.51,Large,Road,2024-02-20 07:00:00,9,Moderate,Clear,None,1,Internal,Low,<function <lambda> at 0x7cd864291300>,On-Time
10055,Mumbai,Bangalore,1018.9,2.74,Oversize,Air,2024-06-28 15:00:00,1,Moderate,Rainy,None,1,Internal,High,<function <lambda> at 0x7cd864291300>,On-Time
10056,Mumbai,Chennai,623.4,7.44,Medium,Sea,2024-11-21 10:00:00,9,Clear,Clear,None,2,3PL-B,Medium,<function <lambda> at 0x7cd864291300>,Minor Delay
10057,Mumbai,Chennai,679.0,3.47,Medium,Road,2024-02-27 10:00:00,3,Jam,Clear,None,0,3PL-C,Low,<function <lambda> at 0x7cd864291300>,On-Time
10058,Chennai,Chennai,386.6,0.5,Small,Road,2024-06-11 19:00:00,5,Clear,Clear,None,3,3PL-B,Low,<function <lambda> at 0x7cd864291300>,On-Time
10059,Delhi,Mumbai,885.2,1.54,Large,Road,2024-12-02 01:00:00,2,Clear,Rainy,None,2,3PL-B,Low,<function <lambda> at 0x7cd864291300>,On-Time
10060,Kolkata,Chennai,1202.6,6.64,Medium,Road,2024-05-25 09:00:00,5,Heavy,Rainy,Vehicle Breakdown,4,3PL-A,Low,<function <lambda> at 0x7cd864291300>,On-Time
10061,Delhi,Delhi,988.6,8.29,Oversize,Road,2024-07-20 13:00:00,1,Clear,Clear,None,4,3PL-A,High,<function <lambda> at 0x7cd864291300>,Minor Delay
10062,Hyderabad,Kolkata,614.7,1.84,Small,Road,2024-08-07 23:00:00,7,Heavy,Clear,None,3,3PL-C,Medium,<function <lambda> at 0x7cd864291300>,Minor Delay
10063,Hyderabad,Bangalore,503.5,10.37,Small,Road,2024-02-18 17:00:00,9,Moderate,Rainy,None,3,3PL-B,High,<function <lambda> at 0x7cd864291300>,On-Time
10064,Kolkata,Kolkata,973.4,0.5,Oversize,Road,2024-09-28 01:00:00,8,Heavy,Foggy,None,3,Internal,Medium,<function <lambda> at 0x7cd864291300>,Minor Delay
10065,Bangalore,Mumbai,801.8,0.5,Medium,Road,2024-09-17 21:00:00,7,Clear,Clear,None,1,3PL-C,Low,<function <lambda> at 0x7cd864291300>,On-Time
10066,Kolkata,Bangalore,908.5,0.5,Large,Air,2024-08-17 17:00:00,9,Clear,Clear,None,3,3PL-A,High,<function <lambda> at 0x7cd864291300>,On-Time
10067,Delhi,Hyderabad,1133.8,4.86,Medium,Air,2024-05-26 07:00:00,3,Clear,Clear,None,0,3PL-A,Low,<function <lambda> at 0x7cd864291300>,Cancelled
10068,Chennai,Delhi,820.9,3.89,Medium,Road,2024-05-31 22:00:00,8,Moderate,Clear,None,4,3PL-B,High,<function <lambda> at 0x7cd864291300>,On-Time
10069,Chennai,Kolkata,975.2,3.01,Oversize,Road,2024-07-12 02:00:00,5,Moderate,Clear,None,3,3PL-B,High,<function <lambda> at 0x7cd864291300>,On-Time
10070,Chennai,Bangalore,630.8,3.47,Large,Road,2024-05-26 09:00:00,9,Clear,Foggy,None,0,Internal,High,<function <lambda> at 0x7cd864291300>,On-Time
10071,Delhi,Delhi,505.0,1.88,Oversize,Road,2024-03-19 07:00:00,7,Clear,Clear,None,2,3PL-A,High,<function <lambda> at 0x7cd864291300>,On-Time
10072,Hyderabad,Hyderabad,777.9,5.26,Large,Road,2024-12-29 09:00:00,1,Heavy,Clear,None,0,3PL-B,Medium,<function <lambda> at 0x7cd864291300>,Major Delay
10073,Hyderabad,Chennai,1147.0,5.05,Large,Air,2024-12-10 21:00:00,8,Jam,Rainy,None,0,Internal,Low,<function <lambda> at 0x7cd864291300>,Cancelled
10074,Chennai,Hyderabad,1165.2,4.21,Medium,Sea,2024-10-22 09:00:00,9,Moderate,Clear,None,0,3PL-B,High,<function <lambda> at 0x7cd864291300>,Minor Delay
10075,Hyderabad,Delhi,651.3,11.49,Large,Air,2024-10-30 13:00:00,4,Jam,Stormy,None,3,3PL-C,High,<function <lambda> at 0x7cd864291300>,Minor Delay
10076,Kolkata,Delhi,844.3,7.98,Large,Road,2024-12-02 06:00:00,7,Clear,Clear,None,0,3PL-C,Low,<function <lambda> at 0x7cd864291300>,On-Time
10077,Bangalore,Chennai,516.3,2.16,Small,Rail,2024-03-16 00:00:00,4,Clear,Clear,None,0,3PL-A,High,<function <lambda> at 0x7cd864291300>,On-Time
10078,Hyderabad,Chennai,552.5,16.1,Large,Sea,2024-09-21 05:00:00,4,Heavy,Rainy,None,2,Internal,High,<function <lambda> at 0x7cd864291300>,On-Time
10079,Delhi,Chennai,1143.8,3.48,Small,Road,2024-05-08 01:00:00,3,Clear,Clear,None,1,3PL-A,Low,<function <lambda> at 0x7cd864291300>,On-Time
10080,Delhi,Hyderabad,942.0,4.85,Medium,Road,2024-03-04 07:00:00,8,Heavy,Clear,Vehicle Breakdown,4,3PL-B,Low,<function <lambda> at 0x7cd864291300>,Minor Delay
10081,Bangalore,Mumbai,544.2,5.05,Small,Air,2024-01-19 18:00:00,3,Heavy,Foggy,None,1,3PL-C,Low,<function <lambda> at 0x7cd864291300>,On-Time
10082,Kolkata,Chennai,851.7,2.2,Small,Rail,2024-11-08 10:00:00,2,Clear,Rainy,None,0,3PL-C,Low,<function <lambda> at 0x7cd864291300>,On-Time
10083,Bangalore,Delhi,1133.5,8.74,Large,Rail,2024-08-06 06:00:00,7,Clear,Clear,None,0,3PL-A,Medium,<function <lambda> at 0x7cd864291300>,Minor Delay
10084,Kolkata,Mumbai,629.2,5.31,Large,Road,2024-07-03 16:00:00,1,Moderate,Clear,None,2,3PL-B,High,<function <lambda> at 0x7cd864291300>,Cancelled
10085,Hyderabad,Kolkata,832.0,5.72,Large,Sea,2024-09-18 18:00:00,3,Heavy,Clear,None,3,3PL-B,High,<function <lambda> at 0x7cd864291300>,On-Time
10086,Chennai,Hyderabad,1013.0,5.41,Oversize,Air,2024-03-26 15:00:00,9,Moderate,Clear,None,1,Internal,High,<function <lambda> at 0x7cd864291300>,Major Delay
10087,Hyderabad,Kolkata,1390.8,6.56,Large,Air,2024-04-11 09:00:00,9,Heavy,Foggy,Strike,3,3PL-B,Low,<function <lambda> at 0x7cd864291300>,On-Time
10088,Hyderabad,Chennai,803.8,6.87,Oversize,Rail,2024-11-27 16:00:00,2,Moderate,Clear,None,2,3PL-C,High,<function <lambda> at 0x7cd864291300>,Cancelled
10089,Chennai,Kolkata,671.4,5.47,Medium,Rail,2024-12-20 08:00:00,9,Clear,Clear,None,1,Internal,High,<function <lambda> at 0x7cd864291300>,Major Delay
10090,Delhi,Bangalore,603.3,3.58,Small,Road,2024-08-19 10:00:00,8,Clear,Clear,None,1,3PL-C,Low,<function <lambda> at 0x7cd864291300>,On-Time
10091,Bangalore,Bangalore,783.8,0.5,Oversize,Road,2024-04-08 00:00:00,8,Moderate,Clear,System Outage,4,Internal,Medium,<function <lambda> at 0x7cd864291300>,Minor Delay
10092,Kolkata,Chennai,747.5,7.83,Small,Road,2024-07-29 07:00:00,5,Jam,Clear,None,4,3PL-A,High,<function <lambda> at 0x7cd864291300>,On-Time
10093,Kolkata,Chennai,929.9,8.56,Small,Road,2024-06-25 04:00:00,1,Moderate,Stormy,None,0,3PL-C,High,<function <lambda> at 0x7cd864291300>,On-Time
10094,Hyderabad,Chennai,511.0,6.66,Medium,Road,2024-06-25 00:00:00,4,Heavy,Clear,Strike,2,3PL-C,High,<function <lambda> at 0x7cd864291300>,On-Time
10095,Mumbai,Mumbai,800.0,5.42,Oversize,Air,2024-12-06 08:00:00,2,Jam,Clear,None,0,3PL-A,High,<function <lambda> at 0x7cd864291300>,On-Time
10096,Mumbai,Chennai,259.2,4.39,Oversize,Road,2024-06-08 04:00:00,8,Clear,Rainy,None,4,3PL-A,Low,<function <lambda> at 0x7cd864291300>,On-Time
10097,Mumbai,Hyderabad,1184.7,3.56,Medium,Rail,2024-04-21 05:00:00,1,Clear,Clear,None,1,3PL-A,High,<function <lambda> at 0x7cd864291300>,On-Time
10098,Chennai,Delhi,1029.7,6.95,Oversize,Road,2024-02-04 01:00:00,8,Clear,Clear,Vehicle Breakdown,3,3PL-B,Medium,<function <lambda> at 0x7cd864291300>,On-Time
10099,Bangalore,Delhi,999.6,6.01,Large,Road,2024-05-20 10:00:00,8,Heavy,Clear,None,0,3PL-C,High,<function <lambda> at 0x7cd864291300>,Major Delay
10100,Delhi,Delhi,751.8,3.45,Small,Air,2024-02-11 05:00:00,4,Moderate,Clear,None,2,Internal,High,<function <lambda> at 0x7cd864291300>,Cancelled
10101,Mumbai,Hyderabad,989.3,7.59,Medium,Road,2024-01-20 14:00:00,9,Moderate,Clear,None,3,3PL-B,Medium,<function <lambda> at 0x7cd864291300>,On-Time
10102,Chennai,Bangalore,231.7,0.5,Oversize,Road,2024-04-08 16:00:00,9,Moderate,Rainy,None,2,Internal,Low,<function <lambda> at 0x7cd864291300>,Cancelled
10103,Delhi,Hyderabad,672.2,9.39,Large,Road,2024-04-21 16:00:00,4,Clear,Clear,None,4,Internal,Medium,<function <lambda> at 0x7cd864291300>,Major Delay
10104,Mumbai,Hyderabad,997.7,9.66,Small,Road,2024-08-20 23:00:00,7,Moderate,Foggy,None,2,3PL-C,Low,<function <lambda> at 0x7cd864291300>,On-Time
10105,Chennai,Hyderabad,737.1,7.17,Oversize,Rail,2024-11-26 16:00:00,4,Clear,Clear,None,3,3PL-C,Medium,<function <lambda> at 0x7cd864291300>,On-Time
10106,Chennai,Bangalore,902.8,8.09,Oversize,Rail,2024-07-11 23:00:00,9,Clear,Foggy,None,0,3PL-B,Medium,<function <lambda> at 0x7cd864291300>,On-Time
10107,Kolkata,Delhi,105.8,6.38,Small,Road,2024-09-17 21:00:00,8,Clear,Clear,None,3,3PL-C,Low,<function <lambda> at 0x7cd864291300>,On-Time
10108,Chennai,Chennai,603.0,3.04,Small,Road,2024-07-23 21:00:00,2,Moderate,Clear,None,2,Internal,Low,<function <lambda> at 0x7cd864291300>,On-Time
10109,Delhi,Chennai,876.9,3.16,Oversize,Rail,2024-09-14 17:00:00,4,Clear,Rainy,None,4,3PL-A,Medium,<function <lambda> at 0x7cd864291300>,Cancelled
10110,Chennai,Mumbai,823.2,4.21,Small,Rail,2024-05-18 15:00:00,9,Clear,Clear,None,3,3PL-C,High,<function <lambda> at 0x7cd864291300>,On-Time
10111,Hyderabad,Hyderabad,391.4,2.49,Small,Road,2024-04-09 19:00:00,4,Moderate,Clear,None,1,3PL-B,Low,<function <lambda> at 0x7cd864291300>,Minor Delay
10112,Delhi,Bangalore,884.9,7.5,Medium,Sea,2024-12-08 17:00:00,8,Heavy,Rainy,None,0,Internal,Low,<function <lambda> at 0x7cd864291300>,On-Time
10113,Delhi,Kolkata,1316.0,4.03,Small,Road,2024-12-07 09:00:00,7,Clear,Clear,None,3,3PL-B,Low,<function <lambda> at 0x7cd864291300>,On-Time
10114,Bangalore,Bangalore,406.8,2.73,Oversize,Air,2024-01-05 16:00:00,1,Heavy,Rainy,None,3,3PL-B,Low,<function <lambda> at 0x7cd864291300>,On-Time
10115,Kolkata,Mumbai,862.8,5.29,Small,Road,2024-09-03 12:00:00,3,Heavy,Clear,None,2,3PL-C,Low,<function <lambda> at 0x7cd864291300>,Minor Delay
10116,Bangalore,Kolkata,568.4,7.83,Large,Rail,2024-12-30 23:00:00,1,Moderate,Clear,None,4,3PL-A,High,<function <lambda> at 0x7cd864291300>,Minor Delay
10117,Hyderabad,Chennai,891.8,5.52,Large,Rail,2024-07-06 17:00:00,3,Clear,Clear,None,4,Internal,Medium,<function <lambda> at 0x7cd864291300>,Minor Delay
10118,Delhi,Chennai,1461.0,6.27,Medium,Rail,2024-07-16 15:00:00,6,Clear,Clear,None,4,3PL-C,Medium,<function <lambda> at 0x7cd864291300>,On-Time
10119,Mumbai,Mumbai,847.2,3.31,Oversize,Road,2024-12-13 21:00:00,9,Heavy,Clear,None,4,Internal,High,<function <lambda> at 0x7cd864291300>,On-Time
10120,Chennai,Hyderabad,1097.7,6.99,Small,Rail,2024-01-01 15:00:00,7,Heavy,Clear,None,3,Internal,Medium,<function <lambda> at 0x7cd864291300>,Minor Delay
10121,Delhi,Kolkata,252.4,3.92,Oversize,Sea,2024-11-18 03:00:00,8,Heavy,Clear,Vehicle Breakdown,4,3PL-A,Medium,<function <lambda> at 0x7cd864291300>,On-Time
10122,Mumbai,Chennai,988.7,3.48,Oversize,Road,2024-01-12 16:00:00,2,Clear,Rainy,None,2,3PL-B,Low,<function <lambda> at 0x7cd864291300>,On-Time
10123,Chennai,Bangalore,944.0,1.08,Medium,Road,2024-10-17 00:00:00,3,Clear,Rainy,Vehicle Breakdown,2,3PL-C,Low,<function <lambda> at 0x7cd864291300>,On-Time
10124,Bangalore,Delhi,1008.3,6.36,Medium,Air,2024-03-02 07:00:00,4,Moderate,Clear,Strike,1,3PL-C,High,<function <lambda> at 0x7cd864291300>,Minor Delay
10125,Mumbai,Kolkata,317.7,2.02,Oversize,Rail,2024-07-10 19:00:00,6,Moderate,Clear,None,3,3PL-C,High,<function <lambda> at 0x7cd864291300>,Major Delay
10126,Delhi,Delhi,572.8,2.65,Large,Road,2024-11-17 20:00:00,7,Jam,Clear,None,4,Internal,Medium,<function <lambda> at 0x7cd864291300>,Major Delay
10127,Delhi,Kolkata,467.8,5.63,Medium,Rail,2024-04-10 18:00:00,7,Heavy,Stormy,None,1,Internal,High,<function <lambda> at 0x7cd864291300>,On-Time
10128,Chennai,Bangalore,869.4,6.0,Small,Air,2024-01-25 00:00:00,8,Heavy,Clear,None,0,3PL-B,High,<function <lambda> at 0x7cd864291300>,Minor Delay
10129,Hyderabad,Delhi,543.2,6.33,Oversize,Road,2024-04-12 11:00:00,3,Heavy,Clear,None,1,Internal,Medium,<function <lambda> at 0x7cd864291300>,On-Time
10130,Kolkata,Delhi,1154.0,6.65,Large,Rail,2024-11-09 16:00:00,1,Moderate,Clear,None,2,3PL-C,Low,<function <lambda> at 0x7cd864291300>,On-Time
10131,Mumbai,Hyderabad,1244.7,3.72,Small,Air,2024-09-27 01:00:00,6,Moderate,Clear,None,3,3PL-B,Medium,<function <lambda> at 0x7cd864291300>,On-Time
10132,Delhi,Chennai,1148.6,0.5,Medium,Road,2024-06-03 15:00:00,5,Clear,Clear,System Outage,3,3PL-C,Low,<function <lambda> at 0x7cd864291300>,On-Time
10133,Bangalore,Hyderabad,494.4,0.99,Oversize,Rail,2024-03-01 11:00:00,9,Moderate,Clear,None,0,3PL-A,Medium,<function <lambda> at 0x7cd864291300>,On-Time
10134,Mumbai,Delhi,1241.7,3.6,Oversize,Rail,2024-09-18 03:00:00,4,Clear,Clear,System Outage,3,3PL-C,Low,<function <lambda> at 0x7cd864291300>,On-Time
10135,Bangalore,Kolkata,847.0,2.43,Medium,Road,2024-05-20 05:00:00,7,Moderate,Clear,None,2,3PL-A,High,<function <lambda> at 0x7cd864291300>,On-Time
10136,Delhi,Mumbai,797.7,2.66,Medium,Road,2024-01-26 00:00:00,7,Clear,Clear,None,0,3PL-C,Low,<function <lambda> at 0x7cd864291300>,Major Delay
10137,Kolkata,Chennai,50.0,7.48,Small,Road,2024-04-10 22:00:00,7,Moderate,Clear,None,2,3PL-B,High,<function <lambda> at 0x7cd864291300>,On-Time
10138,Bangalore,Delhi,800.9,4.33,Small,Road,2024-05-25 00:00:00,5,Clear,Clear,None,3,3PL-C,Medium,<function <lambda> at 0x7cd864291300>,Minor Delay
10139,Hyderabad,Kolkata,835.1,3.83,Medium,Road,2024-01-04 02:00:00,9,Heavy,Rainy,None,0,Internal,Low,<function <lambda> at 0x7cd864291300>,On-Time
10140,Hyderabad,Bangalore,1017.8,8.32,Oversize,Rail,2024-10-13 05:00:00,5,Clear,Clear,None,0,3PL-A,Medium,<function <lambda> at 0x7cd864291300>,On-Time
10141,Mumbai,Hyderabad,737.6,5.62,Large,Road,2024-07-15 13:00:00,6,Heavy,Clear,None,3,3PL-C,Low,<function <lambda> at 0x7cd864291300>,Minor Delay
10142,Kolkata,Hyderabad,775.7,7.0,Small,Road,2024-03-10 10:00:00,4,Clear,Rainy,None,2,Internal,Medium,<function <lambda> at 0x7cd864291300>,Minor Delay
10143,Mumbai,Kolkata,1121.1,3.28,Small,Rail,2024-12-20 05:00:00,5,Clear,Clear,None,0,3PL-B,High,<function <lambda> at 0x7cd864291300>,On-Time
10144,Mumbai,Delhi,884.9,4.3,Medium,Rail,2024-08-24 17:00:00,2,Moderate,Foggy,None,4,3PL-B,Medium,<function <lambda> at 0x7cd864291300>,On-Time
10145,Hyderabad,Bangalore,701.9,7.9,Large,Rail,2024-11-02 11:00:00,6,Moderate,Clear,Vehicle Breakdown,2,3PL-A,Low,<function <lambda> at 0x7cd864291300>,Major Delay
10146,Chennai,Kolkata,679.2,4.56,Large,Road,2024-10-29 10:00:00,9,Moderate,Rainy,None,4,3PL-C,Low,<function <lambda> at 0x7cd864291300>,On-Time
10147,Hyderabad,Chennai,630.7,0.94,Medium,Air,2024-05-23 05:00:00,3,Clear,Clear,None,3,Internal,Low,<function <lambda> at 0x7cd864291300>,Minor Delay
10148,Mumbai,Mumbai,617.4,9.36,Oversize,Rail,2024-09-22 13:00:00,8,Clear,Clear,Strike,4,3PL-A,High,<function <lambda> at 0x7cd864291300>,On-Time
10149,Bangalore,Hyderabad,877.7,4.8,Oversize,Rail,2024-11-12 04:00:00,9,Jam,Clear,None,4,3PL-A,Medium,<function <lambda> at 0x7cd864291300>,On-Time
10150,Kolkata,Bangalore,592.1,2.34,Large,Air,2024-04-15 23:00:00,8,Heavy,Rainy,None,3,3PL-A,High,<function <lambda> at 0x7cd864291300>,On-Time
10151,Kolkata,Delhi,914.3,0.56,Large,Rail,2024-02-26 00:00:00,5,Moderate,Rainy,None,1,3PL-B,High,<function <lambda> at 0x7cd864291300>,On-Time
10152,Chennai,Bangalore,1060.4,1.73,Oversize,Road,2024-11-27 02:00:00,9,Clear,Clear,Vehicle Breakdown,3,3PL-B,Low,<function <lambda> at 0x7cd864291300>,Minor Delay
10153,Bangalore,Delhi,1141.2,2.62,Small,Air,2024-01-13 21:00:00,5,Heavy,Rainy,None,2,3PL-B,Low,<function <lambda> at 0x7cd864291300>,On-Time
10154,Bangalore,Hyderabad,911.1,0.5,Medium,Road,2024-12-02 04:00:00,5,Clear,Clear,None,4,3PL-B,Medium,<function <lambda> at 0x7cd864291300>,On-Time
10155,Mumbai,Mumbai,1011.5,4.56,Oversize,Road,2024-02-18 05:00:00,8,Jam,Clear,None,4,Internal,Medium,<function <lambda> at 0x7cd864291300>,On-Time
10156,Bangalore,Hyderabad,286.0,5.58,Medium,Road,2024-07-25 17:00:00,9,Clear,Clear,None,4,Internal,High,<function <lambda> at 0x7cd864291300>,On-Time
10157,Kolkata,Bangalore,670.7,7.78,Oversize,Road,2024-05-14 00:00:00,4,Clear,Clear,None,1,Internal,Low,<function <lambda> at 0x7cd864291300>,Major Delay
10158,Bangalore,Mumbai,1263.9,4.1,Small,Road,2024-02-12 04:00:00,9,Jam,Clear,None,0,Internal,High,<function <lambda> at 0x7cd864291300>,Minor Delay
10159,Mumbai,Bangalore,1062.9,3.57,Medium,Air,2024-10-24 20:00:00,4,Moderate,Clear,None,1,3PL-B,High,<function <lambda> at 0x7cd864291300>,On-Time
10160,Delhi,Mumbai,544.3,9.12,Oversize,Air,2024-06-07 13:00:00,3,Clear,Clear,None,0,3PL-B,Medium,<function <lambda> at 0x7cd864291300>,Minor Delay
10161,Delhi,Hyderabad,751.9,4.01,Small,Air,2024-06-03 18:00:00,3,Clear,Clear,System Outage,2,Internal,Medium,<function <lambda> at 0x7cd864291300>,On-Time
10162,Hyderabad,Mumbai,886.4,1.21,Small,Road,2024-09-23 13:00:00,1,Moderate,Clear,None,1,3PL-C,High,<function <lambda> at 0x7cd864291300>,Minor Delay
10163,Chennai,Chennai,309.7,3.25,Large,Rail,2024-11-11 19:00:00,8,Clear,Clear,None,1,3PL-B,Medium,<function <lambda> at 0x7cd864291300>,On-Time
10164,Hyderabad,Kolkata,691.3,6.2,Oversize,Sea,2024-03-11 13:00:00,2,Clear,Clear,None,1,3PL-B,Medium,<function <lambda> at 0x7cd864291300>,On-Time
10165,Chennai,Delhi,752.1,0.5,Medium,Rail,2024-05-02 16:00:00,2,Heavy,Clear,None,1,Internal,High,<function <lambda> at 0x7cd864291300>,Major Delay
10166,Bangalore,Hyderabad,1170.2,7.83,Large,Rail,2024-11-14 04:00:00,9,Clear,Clear,None,1,3PL-A,High,<function <lambda> at 0x7cd864291300>,On-Time
10167,Bangalore,Mumbai,1253.8,7.66,Oversize,Road,2024-08-17 10:00:00,7,Clear,Clear,None,3,3PL-B,Medium,<function <lambda> at 0x7cd864291300>,Minor Delay
10168,Mumbai,Mumbai,431.7,3.48,Medium,Air,2024-05-16 06:00:00,7,Clear,Clear,None,2,3PL-A,Low,<function <lambda> at 0x7cd864291300>,Major Delay
10169,Mumbai,Mumbai,778.0,9.99,Medium,Road,2024-09-01 18:00:00,2,Heavy,Clear,None,1,3PL-B,Low,<function <lambda> at 0x7cd864291300>,On-Time
10170,Hyderabad,Hyderabad,726.5,1.13,Small,Air,2024-10-09 05:00:00,6,Clear,Clear,Vehicle Breakdown,1,Internal,Low,<function <lambda> at 0x7cd864291300>,On-Time
10171,Kolkata,Bangalore,1430.6,3.67,Medium,Rail,2024-11-21 12:00:00,9,Clear,Clear,None,2,Internal,Low,<function <lambda> at 0x7cd864291300>,On-Time
10172,Kolkata,Hyderabad,703.2,4.25,Medium,Rail,2024-10-02 15:00:00,6,Heavy,Clear,None,2,3PL-C,High,<function <lambda> at 0x7cd864291300>,On-Time
10173,Chennai,Delhi,424.9,9.7,Small,Road,2024-05-03 08:00:00,5,Clear,Foggy,None,0,Internal,Low,<function <lambda> at 0x7cd864291300>,Minor Delay
10174,Chennai,Chennai,657.9,1.55,Large,Road,2024-02-21 21:00:00,1,Moderate,Clear,None,0,3PL-B,Medium,<function <lambda> at 0x7cd864291300>,On-Time
10175,Bangalore,Delhi,1261.1,5.72,Large,Road,2024-07-15 23:00:00,5,Moderate,Clear,None,2,3PL-B,High,<function <lambda> at 0x7cd864291300>,On-Time
10176,Bangalore,Hyderabad,467.7,0.5,Small,Rail,2024-05-05 13:00:00,2,Clear,Clear,None,4,Internal,Medium,<function <lambda> at 0x7cd864291300>,On-Time
10177,Hyderabad,Delhi,716.2,3.36,Oversize,Road,2024-02-15 13:00:00,6,Clear,Clear,None,4,3PL-A,Medium,<function <lambda> at 0x7cd864291300>,On-Time
10178,Hyderabad,Bangalore,636.3,6.86,Small,Road,2024-09-09 02:00:00,2,Clear,Clear,None,0,3PL-C,Medium,<function <lambda> at 0x7cd864291300>,Major Delay
10179,Hyderabad,Kolkata,544.1,8.18,Small,Rail,2024-01-17 16:00:00,2,Clear,Clear,Strike,1,3PL-A,Medium,<function <lambda> at 0x7cd864291300>,On-Time
10180,Mumbai,Delhi,1137.8,6.35,Large,Road,2024-01-26 23:00:00,8,Clear,Stormy,None,1,Internal,Medium,<function <lambda> at 0x7cd864291300>,On-Time
10181,Chennai,Hyderabad,890.7,3.43,Large,Air,2024-01-22 23:00:00,5,Clear,Clear,None,0,Internal,Medium,<function <lambda> at 0x7cd864291300>,Minor Delay
10182,Hyderabad,Chennai,641.5,3.34,Small,Road,2024-11-17 12:00:00,5,Moderate,Clear,None,2,Internal,Medium,<function <lambda> at 0x7cd864291300>,On-Time
10183,Delhi,Mumbai,865.6,5.45,Medium,Road,2024-04-16 06:00:00,6,Moderate,Clear,None,4,3PL-A,Low,<function <lambda> at 0x7cd864291300>,Cancelled
10184,Delhi,Mumbai,420.9,6.83,Oversize,Road,2024-03-26 15:00:00,6,Clear,Stormy,None,3,3PL-A,Low,<function <lambda> at 0x7cd864291300>,On-Time
10185,Bangalore,Hyderabad,409.0,6.4,Large,Rail,2024-08-21 15:00:00,6,Clear,Rainy,None,2,3PL-B,Low,<function <lambda> at 0x7cd864291300>,On-Time
10186,Mumbai,Kolkata,597.3,5.73,Medium,Road,2024-05-19 09:00:00,5,Clear,Clear,None,3,3PL-B,High,<function <lambda> at 0x7cd864291300>,Minor Delay
10187,Hyderabad,Mumbai,888.1,8.53,Medium,Sea,2024-11-14 12:00:00,7,Heavy,Clear,None,0,Internal,Medium,<function <lambda> at 0x7cd864291300>,Major Delay
10188,Hyderabad,Chennai,1106.3,7.59,Medium,Rail,2024-02-02 02:00:00,9,Heavy,Rainy,None,2,3PL-A,High,<function <lambda> at 0x7cd864291300>,On-Time
10189,Mumbai,Chennai,1354.8,6.58,Oversize,Air,2024-01-16 07:00:00,1,Moderate,Clear,None,3,3PL-A,Low,<function <lambda> at 0x7cd864291300>,On-Time
10190,Kolkata,Chennai,743.9,7.32,Small,Air,2024-04-30 00:00:00,5,Clear,Stormy,None,3,3PL-A,Medium,<function <lambda> at 0x7cd864291300>,On-Time
10191,Delhi,Delhi,774.8,2.98,Medium,Rail,2024-01-14 20:00:00,8,Clear,Clear,None,0,3PL-B,High,<function <lambda> at 0x7cd864291300>,Minor Delay
10192,Kolkata,Bangalore,299.1,4.97,Small,Air,2024-06-06 19:00:00,7,Moderate,Rainy,None,4,3PL-C,High,<function <lambda> at 0x7cd864291300>,On-Time
10193,Hyderabad,Kolkata,1324.9,9.71,Medium,Rail,2024-11-02 03:00:00,2,Clear,Foggy,None,2,3PL-C,High,<function <lambda> at 0x7cd864291300>,Major Delay
10194,Bangalore,Chennai,904.2,7.62,Medium,Rail,2024-08-13 19:00:00,2,Clear,Clear,Vehicle Breakdown,0,3PL-B,High,<function <lambda> at 0x7cd864291300>,On-Time
10195,Chennai,Kolkata,714.8,3.82,Large,Road,2024-04-25 10:00:00,7,Moderate,Stormy,None,0,3PL-A,High,<function <lambda> at 0x7cd864291300>,On-Time
10196,Hyderabad,Delhi,1207.8,7.71,Large,Road,2024-12-24 01:00:00,2,Clear,Clear,None,2,Internal,Medium,<function <lambda> at 0x7cd864291300>,Major Delay
10197,Mumbai,Hyderabad,632.6,2.74,Medium,Sea,2024-01-06 07:00:00,4,Moderate,Clear,None,0,Internal,Medium,<function <lambda> at 0x7cd864291300>,On-Time
10198,Hyderabad,Mumbai,949.6,2.26,Large,Road,2024-06-28 01:00:00,7,Jam,Clear,None,2,3PL-A,Medium,<function <lambda> at 0x7cd864291300>,Minor Delay
10199,Mumbai,Delhi,908.9,2.68,Small,Road,2024-11-08 09:00:00,6,Clear,Foggy,None,3,3PL-B,High,<function <lambda> at 0x7cd864291300>,Minor Delay
10200,Chennai,Delhi,1109.9,3.04,Medium,Road,2024-07-14 08:00:00,6,Heavy,Foggy,Strike,4,3PL-A,Low,<function <lambda> at 0x7cd864291300>,On-Time
10201,Chennai,Mumbai,702.6,3.82,Oversize,Rail,2024-11-25 15:00:00,6,Clear,Stormy,Vehicle Breakdown,2,Internal,Medium,<function <lambda> at 0x7cd864291300>,On-Time
10202,Hyderabad,Bangalore,1370.4,4.81,Oversize,Air,2024-09-11 13:00:00,9,Moderate,Clear,Strike,4,Internal,Medium,<function <lambda> at 0x7cd864291300>,On-Time
10203,Bangalore,Mumbai,995.7,6.71,Small,Road,2024-06-17 17:00:00,4,Clear,Clear,None,0,3PL-C,High,<function <lambda> at 0x7cd864291300>,On-Time
10204,Delhi,Hyderabad,630.8,2.85,Large,Road,2024-12-28 21:00:00,6,Moderate,Rainy,None,4,3PL-A,Low,<function <lambda> at 0x7cd864291300>,On-Time
10205,Hyderabad,Chennai,554.7,3.85,Large,Road,2024-07-17 04:00:00,3,Heavy,Rainy,None,0,3PL-A,High,<function <lambda> at 0x7cd864291300>,On-Time
10206,Hyderabad,Bangalore,851.0,3.52,Oversize,Rail,2024-08-27 00:00:00,2,Moderate,Stormy,None,0,Internal,High,<function <lambda> at 0x7cd864291300>,Cancelled
10207,Kolkata,Mumbai,792.9,7.45,Medium,Rail,2024-02-07 23:00:00,7,Moderate,Foggy,None,3,Internal,High,<function <lambda> at 0x7cd864291300>,Minor Delay
10208,Hyderabad,Kolkata,771.5,5.75,Medium,Road,2024-06-08 10:00:00,8,Clear,Clear,None,0,3PL-B,Low,<function <lambda> at 0x7cd864291300>,On-Time
10209,Delhi,Kolkata,1015.8,3.68,Medium,Air,2024-09-17 19:00:00,4,Clear,Clear,Vehicle Breakdown,0,3PL-C,Low,<function <lambda> at 0x7cd864291300>,On-Time
10210,Delhi,Hyderabad,1114.4,10.67,Oversize,Road,2024-12-21 18:00:00,9,Clear,Clear,Strike,3,3PL-C,Low,<function <lambda> at 0x7cd864291300>,On-Time
10211,Kolkata,Delhi,1212.0,9.43,Large,Road,2024-09-27 00:00:00,3,Moderate,Clear,None,2,Internal,High,<function <lambda> at 0x7cd864291300>,On-Time
10212,Delhi,Mumbai,1031.2,5.95,Large,Road,2024-11-23 20:00:00,7,Moderate,Clear,Strike,4,3PL-C,High,<function <lambda> at 0x7cd864291300>,On-Time
10213,Chennai,Mumbai,957.6,6.88,Medium,Road,2024-11-30 03:00:00,9,Heavy,Rainy,None,2,Internal,Low,<function <lambda> at 0x7cd864291300>,On-Time
10214,Hyderabad,Hyderabad,465.6,6.14,Medium,Road,2024-11-18 03:00:00,6,Clear,Clear,None,0,3PL-C,Medium,<function <lambda> at 0x7cd864291300>,On-Time
10215,Hyderabad,Delhi,157.3,0.63,Large,Air,2024-02-11 16:00:00,4,Heavy,Rainy,None,4,3PL-A,Low,<function <lambda> at 0x7cd864291300>,Cancelled
10216,Mumbai,Bangalore,734.1,8.69,Large,Road,2024-04-27 01:00:00,4,Clear,Stormy,None,0,3PL-B,High,<function <lambda> at 0x7cd864291300>,On-Time
10217,Delhi,Bangalore,1127.8,0.55,Oversize,Air,2024-07-26 18:00:00,7,Clear,Clear,None,0,Internal,High,<function <lambda> at 0x7cd864291300>,On-Time
10218,Hyderabad,Hyderabad,403.2,9.05,Oversize,Rail,2024-10-03 09:00:00,3,Moderate,Clear,None,4,3PL-B,Medium,<function <lambda> at 0x7cd864291300>,On-Time
10219,Kolkata,Hyderabad,726.0,3.57,Large,Sea,2024-09-17 17:00:00,6,Moderate,Clear,None,2,3PL-C,Medium,<function <lambda> at 0x7cd864291300>,On-Time
10220,Bangalore,Hyderabad,966.6,10.11,Oversize,Air,2024-12-07 06:00:00,7,Moderate,Clear,None,2,3PL-A,Medium,<function <lambda> at 0x7cd864291300>,Minor Delay
10221,Mumbai,Kolkata,740.1,9.91,Small,Road,2024-11-23 22:00:00,5,Clear,Clear,System Outage,1,3PL-B,Low,<function <lambda> at 0x7cd864291300>,Minor Delay
10222,Bangalore,Delhi,493.9,8.18,Oversize,Rail,2024-08-11 15:00:00,1,Clear,Foggy,None,3,Internal,High,<function <lambda> at 0x7cd864291300>,On-Time
10223,Mumbai,Delhi,594.7,1.35,Medium,Air,2024-02-20 19:00:00,4,Clear,Clear,Vehicle Breakdown,4,3PL-C,Medium,<function <lambda> at 0x7cd864291300>,Minor Delay
10224,Chennai,Chennai,693.6,5.03,Large,Road,2024-01-19 04:00:00,8,Moderate,Clear,System Outage,1,Internal,Low,<function <lambda> at 0x7cd864291300>,Minor Delay
10225,Delhi,Chennai,622.9,3.33,Oversize,Road,2024-02-03 13:00:00,5,Clear,Foggy,None,3,3PL-A,High,<function <lambda> at 0x7cd864291300>,Minor Delay
10226,Bangalore,Kolkata,1030.5,9.95,Oversize,Air,2024-04-22 09:00:00,7,Moderate,Clear,None,1,3PL-A,Low,<function <lambda> at 0x7cd864291300>,Major Delay
10227,Delhi,Kolkata,759.1,7.74,Oversize,Road,2024-05-23 16:00:00,2,Clear,Clear,None,3,Internal,High,<function <lambda> at 0x7cd864291300>,On-Time
10228,Hyderabad,Chennai,1109.2,10.13,Medium,Rail,2024-08-30 11:00:00,6,Moderate,Foggy,Strike,0,3PL-A,Low,<function <lambda> at 0x7cd864291300>,On-Time
10229,Mumbai,Delhi,549.3,7.68,Large,Road,2024-11-08 17:00:00,5,Clear,Rainy,None,0,3PL-C,Low,<function <lambda> at 0x7cd864291300>,On-Time
10230,Kolkata,Hyderabad,371.9,8.49,Small,Rail,2024-06-27 19:00:00,2,Heavy,Clear,None,0,3PL-B,High,<function <lambda> at 0x7cd864291300>,On-Time
10231,Bangalore,Bangalore,968.3,3.79,Oversize,Rail,2024-12-16 14:00:00,2,Moderate,Clear,None,0,Internal,High,<function <lambda> at 0x7cd864291300>,On-Time
10232,Chennai,Chennai,390.1,7.28,Large,Sea,2024-03-05 06:00:00,1,Moderate,Clear,None,2,3PL-C,Low,<function <lambda> at 0x7cd864291300>,On-Time
10233,Kolkata,Mumbai,50.0,5.71,Medium,Road,2024-08-04 19:00:00,8,Heavy,Clear,None,4,3PL-A,High,<function <lambda> at 0x7cd864291300>,On-Time
10234,Kolkata,Bangalore,790.6,9.71,Large,Road,2024-06-21 02:00:00,2,Clear,Rainy,None,4,3PL-C,Low,<function <lambda> at 0x7cd864291300>,Minor Delay
10235,Mumbai,Mumbai,755.6,5.18,Small,Rail,2024-02-20 22:00:00,1,Heavy,Clear,None,4,3PL-A,Low,<function <lambda> at 0x7cd864291300>,On-Time
10236,Kolkata,Chennai,524.2,3.14,Medium,Road,2024-04-26 05:00:00,6,Clear,Foggy,None,3,3PL-A,Low,<function <lambda> at 0x7cd864291300>,On-Time
10237,Kolkata,Delhi,224.2,5.98,Large,Air,2024-10-08 18:00:00,4,Clear,Clear,None,4,3PL-A,Medium,<function <lambda> at 0x7cd864291300>,On-Time
10238,Delhi,Chennai,625.0,6.2,Medium,Road,2024-07-11 13:00:00,8,Moderate,Clear,None,2,3PL-A,Medium,<function <lambda> at 0x7cd864291300>,Minor Delay
10239,Mumbai,Chennai,287.7,2.74,Large,Rail,2024-06-23 05:00:00,3,Heavy,Clear,None,4,3PL-B,High,<function <lambda> at 0x7cd864291300>,On-Time
10240,Mumbai,Mumbai,319.9,5.31,Medium,Sea,2024-11-14 01:00:00,9,Moderate,Clear,None,3,Internal,Low,<function <lambda> at 0x7cd864291300>,On-Time
10241,Bangalore,Mumbai,843.9,7.5,Oversize,Road,2024-11-12 13:00:00,9,Clear,Clear,None,3,Internal,Medium,<function <lambda> at 0x7cd864291300>,Major Delay
10242,Kolkata,Chennai,894.6,3.12,Oversize,Road,2024-06-01 06:00:00,2,Moderate,Clear,None,4,3PL-C,High,<function <lambda> at 0x7cd864291300>,On-Time
10243,Hyderabad,Kolkata,783.1,8.9,Small,Rail,2024-05-21 15:00:00,7,Moderate,Rainy,None,2,3PL-B,Medium,<function <lambda> at 0x7cd864291300>,Minor Delay
10244,Kolkata,Kolkata,600.5,3.71,Medium,Rail,2024-04-10 22:00:00,4,Moderate,Clear,None,0,3PL-C,Medium,<function <lambda> at 0x7cd864291300>,On-Time
10245,Bangalore,Hyderabad,1139.3,6.16,Small,Sea,2024-06-13 01:00:00,5,Moderate,Rainy,None,4,Internal,Medium,<function <lambda> at 0x7cd864291300>,On-Time
10246,Delhi,Delhi,905.0,1.06,Oversize,Road,2024-04-15 22:00:00,2,Clear,Clear,None,4,3PL-A,Low,<function <lambda> at 0x7cd864291300>,Minor Delay
10247,Kolkata,Bangalore,1073.0,3.04,Oversize,Rail,2024-08-22 11:00:00,9,Heavy,Stormy,None,1,3PL-B,Low,<function <lambda> at 0x7cd864291300>,On-Time
10248,Mumbai,Chennai,843.5,6.82,Oversize,Sea,2024-09-04 06:00:00,8,Moderate,Rainy,Strike,4,3PL-B,High,<function <lambda> at 0x7cd864291300>,On-Time
10249,Delhi,Mumbai,820.9,4.45,Oversize,Road,2024-05-06 16:00:00,9,Jam,Clear,None,1,3PL-A,Low,<function <lambda> at 0x7cd864291300>,Minor Delay
10250,Kolkata,Hyderabad,275.2,0.5,Large,Rail,2024-11-20 16:00:00,2,Moderate,Clear,None,4,3PL-C,Medium,<function <lambda> at 0x7cd864291300>,On-Time
10251,Chennai,Chennai,608.1,5.32,Small,Rail,2024-01-14 03:00:00,5,Clear,Clear,None,3,3PL-A,High,<function <lambda> at 0x7cd864291300>,Minor Delay
10252,Delhi,Delhi,1169.3,5.87,Medium,Air,2024-10-15 04:00:00,6,Clear,Clear,None,2,3PL-C,High,<function <lambda> at 0x7cd864291300>,On-Time
10253,Bangalore,Kolkata,635.7,4.3,Medium,Rail,2024-01-16 15:00:00,1,Clear,Stormy,None,3,3PL-A,Low,<function <lambda> at 0x7cd864291300>,On-Time
10254,Delhi,Hyderabad,1385.8,2.67,Large,Road,2024-03-24 13:00:00,5,Clear,Clear,None,0,3PL-A,Medium,<function <lambda> at 0x7cd864291300>,Minor Delay
10255,Chennai,Kolkata,985.0,4.54,Large,Road,2024-11-20 03:00:00,3,Moderate,Clear,None,0,3PL-C,Low,<function <lambda> at 0x7cd864291300>,On-Time
10256,Mumbai,Mumbai,887.1,5.68,Oversize,Rail,2024-11-20 21:00:00,6,Clear,Foggy,None,3,3PL-A,Medium,<function <lambda> at 0x7cd864291300>,On-Time
10257,Mumbai,Delhi,544.2,8.22,Small,Road,2024-11-18 19:00:00,9,Clear,Clear,Vehicle Breakdown,4,3PL-B,High,<function <lambda> at 0x7cd864291300>,Minor Delay
10258,Bangalore,Bangalore,726.3,2.31,Oversize,Air,2024-04-12 20:00:00,6,Clear,Clear,None,2,Internal,Medium,<function <lambda> at 0x7cd864291300>,On-Time
10259,Kolkata,Bangalore,902.5,0.5,Small,Road,2024-09-16 03:00:00,9,Clear,Clear,Strike,2,3PL-C,High,<function <lambda> at 0x7cd864291300>,On-Time
10260,Delhi,Delhi,520.4,5.49,Large,Road,2024-05-30 14:00:00,4,Moderate,Foggy,None,0,3PL-A,High,<function <lambda> at 0x7cd864291300>,Minor Delay
10261,Mumbai,Kolkata,50.0,5.54,Oversize,Rail,2024-11-09 06:00:00,6,Moderate,Clear,None,1,3PL-B,High,<function <lambda> at 0x7cd864291300>,Minor Delay
10262,Bangalore,Bangalore,525.7,5.21,Medium,Road,2024-05-20 10:00:00,6,Jam,Clear,None,3,3PL-B,Low,<function <lambda> at 0x7cd864291300>,Minor Delay
10263,Chennai,Delhi,1241.8,0.5,Medium,Road,2024-12-13 11:00:00,9,Heavy,Foggy,None,4,3PL-C,Low,<function <lambda> at 0x7cd864291300>,On-Time
10264,Mumbai,Mumbai,786.3,5.42,Small,Road,2024-09-18 23:00:00,4,Clear,Clear,None,3,3PL-C,High,<function <lambda> at 0x7cd864291300>,Minor Delay
10265,Chennai,Chennai,1215.2,4.74,Medium,Air,2024-10-07 08:00:00,8,Moderate,Clear,None,1,3PL-C,Medium,<function <lambda> at 0x7cd864291300>,Cancelled
10266,Kolkata,Kolkata,391.5,5.77,Oversize,Air,2024-03-22 14:00:00,2,Heavy,Rainy,None,3,Internal,Medium,<function <lambda> at 0x7cd864291300>,On-Time
10267,Chennai,Delhi,556.5,7.19,Oversize,Rail,2024-02-13 15:00:00,7,Moderate,Clear,None,2,3PL-C,High,<function <lambda> at 0x7cd864291300>,On-Time
10268,Bangalore,Chennai,425.9,4.96,Small,Rail,2024-12-24 17:00:00,8,Heavy,Clear,None,3,3PL-C,Low,<function <lambda> at 0x7cd864291300>,On-Time
10269,Delhi,Mumbai,755.1,1.1,Small,Air,2024-01-08 14:00:00,9,Clear,Clear,None,2,3PL-A,High,<function <lambda> at 0x7cd864291300>,Minor Delay
10270,Kolkata,Delhi,432.8,4.57,Oversize,Road,2024-03-07 00:00:00,5,Clear,Clear,None,0,3PL-A,Medium,<function <lambda> at 0x7cd864291300>,On-Time
10271,Bangalore,Chennai,1554.4,7.69,Oversize,Air,2024-06-22 21:00:00,2,Moderate,Clear,None,2,Internal,High,<function <lambda> at 0x7cd864291300>,On-Time
10272,Delhi,Mumbai,775.0,3.11,Oversize,Air,2024-04-16 23:00:00,5,Moderate,Stormy,None,4,3PL-A,High,<function <lambda> at 0x7cd864291300>,On-Time
10273,Bangalore,Hyderabad,421.2,0.69,Oversize,Road,2024-12-07 19:00:00,2,Clear,Clear,None,4,3PL-C,Low,<function <lambda> at 0x7cd864291300>,On-Time
10274,Chennai,Bangalore,753.8,4.47,Small,Road,2024-03-04 14:00:00,6,Heavy,Clear,None,4,3PL-C,Low,<function <lambda> at 0x7cd864291300>,Cancelled
10275,Mumbai,Mumbai,604.1,6.32,Large,Road,2024-01-20 08:00:00,1,Moderate,Clear,None,3,Internal,High,<function <lambda> at 0x7cd864291300>,Cancelled
10276,Hyderabad,Mumbai,752.1,6.18,Large,Air,2024-01-18 17:00:00,7,Moderate,Clear,None,3,Internal,High,<function <lambda> at 0x7cd864291300>,Minor Delay
10277,Kolkata,Chennai,445.8,4.33,Medium,Air,2024-12-07 00:00:00,6,Clear,Clear,None,4,3PL-A,High,<function <lambda> at 0x7cd864291300>,On-Time
10278,Chennai,Kolkata,866.8,4.43,Large,Rail,2024-07-18 23:00:00,4,Heavy,Clear,None,1,3PL-B,High,<function <lambda> at 0x7cd864291300>,Major Delay
10279,Mumbai,Mumbai,500.7,4.88,Oversize,Rail,2024-12-27 15:00:00,4,Clear,Rainy,None,1,Internal,High,<function <lambda> at 0x7cd864291300>,On-Time
10280,Mumbai,Bangalore,854.9,6.15,Small,Road,2024-08-22 01:00:00,6,Jam,Rainy,None,0,Internal,Low,<function <lambda> at 0x7cd864291300>,On-Time
10281,Hyderabad,Mumbai,537.2,7.33,Oversize,Road,2024-02-15 22:00:00,3,Moderate,Stormy,None,1,Internal,High,<function <lambda> at 0x7cd864291300>,On-Time
10282,Hyderabad,Chennai,941.0,3.96,Oversize,Rail,2024-01-14 00:00:00,3,Heavy,Rainy,None,4,Internal,Medium,<function <lambda> at 0x7cd864291300>,Major Delay
10283,Delhi,Chennai,572.9,3.14,Small,Road,2024-08-19 16:00:00,8,Moderate,Clear,None,2,3PL-C,High,<function <lambda> at 0x7cd864291300>,On-Time
10284,Delhi,Hyderabad,640.2,6.53,Medium,Road,2024-08-16 11:00:00,2,Clear,Clear,None,3,3PL-A,High,<function <lambda> at 0x7cd864291300>,On-Time
10285,Bangalore,Delhi,637.9,5.78,Oversize,Rail,2024-05-12 16:00:00,3,Moderate,Clear,Vehicle Breakdown,4,3PL-C,Low,<function <lambda> at 0x7cd864291300>,On-Time
10286,Hyderabad,Hyderabad,622.2,5.3,Oversize,Road,2024-11-09 03:00:00,7,Moderate,Rainy,None,4,3PL-C,High,<function <lambda> at 0x7cd864291300>,On-Time
10287,Mumbai,Kolkata,769.2,11.88,Medium,Road,2024-07-10 07:00:00,4,Moderate,Clear,None,4,Internal,Medium,<function <lambda> at 0x7cd864291300>,Minor Delay
10288,Kolkata,Bangalore,933.9,3.54,Oversize,Air,2024-08-25 10:00:00,4,Moderate,Clear,None,3,3PL-A,Medium,<function <lambda> at 0x7cd864291300>,On-Time
10289,Hyderabad,Delhi,338.2,0.5,Large,Sea,2024-07-22 23:00:00,3,Moderate,Rainy,None,3,Internal,High,<function <lambda> at 0x7cd864291300>,On-Time
10290,Hyderabad,Chennai,837.2,5.62,Medium,Air,2024-03-13 22:00:00,7,Clear,Clear,System Outage,3,3PL-B,Medium,<function <lambda> at 0x7cd864291300>,Major Delay
10291,Mumbai,Kolkata,1322.7,7.85,Oversize,Road,2024-09-17 19:00:00,1,Heavy,Clear,None,0,3PL-A,Low,<function <lambda> at 0x7cd864291300>,On-Time
10292,Kolkata,Delhi,1420.3,3.01,Large,Air,2024-04-29 08:00:00,5,Moderate,Clear,None,1,Internal,Medium,<function <lambda> at 0x7cd864291300>,Minor Delay
10293,Bangalore,Delhi,656.3,10.11,Large,Road,2024-06-30 07:00:00,9,Clear,Clear,None,4,Internal,High,<function <lambda> at 0x7cd864291300>,On-Time
10294,Hyderabad,Delhi,677.2,5.25,Medium,Air,2024-12-01 07:00:00,9,Moderate,Clear,None,2,Internal,Medium,<function <lambda> at 0x7cd864291300>,Minor Delay
10295,Bangalore,Hyderabad,1221.9,4.13,Large,Road,2024-10-30 13:00:00,9,Moderate,Rainy,None,0,3PL-C,Low,<function <lambda> at 0x7cd864291300>,On-Time
10296,Kolkata,Hyderabad,1071.5,5.62,Small,Air,2024-04-29 20:00:00,6,Clear,Clear,None,4,Internal,Medium,<function <lambda> at 0x7cd864291300>,On-Time
10297,Mumbai,Mumbai,572.0,6.45,Medium,Road,2024-12-20 04:00:00,3,Clear,Clear,None,1,3PL-A,Medium,<function <lambda> at 0x7cd864291300>,On-Time
10298,Delhi,Bangalore,1538.8,10.85,Small,Air,2024-02-24 15:00:00,5,Moderate,Clear,None,1,3PL-B,High,<function <lambda> at 0x7cd864291300>,Minor Delay
10299,Delhi,Mumbai,933.9,7.14,Medium,Rail,2024-03-26 18:00:00,9,Heavy,Clear,None,1,3PL-C,Low,<function <lambda> at 0x7cd864291300>,On-Time
10300,Chennai,Bangalore,584.7,7.33,Medium,Road,2024-11-25 15:00:00,5,Moderate,Clear,None,2,3PL-B,High,<function <lambda> at 0x7cd864291300>,On-Time
10301,Hyderabad,Chennai,629.0,7.5,Small,Rail,2024-11-06 23:00:00,1,Moderate,Clear,None,3,3PL-C,High,<function <lambda> at 0x7cd864291300>,On-Time
10302,Delhi,Bangalore,571.0,7.32,Small,Air,2024-01-26 19:00:00,4,Clear,Rainy,None,4,3PL-C,Medium,<function <lambda> at 0x7cd864291300>,Minor Delay
10303,Chennai,Bangalore,677.2,0.5,Oversize,Road,2024-06-09 17:00:00,9,Heavy,Clear,None,1,3PL-B,Medium,<function <lambda> at 0x7cd864291300>,On-Time
10304,Chennai,Mumbai,633.4,1.65,Oversize,Air,2024-05-29 11:00:00,1,Moderate,Clear,None,4,3PL-B,High,<function <lambda> at 0x7cd864291300>,On-Time
10305,Delhi,Kolkata,334.2,3.07,Oversize,Rail,2024-06-01 13:00:00,7,Clear,Stormy,None,2,3PL-B,High,<function <lambda> at 0x7cd864291300>,Minor Delay
10306,Kolkata,Chennai,543.3,2.89,Medium,Road,2024-06-29 15:00:00,4,Clear,Clear,None,4,3PL-A,Low,<function <lambda> at 0x7cd864291300>,On-Time
10307,Bangalore,Chennai,577.6,2.08,Small,Road,2024-09-25 01:00:00,7,Moderate,Clear,None,0,Internal,Low,<function <lambda> at 0x7cd864291300>,Major Delay
10308,Hyderabad,Mumbai,515.4,2.66,Oversize,Road,2024-09-21 02:00:00,7,Heavy,Rainy,None,1,Internal,High,<function <lambda> at 0x7cd864291300>,On-Time
10309,Hyderabad,Hyderabad,599.5,8.16,Oversize,Road,2024-06-08 20:00:00,1,Moderate,Clear,System Outage,0,3PL-C,Low,<function <lambda> at 0x7cd864291300>,On-Time
10310,Mumbai,Kolkata,901.7,4.3,Oversize,Air,2024-05-21 02:00:00,9,Moderate,Clear,None,0,3PL-A,High,<function <lambda> at 0x7cd864291300>,On-Time
10311,Kolkata,Bangalore,479.1,0.5,Large,Rail,2024-05-21 23:00:00,2,Clear,Clear,None,3,3PL-C,Low,<function <lambda> at 0x7cd864291300>,Minor Delay
10312,Chennai,Bangalore,1300.4,3.04,Large,Rail,2024-03-11 19:00:00,8,Heavy,Rainy,None,1,Internal,Low,<function <lambda> at 0x7cd864291300>,On-Time
10313,Hyderabad,Delhi,976.4,3.3,Small,Road,2024-11-07 21:00:00,7,Moderate,Rainy,None,0,3PL-A,High,<function <lambda> at 0x7cd864291300>,On-Time
10314,Delhi,Delhi,1410.6,7.93,Medium,Air,2024-12-18 23:00:00,4,Clear,Clear,None,4,3PL-C,Low,<function <lambda> at 0x7cd864291300>,On-Time
10315,Kolkata,Bangalore,1390.2,2.07,Oversize,Road,2024-10-23 12:00:00,8,Moderate,Clear,Vehicle Breakdown,0,Internal,High,<function <lambda> at 0x7cd864291300>,On-Time
10316,Hyderabad,Mumbai,813.5,10.57,Medium,Sea,2024-05-02 20:00:00,9,Clear,Rainy,None,1,3PL-A,Medium,<function <lambda> at 0x7cd864291300>,On-Time
10317,Delhi,Hyderabad,441.3,2.11,Large,Rail,2024-06-07 16:00:00,5,Moderate,Clear,None,1,3PL-A,Low,<function <lambda> at 0x7cd864291300>,Minor Delay
10318,Chennai,Kolkata,550.5,7.95,Large,Road,2024-10-20 20:00:00,3,Moderate,Rainy,None,2,Internal,Low,<function <lambda> at 0x7cd864291300>,On-Time
10319,Hyderabad,Delhi,1229.1,3.47,Oversize,Road,2024-10-06 18:00:00,4,Moderate,Rainy,Vehicle Breakdown,2,3PL-B,Low,<function <lambda> at 0x7cd864291300>,On-Time
10320,Chennai,Kolkata,377.7,3.73,Oversize,Road,2024-04-10 22:00:00,1,Clear,Clear,None,3,3PL-A,Medium,<function <lambda> at 0x7cd864291300>,On-Time
10321,Delhi,Bangalore,1036.9,1.7,Oversize,Road,2024-01-21 03:00:00,7,Clear,Rainy,System Outage,3,Internal,High,<function <lambda> at 0x7cd864291300>,Minor Delay
10322,Hyderabad,Bangalore,631.2,6.67,Oversize,Road,2024-06-26 08:00:00,4,Clear,Clear,Strike,4,3PL-C,Low,<function <lambda> at 0x7cd864291300>,Minor Delay
10323,Mumbai,Bangalore,1166.4,11.72,Large,Rail,2024-06-27 12:00:00,3,Jam,Rainy,None,1,3PL-A,High,<function <lambda> at 0x7cd864291300>,On-Time
10324,Hyderabad,Hyderabad,639.1,0.66,Small,Rail,2024-09-09 12:00:00,8,Moderate,Clear,System Outage,3,Internal,High,<function <lambda> at 0x7cd864291300>,On-Time
10325,Delhi,Kolkata,1100.7,5.88,Oversize,Road,2024-09-16 14:00:00,3,Clear,Clear,None,3,3PL-B,High,<function <lambda> at 0x7cd864291300>,On-Time
10326,Kolkata,Delhi,511.5,7.05,Medium,Road,2024-03-04 19:00:00,2,Moderate,Rainy,None,4,3PL-A,Medium,<function <lambda> at 0x7cd864291300>,On-Time
10327,Bangalore,Hyderabad,686.0,4.36,Medium,Road,2024-09-11 08:00:00,2,Moderate,Clear,None,3,3PL-A,High,<function <lambda> at 0x7cd864291300>,On-Time
10328,Mumbai,Kolkata,1026.1,3.83,Oversize,Rail,2024-01-15 11:00:00,4,Clear,Clear,Vehicle Breakdown,0,Internal,Medium,<function <lambda> at 0x7cd864291300>,Major Delay
10329,Delhi,Delhi,1188.2,7.8,Medium,Road,2024-06-25 04:00:00,7,Clear,Clear,None,3,3PL-C,Medium,<function <lambda> at 0x7cd864291300>,On-Time
10330,Kolkata,Chennai,668.2,6.32,Large,Air,2024-12-19 12:00:00,8,Clear,Clear,None,0,3PL-C,High,<function <lambda> at 0x7cd864291300>,On-Time
10331,Delhi,Bangalore,789.8,3.37,Large,Rail,2024-07-11 07:00:00,9,Clear,Clear,None,0,3PL-B,Medium,<function <lambda> at 0x7cd864291300>,Major Delay
10332,Delhi,Bangalore,1208.0,6.56,Oversize,Road,2024-10-21 04:00:00,7,Clear,Rainy,None,2,3PL-A,High,<function <lambda> at 0x7cd864291300>,On-Time
10333,Bangalore,Kolkata,128.4,2.52,Small,Road,2024-03-31 01:00:00,5,Heavy,Rainy,None,0,3PL-C,Medium,<function <lambda> at 0x7cd864291300>,Minor Delay
10334,Delhi,Hyderabad,808.1,7.72,Oversize,Rail,2024-10-23 17:00:00,7,Moderate,Clear,None,0,3PL-B,Low,<function <lambda> at 0x7cd864291300>,On-Time
10335,Chennai,Hyderabad,600.7,4.89,Medium,Air,2024-05-20 19:00:00,6,Moderate,Foggy,None,4,3PL-C,Medium,<function <lambda> at 0x7cd864291300>,Major Delay
10336,Delhi,Mumbai,408.1,7.6,Large,Air,2024-11-15 19:00:00,7,Moderate,Clear,None,4,3PL-A,High,<function <lambda> at 0x7cd864291300>,On-Time
10337,Hyderabad,Mumbai,208.5,7.33,Large,Rail,2024-07-30 20:00:00,5,Clear,Clear,None,0,3PL-C,High,<function <lambda> at 0x7cd864291300>,Major Delay
10338,Chennai,Bangalore,801.8,2.38,Medium,Road,2024-05-30 17:00:00,1,Clear,Clear,System Outage,1,3PL-B,Low,<function <lambda> at 0x7cd864291300>,On-Time
10339,Kolkata,Chennai,1053.0,7.48,Small,Road,2024-12-01 21:00:00,4,Moderate,Clear,None,0,Internal,Low,<function <lambda> at 0x7cd864291300>,Major Delay
10340,Mumbai,Hyderabad,1020.2,0.99,Medium,Road,2024-07-26 23:00:00,5,Clear,Clear,None,0,Internal,Low,<function <lambda> at 0x7cd864291300>,On-Time
10341,Mumbai,Kolkata,519.7,5.22,Large,Road,2024-01-17 12:00:00,4,Clear,Clear,None,0,3PL-C,Low,<function <lambda> at 0x7cd864291300>,Minor Delay
10342,Hyderabad,Bangalore,523.3,4.48,Medium,Road,2024-07-26 08:00:00,9,Clear,Rainy,None,4,3PL-B,Low,<function <lambda> at 0x7cd864291300>,Minor Delay
10343,Delhi,Kolkata,755.0,4.9,Large,Rail,2024-02-22 03:00:00,4,Heavy,Clear,None,4,3PL-C,Medium,<function <lambda> at 0x7cd864291300>,On-Time
10344,Chennai,Kolkata,393.7,0.95,Oversize,Rail,2024-12-23 17:00:00,9,Clear,Foggy,None,2,3PL-C,High,<function <lambda> at 0x7cd864291300>,Minor Delay
10345,Hyderabad,Hyderabad,1396.2,9.68,Medium,Road,2024-12-06 00:00:00,7,Moderate,Clear,None,1,3PL-A,Medium,<function <lambda> at 0x7cd864291300>,On-Time
10346,Hyderabad,Bangalore,914.3,0.5,Medium,Sea,2024-11-13 08:00:00,6,Moderate,Clear,None,0,3PL-B,Low,<function <lambda> at 0x7cd864291300>,On-Time
10347,Hyderabad,Kolkata,608.6,5.37,Medium,Road,2024-06-04 13:00:00,3,Moderate,Clear,None,0,3PL-B,Medium,<function <lambda> at 0x7cd864291300>,Cancelled
10348,Kolkata,Chennai,873.5,4.6,Medium,Rail,2024-04-29 07:00:00,9,Heavy,Clear,None,0,3PL-B,High,<function <lambda> at 0x7cd864291300>,On-Time
10349,Delhi,Bangalore,1153.8,6.67,Medium,Road,2024-06-21 21:00:00,8,Clear,Rainy,None,0,Internal,Medium,<function <lambda> at 0x7cd864291300>,On-Time
10350,Hyderabad,Kolkata,1176.1,11.8,Medium,Air,2024-10-06 23:00:00,9,Clear,Clear,None,0,3PL-B,Medium,<function <lambda> at 0x7cd864291300>,On-Time
10351,Mumbai,Chennai,731.1,8.01,Small,Road,2024-02-06 22:00:00,6,Moderate,Clear,None,0,Internal,High,<function <lambda> at 0x7cd864291300>,On-Time
10352,Mumbai,Hyderabad,759.1,9.41,Large,Road,2024-01-03 14:00:00,8,Heavy,Clear,Strike,4,Internal,Medium,<function <lambda> at 0x7cd864291300>,On-Time
10353,Mumbai,Bangalore,816.2,8.78,Medium,Road,2024-03-06 09:00:00,6,Clear,Clear,None,4,Internal,Medium,<function <lambda> at 0x7cd864291300>,Minor Delay
10354,Kolkata,Kolkata,1344.0,0.5,Oversize,Air,2024-08-23 04:00:00,4,Clear,Clear,None,0,Internal,High,<function <lambda> at 0x7cd864291300>,Minor Delay
10355,Bangalore,Hyderabad,877.4,6.36,Small,Road,2024-03-12 22:00:00,2,Heavy,Clear,None,0,3PL-A,High,<function <lambda> at 0x7cd864291300>,On-Time
10356,Mumbai,Kolkata,931.6,3.18,Medium,Rail,2024-01-08 22:00:00,9,Moderate,Clear,None,4,3PL-C,Low,<function <lambda> at 0x7cd864291300>,On-Time
10357,Kolkata,Hyderabad,610.3,5.87,Oversize,Sea,2024-03-21 14:00:00,1,Moderate,Clear,Strike,2,Internal,High,<function <lambda> at 0x7cd864291300>,On-Time
10358,Chennai,Bangalore,331.5,0.5,Medium,Rail,2024-10-06 18:00:00,2,Moderate,Foggy,None,2,3PL-B,High,<function <lambda> at 0x7cd864291300>,Minor Delay
10359,Bangalore,Kolkata,1013.1,2.63,Medium,Road,2024-11-06 03:00:00,1,Moderate,Clear,None,2,3PL-C,Medium,<function <lambda> at 0x7cd864291300>,Major Delay
10360,Mumbai,Bangalore,864.3,3.32,Small,Road,2024-06-02 18:00:00,6,Moderate,Clear,None,1,Internal,Low,<function <lambda> at 0x7cd864291300>,Major Delay
10361,Delhi,Kolkata,463.1,6.12,Oversize,Air,2024-10-12 20:00:00,8,Moderate,Clear,None,1,3PL-B,Medium,<function <lambda> at 0x7cd864291300>,Minor Delay
10362,Chennai,Chennai,957.5,6.35,Small,Road,2024-10-27 17:00:00,2,Clear,Clear,None,1,Internal,High,<function <lambda> at 0x7cd864291300>,On-Time
10363,Kolkata,Bangalore,970.5,7.8,Large,Road,2024-08-19 00:00:00,1,Clear,Clear,None,4,3PL-A,High,<function <lambda> at 0x7cd864291300>,Minor Delay
10364,Kolkata,Bangalore,506.6,7.26,Small,Rail,2024-07-11 09:00:00,3,Clear,Clear,None,4,3PL-B,Medium,<function <lambda> at 0x7cd864291300>,On-Time
10365,Mumbai,Delhi,893.5,7.04,Medium,Rail,2024-11-29 00:00:00,3,Moderate,Rainy,System Outage,0,Internal,Low,<function <lambda> at 0x7cd864291300>,On-Time
10366,Delhi,Mumbai,492.5,4.71,Oversize,Rail,2024-03-13 18:00:00,9,Moderate,Rainy,None,2,3PL-A,High,<function <lambda> at 0x7cd864291300>,On-Time
10367,Chennai,Kolkata,879.3,0.86,Small,Road,2024-11-15 04:00:00,6,Heavy,Clear,None,2,Internal,Low,<function <lambda> at 0x7cd864291300>,Cancelled
10368,Bangalore,Hyderabad,740.4,3.81,Small,Road,2024-05-20 06:00:00,3,Jam,Rainy,None,1,3PL-A,Medium,<function <lambda> at 0x7cd864291300>,On-Time
10369,Bangalore,Hyderabad,458.5,3.24,Medium,Rail,2024-07-01 22:00:00,8,Moderate,Clear,None,2,3PL-B,High,<function <lambda> at 0x7cd864291300>,On-Time
10370,Bangalore,Delhi,859.8,9.75,Medium,Rail,2024-08-03 23:00:00,9,Clear,Clear,None,0,3PL-A,Low,<function <lambda> at 0x7cd864291300>,On-Time
10371,Delhi,Hyderabad,426.3,7.91,Medium,Road,2024-02-02 13:00:00,8,Clear,Rainy,None,2,3PL-C,Medium,<function <lambda> at 0x7cd864291300>,Major Delay
10372,Mumbai,Hyderabad,956.6,9.92,Medium,Air,2024-05-05 03:00:00,3,Moderate,Foggy,None,3,Internal,Low,<function <lambda> at 0x7cd864291300>,On-Time
10373,Hyderabad,Delhi,407.5,4.54,Oversize,Sea,2024-11-12 14:00:00,1,Jam,Clear,None,2,3PL-A,High,<function <lambda> at 0x7cd864291300>,Minor Delay
10374,Hyderabad,Delhi,999.2,3.21,Large,Road,2024-02-28 23:00:00,5,Heavy,Clear,None,2,Internal,Medium,<function <lambda> at 0x7cd864291300>,On-Time
10375,Kolkata,Bangalore,1129.2,1.72,Large,Air,2024-02-14 07:00:00,2,Moderate,Stormy,None,2,3PL-A,High,<function <lambda> at 0x7cd864291300>,Minor Delay
10376,Delhi,Bangalore,518.3,8.19,Large,Road,2024-05-04 13:00:00,3,Clear,Clear,Vehicle Breakdown,4,Internal,Low,<function <lambda> at 0x7cd864291300>,Minor Delay
10377,Delhi,Chennai,840.0,4.1,Large,Road,2024-06-25 03:00:00,7,Clear,Clear,None,4,Internal,Medium,<function <lambda> at 0x7cd864291300>,On-Time
10378,Kolkata,Kolkata,1301.8,4.72,Small,Rail,2024-06-15 11:00:00,4,Moderate,Clear,None,3,3PL-B,Low,<function <lambda> at 0x7cd864291300>,On-Time
10379,Bangalore,Kolkata,99.3,6.68,Large,Air,2024-10-21 10:00:00,2,Clear,Clear,Strike,1,3PL-B,High,<function <lambda> at 0x7cd864291300>,On-Time
10380,Bangalore,Delhi,1279.5,2.85,Large,Road,2024-07-07 10:00:00,3,Heavy,Clear,System Outage,1,3PL-B,High,<function <lambda> at 0x7cd864291300>,On-Time
10381,Hyderabad,Mumbai,684.8,5.32,Large,Air,2024-12-11 22:00:00,4,Heavy,Rainy,None,3,Internal,Low,<function <lambda> at 0x7cd864291300>,Major Delay
10382,Kolkata,Delhi,1002.1,1.94,Oversize,Rail,2024-06-01 21:00:00,8,Clear,Clear,None,3,Internal,Low,<function <lambda> at 0x7cd864291300>,On-Time
10383,Bangalore,Chennai,517.7,3.95,Small,Road,2024-06-18 19:00:00,7,Clear,Clear,None,1,3PL-A,High,<function <lambda> at 0x7cd864291300>,On-Time
10384,Kolkata,Delhi,1220.2,1.27,Large,Air,2024-02-28 14:00:00,5,Clear,Rainy,None,4,3PL-B,Low,<function <lambda> at 0x7cd864291300>,Minor Delay
10385,Chennai,Delhi,883.0,2.8,Oversize,Rail,2024-05-10 02:00:00,4,Clear,Clear,None,2,Internal,Medium,<function <lambda> at 0x7cd864291300>,Minor Delay
10386,Kolkata,Kolkata,1011.0,2.1,Large,Road,2024-01-04 00:00:00,4,Moderate,Clear,Vehicle Breakdown,4,Internal,High,<function <lambda> at 0x7cd864291300>,Cancelled
10387,Hyderabad,Mumbai,800.4,0.5,Oversize,Road,2024-04-30 20:00:00,8,Clear,Foggy,None,0,3PL-A,Low,<function <lambda> at 0x7cd864291300>,Cancelled
10388,Delhi,Chennai,950.1,2.0,Large,Road,2024-07-13 19:00:00,8,Moderate,Foggy,None,4,3PL-C,High,<function <lambda> at 0x7cd864291300>,Major Delay
10389,Chennai,Kolkata,410.6,6.27,Oversize,Air,2024-03-18 08:00:00,1,Moderate,Clear,None,2,Internal,High,<function <lambda> at 0x7cd864291300>,On-Time
10390,Hyderabad,Chennai,556.2,1.45,Small,Road,2024-11-22 02:00:00,1,Moderate,Foggy,None,1,Internal,Medium,<function <lambda> at 0x7cd864291300>,Major Delay
10391,Kolkata,Bangalore,898.5,11.28,Large,Air,2024-09-17 19:00:00,3,Moderate,Clear,None,3,Internal,Medium,<function <lambda> at 0x7cd864291300>,On-Time
10392,Chennai,Mumbai,933.9,6.22,Medium,Air,2024-06-22 03:00:00,7,Moderate,Clear,Vehicle Breakdown,3,Internal,Medium,<function <lambda> at 0x7cd864291300>,Major Delay
10393,Mumbai,Kolkata,384.3,3.6,Large,Road,2024-05-21 15:00:00,9,Clear,Clear,None,1,3PL-B,Medium,<function <lambda> at 0x7cd864291300>,Minor Delay
10394,Kolkata,Bangalore,514.6,2.06,Small,Rail,2024-06-14 23:00:00,9,Moderate,Clear,None,2,3PL-A,Medium,<function <lambda> at 0x7cd864291300>,On-Time
10395,Delhi,Kolkata,417.0,3.36,Large,Road,2024-01-19 23:00:00,5,Moderate,Clear,None,0,Internal,High,<function <lambda> at 0x7cd864291300>,On-Time
10396,Delhi,Delhi,979.7,1.37,Medium,Air,2024-10-09 12:00:00,4,Clear,Clear,None,1,3PL-C,High,<function <lambda> at 0x7cd864291300>,Major Delay
10397,Hyderabad,Chennai,629.1,0.5,Small,Rail,2024-08-24 04:00:00,8,Moderate,Clear,None,3,3PL-C,High,<function <lambda> at 0x7cd864291300>,On-Time
10398,Bangalore,Mumbai,878.6,1.52,Medium,Road,2024-09-26 15:00:00,9,Moderate,Clear,None,0,3PL-C,Medium,<function <lambda> at 0x7cd864291300>,On-Time
10399,Kolkata,Delhi,667.9,9.39,Medium,Road,2024-01-20 04:00:00,7,Moderate,Rainy,None,2,Internal,Low,<function <lambda> at 0x7cd864291300>,On-Time
10400,Bangalore,Delhi,1234.0,1.29,Oversize,Sea,2024-08-25 15:00:00,5,Clear,Clear,Strike,3,Internal,Low,<function <lambda> at 0x7cd864291300>,Minor Delay
10401,Chennai,Bangalore,1113.8,8.01,Oversize,Air,2024-01-25 05:00:00,4,Moderate,Clear,None,0,3PL-B,Low,<function <lambda> at 0x7cd864291300>,On-Time
10402,Bangalore,Bangalore,889.6,7.85,Large,Road,2024-03-20 16:00:00,5,Clear,Clear,None,4,3PL-A,Low,<function <lambda> at 0x7cd864291300>,On-Time
10403,Kolkata,Bangalore,645.6,3.64,Oversize,Air,2024-06-07 19:00:00,2,Heavy,Clear,System Outage,4,Internal,Medium,<function <lambda> at 0x7cd864291300>,On-Time
10404,Delhi,Chennai,1205.3,7.9,Oversize,Road,2024-02-07 05:00:00,8,Moderate,Foggy,None,3,3PL-A,Medium,<function <lambda> at 0x7cd864291300>,On-Time
10405,Bangalore,Chennai,931.2,4.91,Large,Road,2024-10-29 12:00:00,7,Moderate,Clear,System Outage,0,3PL-B,Low,<function <lambda> at 0x7cd864291300>,On-Time
10406,Bangalore,Kolkata,50.0,2.27,Small,Air,2024-10-05 19:00:00,5,Clear,Foggy,None,0,Internal,Low,<function <lambda> at 0x7cd864291300>,Cancelled
10407,Chennai,Delhi,735.1,2.42,Oversize,Air,2024-07-05 19:00:00,3,Clear,Clear,None,0,3PL-C,Medium,<function <lambda> at 0x7cd864291300>,On-Time
10408,Mumbai,Mumbai,768.7,0.5,Large,Rail,2024-07-11 07:00:00,9,Clear,Clear,None,1,3PL-A,High,<function <lambda> at 0x7cd864291300>,On-Time
10409,Chennai,Mumbai,1118.3,4.12,Small,Rail,2024-02-28 05:00:00,6,Clear,Rainy,None,0,Internal,Medium,<function <lambda> at 0x7cd864291300>,On-Time
10410,Kolkata,Bangalore,878.8,6.12,Medium,Road,2024-09-19 19:00:00,9,Moderate,Clear,None,1,3PL-A,High,<function <lambda> at 0x7cd864291300>,Minor Delay
10411,Kolkata,Delhi,917.8,5.28,Medium,Road,2024-01-06 02:00:00,8,Clear,Clear,None,3,Internal,High,<function <lambda> at 0x7cd864291300>,On-Time
10412,Delhi,Kolkata,876.9,3.28,Medium,Road,2024-07-05 15:00:00,7,Clear,Clear,None,4,Internal,Low,<function <lambda> at 0x7cd864291300>,On-Time
10413,Delhi,Bangalore,1550.7,1.05,Small,Air,2024-04-11 00:00:00,4,Clear,Clear,None,3,3PL-C,High,<function <lambda> at 0x7cd864291300>,On-Time
10414,Chennai,Chennai,943.9,4.27,Small,Rail,2024-06-21 04:00:00,8,Clear,Clear,None,2,3PL-A,Low,<function <lambda> at 0x7cd864291300>,On-Time
10415,Delhi,Kolkata,290.2,7.26,Small,Air,2024-05-04 11:00:00,4,Clear,Clear,None,0,3PL-C,Medium,<function <lambda> at 0x7cd864291300>,Minor Delay
10416,Chennai,Mumbai,608.4,1.18,Small,Air,2024-01-20 21:00:00,7,Heavy,Clear,None,4,3PL-C,Medium,<function <lambda> at 0x7cd864291300>,On-Time
10417,Hyderabad,Hyderabad,583.7,8.1,Large,Rail,2024-04-07 17:00:00,9,Moderate,Clear,None,0,3PL-C,High,<function <lambda> at 0x7cd864291300>,On-Time
10418,Hyderabad,Delhi,379.1,5.45,Medium,Rail,2024-05-12 05:00:00,6,Clear,Foggy,None,3,Internal,Low,<function <lambda> at 0x7cd864291300>,Minor Delay
10419,Kolkata,Kolkata,736.5,5.19,Large,Rail,2024-04-02 19:00:00,4,Moderate,Foggy,None,0,3PL-C,Low,<function <lambda> at 0x7cd864291300>,On-Time
10420,Mumbai,Hyderabad,866.3,5.8,Small,Rail,2024-10-17 14:00:00,8,Moderate,Clear,System Outage,2,Internal,Medium,<function <lambda> at 0x7cd864291300>,Minor Delay
10421,Hyderabad,Chennai,689.5,6.49,Large,Road,2024-12-07 03:00:00,2,Clear,Clear,None,0,Internal,High,<function <lambda> at 0x7cd864291300>,On-Time
10422,Kolkata,Delhi,842.8,7.38,Medium,Air,2024-08-31 12:00:00,5,Clear,Clear,None,2,3PL-B,Medium,<function <lambda> at 0x7cd864291300>,On-Time
10423,Delhi,Chennai,958.0,8.59,Medium,Road,2024-04-18 20:00:00,3,Heavy,Clear,None,1,3PL-B,Medium,<function <lambda> at 0x7cd864291300>,On-Time
10424,Hyderabad,Kolkata,1085.7,0.96,Oversize,Road,2024-09-24 13:00:00,9,Moderate,Foggy,None,1,3PL-B,Medium,<function <lambda> at 0x7cd864291300>,Cancelled
10425,Delhi,Chennai,706.1,6.04,Medium,Sea,2024-09-08 00:00:00,2,Clear,Rainy,System Outage,4,3PL-C,Low,<function <lambda> at 0x7cd864291300>,Minor Delay
10426,Delhi,Bangalore,586.8,2.81,Small,Air,2024-12-01 22:00:00,7,Moderate,Foggy,None,0,3PL-B,High,<function <lambda> at 0x7cd864291300>,On-Time
10427,Kolkata,Chennai,1079.4,2.52,Medium,Road,2024-09-20 06:00:00,8,Clear,Clear,None,0,3PL-A,High,<function <lambda> at 0x7cd864291300>,On-Time
10428,Chennai,Bangalore,770.1,1.56,Medium,Air,2024-08-01 16:00:00,8,Clear,Clear,None,3,Internal,Medium,<function <lambda> at 0x7cd864291300>,Minor Delay
10429,Delhi,Bangalore,933.0,10.78,Small,Air,2024-08-11 14:00:00,5,Heavy,Clear,None,4,3PL-A,Low,<function <lambda> at 0x7cd864291300>,On-Time
10430,Kolkata,Delhi,916.7,5.52,Oversize,Rail,2024-08-04 21:00:00,6,Heavy,Clear,None,0,3PL-B,Medium,<function <lambda> at 0x7cd864291300>,On-Time
10431,Kolkata,Hyderabad,969.4,7.42,Large,Rail,2024-10-17 08:00:00,1,Moderate,Clear,None,3,Internal,Medium,<function <lambda> at 0x7cd864291300>,On-Time
10432,Chennai,Hyderabad,140.6,4.89,Medium,Road,2024-10-18 01:00:00,6,Moderate,Rainy,None,1,3PL-C,Low,<function <lambda> at 0x7cd864291300>,On-Time
10433,Hyderabad,Mumbai,370.5,2.36,Small,Road,2024-12-18 08:00:00,8,Clear,Rainy,System Outage,4,3PL-C,High,<function <lambda> at 0x7cd864291300>,Minor Delay
10434,Hyderabad,Delhi,907.1,2.45,Large,Rail,2024-12-29 03:00:00,7,Heavy,Clear,None,0,3PL-A,High,<function <lambda> at 0x7cd864291300>,On-Time
10435,Delhi,Delhi,707.4,4.35,Small,Air,2024-03-28 09:00:00,6,Moderate,Clear,Strike,0,3PL-C,Low,<function <lambda> at 0x7cd864291300>,Minor Delay
10436,Hyderabad,Hyderabad,384.2,6.68,Oversize,Air,2024-09-15 08:00:00,4,Clear,Clear,None,2,3PL-C,High,<function <lambda> at 0x7cd864291300>,On-Time
10437,Chennai,Delhi,1518.0,6.68,Small,Rail,2024-06-04 05:00:00,8,Moderate,Rainy,None,0,3PL-A,High,<function <lambda> at 0x7cd864291300>,On-Time
10438,Hyderabad,Delhi,196.2,7.96,Oversize,Sea,2024-09-06 16:00:00,6,Heavy,Clear,None,0,3PL-C,High,<function <lambda> at 0x7cd864291300>,On-Time
10439,Bangalore,Hyderabad,853.6,5.74,Large,Road,2024-09-18 16:00:00,9,Heavy,Rainy,None,1,3PL-C,Medium,<function <lambda> at 0x7cd864291300>,On-Time
10440,Hyderabad,Chennai,165.9,5.95,Medium,Road,2024-05-06 16:00:00,2,Jam,Foggy,System Outage,1,3PL-A,High,<function <lambda> at 0x7cd864291300>,On-Time
10441,Hyderabad,Mumbai,1359.0,4.05,Oversize,Road,2024-02-29 08:00:00,6,Moderate,Rainy,None,0,Internal,High,<function <lambda> at 0x7cd864291300>,Major Delay
10442,Delhi,Delhi,490.8,6.95,Small,Rail,2024-10-22 13:00:00,1,Moderate,Rainy,None,1,3PL-B,Medium,<function <lambda> at 0x7cd864291300>,On-Time
10443,Delhi,Mumbai,949.0,2.8,Medium,Rail,2024-12-12 06:00:00,3,Moderate,Clear,None,4,3PL-A,Low,<function <lambda> at 0x7cd864291300>,On-Time
10444,Hyderabad,Chennai,589.9,2.9,Oversize,Rail,2024-04-05 06:00:00,5,Moderate,Clear,None,1,3PL-B,High,<function <lambda> at 0x7cd864291300>,Major Delay
10445,Delhi,Chennai,564.4,5.88,Small,Road,2024-10-09 21:00:00,3,Clear,Clear,None,0,3PL-B,Medium,<function <lambda> at 0x7cd864291300>,On-Time
10446,Hyderabad,Mumbai,412.5,6.86,Large,Road,2024-10-22 14:00:00,4,Heavy,Clear,None,0,Internal,Low,<function <lambda> at 0x7cd864291300>,On-Time
10447,Kolkata,Delhi,166.5,3.35,Medium,Road,2024-07-01 14:00:00,6,Heavy,Clear,None,0,Internal,Low,<function <lambda> at 0x7cd864291300>,Major Delay
10448,Chennai,Chennai,674.4,0.5,Large,Road,2024-07-25 23:00:00,3,Jam,Foggy,None,3,Internal,High,<function <lambda> at 0x7cd864291300>,Minor Delay
10449,Hyderabad,Chennai,798.2,6.64,Medium,Air,2024-07-27 14:00:00,9,Moderate,Clear,None,4,3PL-B,High,<function <lambda> at 0x7cd864291300>,On-Time
10450,Delhi,Delhi,920.8,3.27,Small,Road,2024-09-17 09:00:00,5,Moderate,Clear,System Outage,4,3PL-B,High,<function <lambda> at 0x7cd864291300>,Major Delay
10451,Delhi,Mumbai,900.2,2.21,Oversize,Road,2024-07-11 05:00:00,9,Heavy,Clear,None,0,3PL-C,Medium,<function <lambda> at 0x7cd864291300>,On-Time
10452,Hyderabad,Chennai,536.1,1.51,Medium,Road,2024-03-18 09:00:00,1,Clear,Rainy,None,4,3PL-A,High,<function <lambda> at 0x7cd864291300>,On-Time
10453,Delhi,Mumbai,1100.7,5.06,Oversize,Road,2024-08-31 14:00:00,4,Heavy,Stormy,None,4,Internal,High,<function <lambda> at 0x7cd864291300>,Minor Delay
10454,Bangalore,Mumbai,1416.0,3.9,Oversize,Rail,2024-12-03 16:00:00,9,Clear,Rainy,None,3,3PL-A,Low,<function <lambda> at 0x7cd864291300>,On-Time
10455,Chennai,Bangalore,855.6,9.67,Large,Rail,2024-04-18 03:00:00,6,Clear,Clear,None,2,3PL-C,Low,<function <lambda> at 0x7cd864291300>,On-Time
10456,Mumbai,Mumbai,950.0,1.91,Large,Air,2024-12-07 00:00:00,1,Moderate,Clear,None,3,Internal,Medium,<function <lambda> at 0x7cd864291300>,On-Time
10457,Kolkata,Mumbai,991.2,5.95,Medium,Air,2024-10-25 11:00:00,8,Clear,Clear,None,4,3PL-B,Medium,<function <lambda> at 0x7cd864291300>,On-Time
10458,Kolkata,Delhi,801.4,6.79,Oversize,Road,2024-01-31 19:00:00,5,Heavy,Clear,None,0,3PL-B,Medium,<function <lambda> at 0x7cd864291300>,Minor Delay
10459,Delhi,Hyderabad,295.7,9.24,Small,Road,2024-12-24 15:00:00,2,Moderate,Rainy,None,2,3PL-A,Low,<function <lambda> at 0x7cd864291300>,Minor Delay
10460,Mumbai,Kolkata,528.1,0.5,Large,Rail,2024-11-20 06:00:00,8,Jam,Rainy,None,3,3PL-A,High,<function <lambda> at 0x7cd864291300>,On-Time
10461,Delhi,Kolkata,592.8,5.01,Small,Sea,2024-12-08 07:00:00,8,Heavy,Stormy,None,0,3PL-A,Low,<function <lambda> at 0x7cd864291300>,On-Time
10462,Kolkata,Bangalore,1092.4,5.86,Medium,Road,2024-06-02 23:00:00,6,Clear,Rainy,System Outage,3,3PL-B,Low,<function <lambda> at 0x7cd864291300>,Major Delay
10463,Kolkata,Mumbai,1078.3,0.5,Medium,Road,2024-06-21 14:00:00,9,Moderate,Clear,Vehicle Breakdown,1,3PL-C,High,<function <lambda> at 0x7cd864291300>,On-Time
10464,Delhi,Kolkata,673.7,7.53,Medium,Road,2024-06-18 16:00:00,7,Moderate,Clear,None,1,3PL-A,High,<function <lambda> at 0x7cd864291300>,On-Time
10465,Hyderabad,Hyderabad,823.4,5.63,Small,Road,2024-03-20 09:00:00,5,Heavy,Clear,Vehicle Breakdown,3,3PL-A,Medium,<function <lambda> at 0x7cd864291300>,On-Time
10466,Kolkata,Hyderabad,701.7,0.5,Medium,Rail,2024-11-21 13:00:00,1,Clear,Rainy,None,1,3PL-A,Low,<function <lambda> at 0x7cd864291300>,Minor Delay
10467,Bangalore,Delhi,555.5,6.98,Large,Road,2024-02-05 10:00:00,5,Moderate,Rainy,None,3,3PL-C,Medium,<function <lambda> at 0x7cd864291300>,On-Time
10468,Delhi,Mumbai,370.8,1.99,Oversize,Rail,2024-10-17 02:00:00,2,Moderate,Clear,None,0,Internal,Medium,<function <lambda> at 0x7cd864291300>,On-Time
10469,Mumbai,Bangalore,330.7,5.35,Medium,Air,2024-05-21 00:00:00,1,Clear,Clear,None,3,3PL-C,High,<function <lambda> at 0x7cd864291300>,On-Time
10470,Hyderabad,Hyderabad,719.8,0.5,Large,Rail,2024-04-27 23:00:00,6,Moderate,Clear,None,3,Internal,Low,<function <lambda> at 0x7cd864291300>,Major Delay
10471,Kolkata,Delhi,476.8,2.28,Medium,Rail,2024-05-07 14:00:00,5,Clear,Clear,None,0,Internal,High,<function <lambda> at 0x7cd864291300>,Major Delay
10472,Chennai,Kolkata,634.8,5.51,Oversize,Air,2024-09-12 22:00:00,4,Clear,Rainy,None,1,3PL-B,Medium,<function <lambda> at 0x7cd864291300>,On-Time
10473,Kolkata,Kolkata,1272.5,4.23,Small,Road,2024-03-01 08:00:00,6,Moderate,Clear,None,2,Internal,Low,<function <lambda> at 0x7cd864291300>,On-Time
10474,Delhi,Bangalore,1097.1,7.14,Small,Road,2024-04-06 11:00:00,1,Moderate,Clear,None,3,3PL-A,High,<function <lambda> at 0x7cd864291300>,On-Time
10475,Delhi,Mumbai,594.3,2.1,Oversize,Rail,2024-07-16 19:00:00,2,Moderate,Rainy,None,2,Internal,Low,<function <lambda> at 0x7cd864291300>,Minor Delay
10476,Chennai,Delhi,728.5,5.78,Oversize,Road,2024-04-27 21:00:00,6,Moderate,Clear,None,2,Internal,Low,<function <lambda> at 0x7cd864291300>,Minor Delay
10477,Mumbai,Delhi,820.2,3.71,Medium,Air,2024-10-16 09:00:00,3,Jam,Clear,System Outage,2,Internal,Low,<function <lambda> at 0x7cd864291300>,Major Delay
10478,Chennai,Hyderabad,1039.9,5.43,Large,Air,2024-10-27 18:00:00,1,Clear,Clear,None,4,3PL-C,High,<function <lambda> at 0x7cd864291300>,Minor Delay
10479,Mumbai,Mumbai,646.6,4.69,Large,Air,2024-09-06 09:00:00,6,Clear,Clear,None,2,3PL-C,Medium,<function <lambda> at 0x7cd864291300>,Minor Delay
10480,Delhi,Mumbai,1050.6,2.57,Small,Road,2024-10-12 10:00:00,2,Clear,Clear,None,0,3PL-C,Medium,<function <lambda> at 0x7cd864291300>,On-Time
10481,Delhi,Chennai,559.6,5.23,Small,Road,2024-01-21 03:00:00,5,Moderate,Clear,None,4,3PL-C,Medium,<function <lambda> at 0x7cd864291300>,On-Time
10482,Bangalore,Hyderabad,977.4,4.08,Large,Road,2024-06-15 11:00:00,7,Clear,Clear,System Outage,2,Internal,Low,<function <lambda> at 0x7cd864291300>,On-Time
10483,Chennai,Chennai,580.0,2.38,Large,Air,2024-02-07 12:00:00,7,Moderate,Clear,None,2,3PL-A,High,<function <lambda> at 0x7cd864291300>,Major Delay
10484,Kolkata,Bangalore,779.8,4.91,Oversize,Road,2024-07-29 09:00:00,3,Clear,Clear,None,4,3PL-C,Medium,<function <lambda> at 0x7cd864291300>,Minor Delay
10485,Kolkata,Mumbai,750.2,6.27,Medium,Rail,2024-12-15 20:00:00,5,Clear,Clear,None,1,3PL-C,Medium,<function <lambda> at 0x7cd864291300>,Major Delay
10486,Delhi,Mumbai,1052.7,0.5,Medium,Road,2024-07-01 22:00:00,4,Clear,Stormy,None,2,Internal,Medium,<function <lambda> at 0x7cd864291300>,On-Time
10487,Delhi,Chennai,1006.8,12.62,Medium,Road,2024-06-18 03:00:00,1,Heavy,Clear,None,2,Internal,Low,<function <lambda> at 0x7cd864291300>,On-Time
10488,Delhi,Bangalore,1282.8,4.93,Small,Rail,2024-08-13 03:00:00,5,Heavy,Foggy,None,0,3PL-A,Low,<function <lambda> at 0x7cd864291300>,Minor Delay
10489,Mumbai,Kolkata,547.5,5.71,Medium,Rail,2024-03-12 22:00:00,8,Clear,Clear,None,1,3PL-B,Medium,<function <lambda> at 0x7cd864291300>,On-Time
10490,Mumbai,Hyderabad,52.4,0.5,Oversize,Rail,2024-11-12 07:00:00,3,Moderate,Clear,None,0,3PL-B,High,<function <lambda> at 0x7cd864291300>,On-Time
10491,Chennai,Kolkata,826.9,1.28,Oversize,Road,2024-07-23 03:00:00,5,Heavy,Clear,Vehicle Breakdown,0,3PL-A,High,<function <lambda> at 0x7cd864291300>,On-Time
10492,Hyderabad,Delhi,439.9,8.88,Small,Road,2024-07-09 13:00:00,8,Moderate,Rainy,None,4,Internal,High,<function <lambda> at 0x7cd864291300>,On-Time
10493,Kolkata,Chennai,524.0,3.13,Small,Air,2024-07-24 23:00:00,7,Clear,Clear,None,0,3PL-C,Low,<function <lambda> at 0x7cd864291300>,Minor Delay
10494,Kolkata,Kolkata,711.7,0.58,Small,Road,2024-06-18 07:00:00,8,Moderate,Clear,None,1,3PL-A,Medium,<function <lambda> at 0x7cd864291300>,Minor Delay
10495,Chennai,Kolkata,704.7,8.49,Oversize,Road,2024-12-25 05:00:00,3,Moderate,Foggy,None,3,Internal,Medium,<function <lambda> at 0x7cd864291300>,On-Time
10496,Hyderabad,Bangalore,190.4,3.12,Oversize,Road,2024-11-25 02:00:00,5,Clear,Clear,None,2,3PL-A,High,<function <lambda> at 0x7cd864291300>,Cancelled
10497,Mumbai,Kolkata,692.0,6.66,Medium,Road,2024-10-06 17:00:00,1,Clear,Clear,None,4,3PL-B,Medium,<function <lambda> at 0x7cd864291300>,Minor Delay
10498,Kolkata,Chennai,1020.8,0.5,Large,Sea,2024-10-09 03:00:00,2,Clear,Clear,None,0,Internal,Low,<function <lambda> at 0x7cd864291300>,Minor Delay
10499,Chennai,Kolkata,1224.9,7.28,Oversize,Road,2024-08-02 21:00:00,5,Moderate,Clear,None,1,Internal,High,<function <lambda> at 0x7cd864291300>,On-Time
10500,Kolkata,Mumbai,509.1,9.72,Small,Air,2024-01-15 20:00:00,6,Heavy,Rainy,None,3,3PL-C,High,<function <lambda> at 0x7cd864291300>,On-Time
10501,Kolkata,Mumbai,561.6,2.9,Large,Sea,2024-10-05 06:00:00,4,Moderate,Clear,Strike,1,3PL-B,Low,<function <lambda> at 0x7cd864291300>,On-Time
10502,Mumbai,Mumbai,966.7,5.01,Medium,Road,2024-04-12 02:00:00,4,Heavy,Clear,None,2,Internal,Medium,<function <lambda> at 0x7cd864291300>,Minor Delay
10503,Kolkata,Bangalore,979.9,7.55,Small,Road,2024-12-09 08:00:00,3,Clear,Clear,None,4,3PL-C,Low,<function <lambda> at 0x7cd864291300>,Minor Delay
10504,Delhi,Bangalore,853.8,3.0,Medium,Air,2024-08-23 18:00:00,8,Jam,Clear,None,0,3PL-C,High,<function <lambda> at 0x7cd864291300>,On-Time
10505,Mumbai,Delhi,635.9,3.18,Small,Road,2024-05-20 19:00:00,4,Clear,Stormy,None,3,3PL-C,High,<function <lambda> at 0x7cd864291300>,On-Time
10506,Delhi,Bangalore,1226.7,3.77,Oversize,Air,2024-03-16 14:00:00,4,Clear,Clear,None,3,3PL-C,Low,<function <lambda> at 0x7cd864291300>,Minor Delay
10507,Mumbai,Mumbai,1294.2,3.25,Large,Rail,2024-08-07 20:00:00,9,Moderate,Clear,None,4,3PL-A,High,<function <lambda> at 0x7cd864291300>,Minor Delay
10508,Bangalore,Hyderabad,983.6,3.47,Medium,Road,2024-05-30 22:00:00,5,Moderate,Rainy,None,0,3PL-B,Medium,<function <lambda> at 0x7cd864291300>,On-Time
10509,Delhi,Chennai,783.8,10.89,Oversize,Road,2024-12-04 00:00:00,3,Clear,Clear,System Outage,2,3PL-B,High,<function <lambda> at 0x7cd864291300>,On-Time
10510,Chennai,Hyderabad,1024.0,4.81,Oversize,Rail,2024-12-29 21:00:00,1,Moderate,Foggy,None,3,3PL-B,High,<function <lambda> at 0x7cd864291300>,On-Time
10511,Delhi,Hyderabad,1071.4,3.44,Medium,Road,2024-05-14 20:00:00,9,Clear,Clear,None,2,3PL-A,Low,<function <lambda> at 0x7cd864291300>,Minor Delay
10512,Chennai,Bangalore,398.6,6.05,Oversize,Road,2024-10-15 16:00:00,5,Clear,Rainy,None,2,Internal,Medium,<function <lambda> at 0x7cd864291300>,On-Time
10513,Bangalore,Bangalore,971.4,0.5,Large,Road,2024-02-07 15:00:00,9,Heavy,Clear,None,1,Internal,Low,<function <lambda> at 0x7cd864291300>,On-Time
10514,Hyderabad,Kolkata,509.7,4.54,Oversize,Air,2024-09-02 11:00:00,2,Heavy,Foggy,None,1,3PL-A,Low,<function <lambda> at 0x7cd864291300>,Major Delay
10515,Mumbai,Chennai,506.4,3.64,Oversize,Air,2024-10-26 03:00:00,3,Moderate,Rainy,None,2,3PL-C,Low,<function <lambda> at 0x7cd864291300>,On-Time
10516,Bangalore,Mumbai,1197.2,6.79,Large,Road,2024-01-23 05:00:00,9,Heavy,Clear,None,2,3PL-A,Low,<function <lambda> at 0x7cd864291300>,On-Time
10517,Hyderabad,Kolkata,703.5,4.85,Small,Rail,2024-06-29 16:00:00,7,Moderate,Clear,None,3,3PL-B,High,<function <lambda> at 0x7cd864291300>,On-Time
10518,Chennai,Kolkata,408.3,4.75,Small,Air,2024-10-27 16:00:00,9,Moderate,Clear,None,1,Internal,High,<function <lambda> at 0x7cd864291300>,Minor Delay
10519,Chennai,Kolkata,913.0,6.35,Oversize,Road,2024-09-15 03:00:00,8,Clear,Rainy,None,4,3PL-A,High,<function <lambda> at 0x7cd864291300>,On-Time
10520,Delhi,Kolkata,1319.5,7.29,Large,Rail,2024-11-10 20:00:00,9,Heavy,Rainy,None,4,3PL-A,Low,<function <lambda> at 0x7cd864291300>,On-Time
10521,Delhi,Delhi,887.2,6.42,Large,Air,2024-05-02 01:00:00,9,Jam,Clear,None,4,Internal,Low,<function <lambda> at 0x7cd864291300>,Minor Delay
10522,Delhi,Kolkata,942.0,4.41,Large,Rail,2024-05-08 05:00:00,4,Moderate,Rainy,None,3,3PL-C,High,<function <lambda> at 0x7cd864291300>,On-Time
10523,Bangalore,Hyderabad,763.5,3.2,Large,Rail,2024-11-06 09:00:00,5,Moderate,Clear,None,1,3PL-C,Low,<function <lambda> at 0x7cd864291300>,On-Time
10524,Kolkata,Hyderabad,916.3,0.5,Small,Air,2024-02-07 13:00:00,1,Clear,Clear,None,0,Internal,Medium,<function <lambda> at 0x7cd864291300>,On-Time
10525,Kolkata,Mumbai,314.6,8.2,Medium,Road,2024-12-04 12:00:00,2,Moderate,Clear,None,2,3PL-C,Medium,<function <lambda> at 0x7cd864291300>,On-Time
10526,Chennai,Chennai,795.4,7.0,Large,Rail,2024-06-27 13:00:00,7,Moderate,Clear,None,0,3PL-B,High,<function <lambda> at 0x7cd864291300>,Minor Delay
10527,Bangalore,Delhi,780.6,13.55,Medium,Rail,2024-09-18 20:00:00,7,Clear,Clear,None,4,3PL-C,Low,<function <lambda> at 0x7cd864291300>,Major Delay
10528,Mumbai,Kolkata,1491.4,9.6,Oversize,Road,2024-06-05 00:00:00,1,Moderate,Foggy,None,4,3PL-B,Medium,<function <lambda> at 0x7cd864291300>,On-Time
10529,Chennai,Bangalore,900.4,0.5,Small,Air,2024-08-11 13:00:00,1,Moderate,Clear,Vehicle Breakdown,0,3PL-B,Medium,<function <lambda> at 0x7cd864291300>,On-Time
10530,Hyderabad,Bangalore,786.8,6.15,Large,Air,2024-01-02 00:00:00,7,Clear,Clear,None,4,Internal,Medium,<function <lambda> at 0x7cd864291300>,On-Time
10531,Kolkata,Delhi,50.0,5.66,Large,Air,2024-02-16 11:00:00,3,Moderate,Clear,None,2,3PL-A,Medium,<function <lambda> at 0x7cd864291300>,On-Time
10532,Kolkata,Hyderabad,110.8,3.88,Oversize,Road,2024-10-17 07:00:00,6,Heavy,Clear,None,2,Internal,Medium,<function <lambda> at 0x7cd864291300>,On-Time
10533,Bangalore,Kolkata,531.7,3.24,Large,Air,2024-09-08 13:00:00,6,Heavy,Rainy,None,1,3PL-B,Low,<function <lambda> at 0x7cd864291300>,Major Delay
10534,Kolkata,Mumbai,1153.1,4.82,Medium,Road,2024-01-03 14:00:00,8,Clear,Rainy,None,4,Internal,High,<function <lambda> at 0x7cd864291300>,Minor Delay
10535,Kolkata,Hyderabad,790.2,1.76,Large,Road,2024-10-12 22:00:00,4,Jam,Rainy,None,1,Internal,Low,<function <lambda> at 0x7cd864291300>,On-Time
10536,Chennai,Mumbai,493.9,8.7,Oversize,Road,2024-12-23 00:00:00,3,Heavy,Foggy,Vehicle Breakdown,0,Internal,Medium,<function <lambda> at 0x7cd864291300>,On-Time
10537,Chennai,Bangalore,1163.9,3.99,Small,Road,2024-07-31 06:00:00,4,Moderate,Rainy,None,1,3PL-C,Medium,<function <lambda> at 0x7cd864291300>,On-Time
10538,Mumbai,Hyderabad,859.8,3.51,Medium,Sea,2024-05-03 22:00:00,7,Moderate,Foggy,None,1,3PL-B,Low,<function <lambda> at 0x7cd864291300>,On-Time
10539,Bangalore,Hyderabad,1469.9,7.56,Large,Rail,2024-11-18 08:00:00,4,Moderate,Clear,None,2,3PL-B,Medium,<function <lambda> at 0x7cd864291300>,On-Time
10540,Bangalore,Kolkata,843.4,5.5,Oversize,Rail,2024-01-07 11:00:00,4,Moderate,Foggy,None,2,3PL-B,Low,<function <lambda> at 0x7cd864291300>,Minor Delay
10541,Kolkata,Hyderabad,836.7,3.72,Medium,Rail,2024-09-19 15:00:00,8,Jam,Clear,None,1,3PL-A,High,<function <lambda> at 0x7cd864291300>,On-Time
10542,Delhi,Mumbai,481.8,6.8,Oversize,Road,2024-10-29 14:00:00,2,Heavy,Rainy,None,2,Internal,High,<function <lambda> at 0x7cd864291300>,Minor Delay
10543,Delhi,Kolkata,372.5,8.14,Small,Road,2024-04-09 07:00:00,3,Jam,Rainy,None,4,3PL-B,High,<function <lambda> at 0x7cd864291300>,Minor Delay
10544,Kolkata,Chennai,424.5,8.34,Large,Road,2024-02-02 02:00:00,2,Clear,Clear,None,0,3PL-A,Low,<function <lambda> at 0x7cd864291300>,Minor Delay
10545,Chennai,Kolkata,520.4,8.24,Medium,Road,2024-08-18 18:00:00,9,Clear,Clear,None,3,3PL-A,High,<function <lambda> at 0x7cd864291300>,On-Time
10546,Chennai,Chennai,606.3,13.63,Large,Road,2024-09-07 03:00:00,9,Moderate,Clear,None,1,Internal,High,<function <lambda> at 0x7cd864291300>,Minor Delay
10547,Mumbai,Kolkata,797.0,6.46,Large,Road,2024-12-05 00:00:00,6,Clear,Clear,None,3,3PL-B,High,<function <lambda> at 0x7cd864291300>,On-Time
10548,Kolkata,Delhi,1232.9,7.47,Large,Rail,2024-03-07 15:00:00,5,Moderate,Stormy,None,3,3PL-A,High,<function <lambda> at 0x7cd864291300>,On-Time
10549,Delhi,Chennai,124.9,6.82,Medium,Rail,2024-02-07 19:00:00,1,Clear,Clear,None,1,3PL-C,Medium,<function <lambda> at 0x7cd864291300>,On-Time
10550,Chennai,Hyderabad,365.3,8.9,Medium,Rail,2024-07-05 23:00:00,9,Heavy,Clear,Strike,2,Internal,Medium,<function <lambda> at 0x7cd864291300>,On-Time
10551,Kolkata,Bangalore,963.7,4.7,Small,Rail,2024-02-01 04:00:00,8,Clear,Clear,None,3,3PL-A,Medium,<function <lambda> at 0x7cd864291300>,On-Time
10552,Hyderabad,Delhi,408.3,10.85,Oversize,Rail,2024-05-17 00:00:00,6,Clear,Clear,None,1,3PL-B,Low,<function <lambda> at 0x7cd864291300>,On-Time
10553,Bangalore,Mumbai,502.7,4.9,Large,Rail,2024-06-10 18:00:00,9,Clear,Rainy,None,4,3PL-B,High,<function <lambda> at 0x7cd864291300>,Major Delay
10554,Kolkata,Delhi,706.9,6.36,Medium,Rail,2024-03-11 17:00:00,6,Jam,Rainy,None,2,Internal,Low,<function <lambda> at 0x7cd864291300>,On-Time
10555,Chennai,Mumbai,1151.0,3.56,Small,Road,2024-07-05 17:00:00,1,Clear,Clear,None,1,3PL-A,Low,<function <lambda> at 0x7cd864291300>,On-Time
10556,Mumbai,Delhi,807.1,7.39,Medium,Road,2024-11-25 00:00:00,8,Clear,Clear,Strike,2,3PL-B,Medium,<function <lambda> at 0x7cd864291300>,On-Time
10557,Bangalore,Bangalore,732.0,3.09,Small,Road,2024-10-25 15:00:00,7,Heavy,Clear,None,4,3PL-B,Low,<function <lambda> at 0x7cd864291300>,Cancelled
10558,Bangalore,Mumbai,772.8,1.98,Medium,Road,2024-05-01 14:00:00,2,Jam,Clear,None,4,3PL-B,High,<function <lambda> at 0x7cd864291300>,On-Time
10559,Mumbai,Delhi,902.9,8.09,Small,Road,2024-06-26 11:00:00,6,Moderate,Clear,None,1,3PL-B,High,<function <lambda> at 0x7cd864291300>,On-Time
10560,Bangalore,Chennai,740.5,3.02,Large,Road,2024-01-01 16:00:00,2,Clear,Clear,None,3,3PL-C,High,<function <lambda> at 0x7cd864291300>,On-Time
10561,Delhi,Bangalore,429.9,2.87,Medium,Air,2024-04-22 21:00:00,7,Clear,Rainy,None,0,Internal,Low,<function <lambda> at 0x7cd864291300>,On-Time
10562,Mumbai,Bangalore,1058.7,9.89,Oversize,Road,2024-04-29 19:00:00,4,Clear,Clear,None,1,Internal,High,<function <lambda> at 0x7cd864291300>,Cancelled
10563,Chennai,Kolkata,50.0,1.49,Medium,Air,2024-04-03 01:00:00,6,Clear,Clear,None,4,3PL-C,High,<function <lambda> at 0x7cd864291300>,On-Time
10564,Hyderabad,Kolkata,510.6,8.47,Oversize,Rail,2024-07-18 13:00:00,3,Moderate,Clear,None,2,3PL-A,High,<function <lambda> at 0x7cd864291300>,On-Time
10565,Bangalore,Bangalore,922.5,7.57,Medium,Road,2024-11-04 09:00:00,4,Moderate,Foggy,None,1,3PL-A,Low,<function <lambda> at 0x7cd864291300>,On-Time
10566,Hyderabad,Kolkata,724.6,0.5,Oversize,Rail,2024-08-25 00:00:00,2,Clear,Rainy,System Outage,2,3PL-A,High,<function <lambda> at 0x7cd864291300>,Cancelled
10567,Kolkata,Mumbai,820.6,5.92,Small,Air,2024-06-10 23:00:00,4,Heavy,Clear,None,4,3PL-C,High,<function <lambda> at 0x7cd864291300>,On-Time
10568,Hyderabad,Chennai,377.5,6.57,Oversize,Road,2024-10-16 06:00:00,4,Heavy,Clear,System Outage,1,3PL-A,Medium,<function <lambda> at 0x7cd864291300>,On-Time
10569,Hyderabad,Bangalore,858.0,0.59,Small,Road,2024-12-29 10:00:00,6,Moderate,Clear,None,1,3PL-C,High,<function <lambda> at 0x7cd864291300>,Minor Delay
10570,Hyderabad,Kolkata,596.0,6.52,Medium,Sea,2024-10-15 07:00:00,4,Clear,Rainy,None,2,3PL-B,High,<function <lambda> at 0x7cd864291300>,On-Time
10571,Bangalore,Kolkata,1357.9,4.25,Small,Road,2024-07-29 17:00:00,2,Clear,Foggy,None,0,3PL-A,Low,<function <lambda> at 0x7cd864291300>,On-Time
10572,Chennai,Kolkata,595.3,1.94,Oversize,Road,2024-06-23 03:00:00,6,Moderate,Foggy,None,2,3PL-B,Medium,<function <lambda> at 0x7cd864291300>,Minor Delay
10573,Chennai,Chennai,526.8,5.18,Large,Road,2024-04-19 22:00:00,9,Clear,Clear,Strike,0,3PL-A,Low,<function <lambda> at 0x7cd864291300>,On-Time
10574,Mumbai,Mumbai,982.1,2.9,Large,Road,2024-01-19 19:00:00,7,Moderate,Stormy,None,1,3PL-A,Medium,<function <lambda> at 0x7cd864291300>,On-Time
10575,Delhi,Mumbai,545.8,5.85,Medium,Rail,2024-12-19 11:00:00,7,Clear,Clear,None,0,3PL-C,High,<function <lambda> at 0x7cd864291300>,On-Time
10576,Delhi,Bangalore,1379.8,5.6,Medium,Road,2024-01-20 11:00:00,5,Moderate,Clear,None,2,3PL-A,Medium,<function <lambda> at 0x7cd864291300>,On-Time
10577,Hyderabad,Hyderabad,623.4,5.49,Medium,Road,2024-05-11 07:00:00,8,Heavy,Rainy,None,3,Internal,Medium,<function <lambda> at 0x7cd864291300>,On-Time
10578,Hyderabad,Hyderabad,854.8,5.99,Medium,Road,2024-01-06 23:00:00,8,Clear,Rainy,None,4,3PL-C,Medium,<function <lambda> at 0x7cd864291300>,On-Time
10579,Bangalore,Hyderabad,756.1,5.34,Large,Air,2024-11-18 21:00:00,4,Heavy,Clear,None,4,3PL-A,High,<function <lambda> at 0x7cd864291300>,Minor Delay
10580,Mumbai,Mumbai,562.4,7.69,Small,Road,2024-11-06 11:00:00,4,Moderate,Clear,System Outage,2,3PL-A,Low,<function <lambda> at 0x7cd864291300>,Minor Delay
10581,Kolkata,Delhi,719.0,5.59,Large,Road,2024-08-22 16:00:00,9,Clear,Rainy,System Outage,2,3PL-B,Low,<function <lambda> at 0x7cd864291300>,Major Delay
10582,Chennai,Hyderabad,1044.4,5.9,Oversize,Rail,2024-02-25 06:00:00,3,Heavy,Foggy,None,2,Internal,Low,<function <lambda> at 0x7cd864291300>,On-Time
10583,Bangalore,Hyderabad,578.4,3.4,Medium,Air,2024-03-02 14:00:00,8,Clear,Clear,None,4,3PL-C,Medium,<function <lambda> at 0x7cd864291300>,Minor Delay
10584,Bangalore,Chennai,715.4,0.5,Medium,Road,2024-10-07 22:00:00,4,Heavy,Clear,None,0,3PL-C,High,<function <lambda> at 0x7cd864291300>,On-Time
10585,Hyderabad,Bangalore,722.1,6.51,Oversize,Air,2024-08-12 22:00:00,9,Clear,Clear,None,3,3PL-C,Low,<function <lambda> at 0x7cd864291300>,On-Time
10586,Bangalore,Kolkata,739.3,2.89,Large,Road,2024-07-03 02:00:00,9,Clear,Clear,None,4,3PL-C,Medium,<function <lambda> at 0x7cd864291300>,On-Time
10587,Delhi,Hyderabad,891.9,0.76,Medium,Air,2024-05-08 08:00:00,1,Clear,Clear,None,4,3PL-A,Low,<function <lambda> at 0x7cd864291300>,Minor Delay
10588,Kolkata,Kolkata,846.2,4.3,Small,Road,2024-08-21 05:00:00,8,Heavy,Clear,None,1,3PL-A,Medium,<function <lambda> at 0x7cd864291300>,On-Time
10589,Kolkata,Mumbai,890.6,1.24,Small,Sea,2024-08-02 12:00:00,8,Moderate,Clear,None,1,3PL-B,Low,<function <lambda> at 0x7cd864291300>,Major Delay
10590,Chennai,Kolkata,137.1,6.72,Medium,Road,2024-12-08 15:00:00,4,Moderate,Clear,None,2,3PL-B,Medium,<function <lambda> at 0x7cd864291300>,On-Time
10591,Kolkata,Chennai,654.4,6.23,Small,Sea,2024-08-19 08:00:00,3,Clear,Rainy,None,4,Internal,High,<function <lambda> at 0x7cd864291300>,On-Time
10592,Bangalore,Mumbai,1113.1,10.33,Small,Air,2024-12-30 14:00:00,5,Heavy,Rainy,None,0,3PL-A,Low,<function <lambda> at 0x7cd864291300>,Minor Delay
10593,Delhi,Hyderabad,1033.5,2.42,Medium,Road,2024-08-10 22:00:00,2,Clear,Clear,Strike,2,3PL-C,Medium,<function <lambda> at 0x7cd864291300>,On-Time
10594,Chennai,Mumbai,448.2,0.51,Large,Rail,2024-09-28 19:00:00,8,Clear,Stormy,None,0,Internal,Medium,<function <lambda> at 0x7cd864291300>,On-Time
10595,Delhi,Delhi,1211.9,5.17,Medium,Air,2024-05-24 22:00:00,4,Clear,Rainy,None,0,Internal,High,<function <lambda> at 0x7cd864291300>,On-Time
10596,Hyderabad,Bangalore,559.6,4.87,Large,Road,2024-02-23 21:00:00,3,Moderate,Foggy,None,0,Internal,High,<function <lambda> at 0x7cd864291300>,On-Time
10597,Bangalore,Delhi,1044.9,0.5,Oversize,Rail,2024-09-03 22:00:00,2,Clear,Clear,None,3,Internal,Low,<function <lambda> at 0x7cd864291300>,On-Time
10598,Hyderabad,Kolkata,689.7,4.99,Small,Road,2024-07-11 08:00:00,5,Moderate,Foggy,None,3,3PL-A,High,<function <lambda> at 0x7cd864291300>,On-Time
10599,Chennai,Hyderabad,636.6,3.76,Medium,Road,2024-07-13 15:00:00,9,Moderate,Foggy,None,2,3PL-B,Medium,<function <lambda> at 0x7cd864291300>,Major Delay
10600,Kolkata,Bangalore,410.0,6.07,Small,Road,2024-04-18 18:00:00,8,Heavy,Stormy,None,4,3PL-A,High,<function <lambda> at 0x7cd864291300>,Minor Delay
10601,Hyderabad,Chennai,742.5,5.44,Small,Rail,2024-05-01 08:00:00,1,Heavy,Clear,None,0,3PL-B,Medium,<function <lambda> at 0x7cd864291300>,Major Delay
10602,Mumbai,Kolkata,442.2,1.44,Oversize,Road,2024-08-22 02:00:00,2,Heavy,Clear,None,0,Internal,Low,<function <lambda> at 0x7cd864291300>,Minor Delay
10603,Delhi,Delhi,51.5,5.66,Small,Rail,2024-02-25 23:00:00,3,Clear,Stormy,Strike,2,Internal,Medium,<function <lambda> at 0x7cd864291300>,Minor Delay
10604,Delhi,Kolkata,678.5,3.36,Small,Rail,2024-06-24 03:00:00,9,Clear,Clear,None,3,3PL-A,Low,<function <lambda> at 0x7cd864291300>,Minor Delay
10605,Mumbai,Mumbai,450.0,6.67,Large,Rail,2024-11-28 20:00:00,9,Heavy,Clear,None,2,Internal,High,<function <lambda> at 0x7cd864291300>,Major Delay
10606,Mumbai,Bangalore,316.7,6.33,Small,Road,2024-09-02 20:00:00,2,Heavy,Clear,None,0,Internal,Low,<function <lambda> at 0x7cd864291300>,Cancelled
10607,Hyderabad,Kolkata,606.0,7.4,Large,Road,2024-03-22 18:00:00,3,Moderate,Foggy,None,4,3PL-B,Low,<function <lambda> at 0x7cd864291300>,Minor Delay
10608,Bangalore,Hyderabad,730.1,2.92,Medium,Road,2024-11-05 09:00:00,3,Jam,Stormy,None,0,3PL-C,Low,<function <lambda> at 0x7cd864291300>,On-Time
10609,Kolkata,Chennai,619.9,5.6,Small,Road,2024-03-07 21:00:00,2,Moderate,Clear,None,0,3PL-C,Low,<function <lambda> at 0x7cd864291300>,On-Time
10610,Chennai,Chennai,703.6,3.92,Large,Air,2024-09-05 00:00:00,7,Moderate,Clear,None,0,3PL-B,Medium,<function <lambda> at 0x7cd864291300>,On-Time
10611,Bangalore,Delhi,1174.3,1.54,Medium,Air,2024-09-09 03:00:00,8,Moderate,Clear,None,1,3PL-C,Low,<function <lambda> at 0x7cd864291300>,Minor Delay
10612,Delhi,Hyderabad,600.4,6.11,Large,Rail,2024-06-01 18:00:00,7,Heavy,Clear,None,1,3PL-C,Medium,<function <lambda> at 0x7cd864291300>,Major Delay
10613,Chennai,Mumbai,563.1,0.86,Oversize,Rail,2024-05-25 19:00:00,3,Clear,Rainy,None,4,Internal,Low,<function <lambda> at 0x7cd864291300>,Minor Delay
10614,Bangalore,Chennai,940.3,8.58,Oversize,Road,2024-03-29 19:00:00,2,Moderate,Clear,None,3,3PL-C,Medium,<function <lambda> at 0x7cd864291300>,Minor Delay
10615,Kolkata,Bangalore,1124.6,5.9,Small,Road,2024-02-29 20:00:00,2,Moderate,Clear,None,2,3PL-A,High,<function <lambda> at 0x7cd864291300>,On-Time
10616,Hyderabad,Hyderabad,290.7,3.83,Oversize,Road,2024-06-04 10:00:00,4,Clear,Clear,None,0,3PL-C,Low,<function <lambda> at 0x7cd864291300>,On-Time
10617,Chennai,Mumbai,658.4,8.17,Oversize,Air,2024-02-04 15:00:00,3,Clear,Clear,None,0,3PL-B,High,<function <lambda> at 0x7cd864291300>,Minor Delay
10618,Chennai,Bangalore,709.9,10.01,Large,Road,2024-04-25 04:00:00,5,Moderate,Clear,Strike,4,3PL-B,Low,<function <lambda> at 0x7cd864291300>,On-Time
10619,Bangalore,Delhi,551.1,3.82,Large,Rail,2024-11-10 03:00:00,7,Jam,Clear,None,1,3PL-B,High,<function <lambda> at 0x7cd864291300>,On-Time
10620,Mumbai,Mumbai,967.9,8.43,Large,Road,2024-01-12 18:00:00,6,Clear,Clear,None,0,3PL-C,Medium,<function <lambda> at 0x7cd864291300>,On-Time
10621,Hyderabad,Bangalore,1051.1,4.74,Large,Road,2024-05-15 07:00:00,7,Clear,Clear,None,1,3PL-B,Medium,<function <lambda> at 0x7cd864291300>,On-Time
10622,Chennai,Chennai,802.2,4.01,Large,Road,2024-01-21 20:00:00,8,Moderate,Clear,None,2,3PL-A,Low,<function <lambda> at 0x7cd864291300>,On-Time
10623,Delhi,Kolkata,643.2,8.22,Medium,Road,2024-11-22 09:00:00,6,Clear,Clear,Strike,2,Internal,Low,<function <lambda> at 0x7cd864291300>,Major Delay
10624,Chennai,Hyderabad,313.8,1.22,Large,Road,2024-07-04 04:00:00,8,Clear,Clear,None,2,3PL-B,Medium,<function <lambda> at 0x7cd864291300>,On-Time
10625,Delhi,Chennai,540.4,10.52,Large,Rail,2024-08-20 00:00:00,5,Clear,Clear,None,4,3PL-C,Low,<function <lambda> at 0x7cd864291300>,Cancelled
10626,Chennai,Hyderabad,475.0,0.5,Small,Rail,2024-01-12 01:00:00,8,Heavy,Clear,None,3,3PL-C,Medium,<function <lambda> at 0x7cd864291300>,On-Time
10627,Bangalore,Kolkata,753.2,6.76,Small,Air,2024-12-28 09:00:00,4,Clear,Clear,None,3,3PL-B,High,<function <lambda> at 0x7cd864291300>,Cancelled
10628,Hyderabad,Delhi,817.8,4.49,Small,Road,2024-05-15 05:00:00,1,Moderate,Clear,None,1,3PL-C,Low,<function <lambda> at 0x7cd864291300>,On-Time
10629,Kolkata,Hyderabad,983.5,8.24,Large,Road,2024-08-25 08:00:00,2,Clear,Clear,None,0,3PL-B,High,<function <lambda> at 0x7cd864291300>,On-Time
10630,Mumbai,Bangalore,289.1,5.35,Medium,Air,2024-04-12 07:00:00,6,Clear,Clear,None,4,3PL-C,Low,<function <lambda> at 0x7cd864291300>,Minor Delay
10631,Kolkata,Delhi,855.1,4.91,Oversize,Rail,2024-04-17 18:00:00,4,Moderate,Clear,None,0,3PL-B,High,<function <lambda> at 0x7cd864291300>,Cancelled
10632,Chennai,Delhi,1083.6,8.03,Medium,Air,2024-07-27 05:00:00,7,Jam,Clear,None,4,3PL-C,High,<function <lambda> at 0x7cd864291300>,Minor Delay
10633,Bangalore,Mumbai,308.5,5.87,Medium,Air,2024-02-13 02:00:00,3,Clear,Clear,None,3,Internal,High,<function <lambda> at 0x7cd864291300>,On-Time
10634,Bangalore,Hyderabad,588.5,0.5,Medium,Road,2024-09-01 12:00:00,3,Clear,Clear,None,1,3PL-C,Medium,<function <lambda> at 0x7cd864291300>,Minor Delay
10635,Kolkata,Kolkata,794.2,10.05,Oversize,Road,2024-10-10 16:00:00,7,Moderate,Clear,Strike,0,3PL-B,Low,<function <lambda> at 0x7cd864291300>,On-Time
10636,Hyderabad,Bangalore,1018.4,11.82,Large,Road,2024-09-01 23:00:00,1,Heavy,Stormy,None,4,3PL-A,Low,<function <lambda> at 0x7cd864291300>,On-Time
10637,Hyderabad,Kolkata,920.5,3.78,Medium,Sea,2024-09-04 08:00:00,2,Heavy,Stormy,None,4,3PL-A,High,<function <lambda> at 0x7cd864291300>,On-Time
10638,Bangalore,Delhi,1248.4,9.31,Small,Road,2024-01-07 23:00:00,1,Moderate,Clear,None,0,Internal,Medium,<function <lambda> at 0x7cd864291300>,On-Time
10639,Kolkata,Bangalore,1390.5,3.14,Small,Road,2024-03-09 15:00:00,4,Clear,Clear,None,3,3PL-A,Low,<function <lambda> at 0x7cd864291300>,On-Time
10640,Bangalore,Bangalore,1630.0,9.61,Oversize,Air,2024-10-29 00:00:00,1,Clear,Foggy,None,3,3PL-A,Medium,<function <lambda> at 0x7cd864291300>,Minor Delay
10641,Chennai,Chennai,184.0,1.51,Medium,Road,2024-03-27 17:00:00,3,Heavy,Clear,None,2,Internal,High,<function <lambda> at 0x7cd864291300>,Minor Delay
10642,Hyderabad,Mumbai,994.3,6.47,Medium,Rail,2024-06-27 19:00:00,4,Moderate,Clear,None,1,3PL-C,Low,<function <lambda> at 0x7cd864291300>,Minor Delay
10643,Chennai,Hyderabad,100.0,5.46,Large,Rail,2024-06-17 12:00:00,7,Heavy,Clear,None,2,3PL-A,High,<function <lambda> at 0x7cd864291300>,On-Time
10644,Hyderabad,Bangalore,1052.9,1.93,Oversize,Rail,2024-06-03 18:00:00,6,Heavy,Clear,None,0,3PL-A,Low,<function <lambda> at 0x7cd864291300>,Minor Delay
10645,Hyderabad,Mumbai,1075.0,3.59,Oversize,Rail,2024-10-27 22:00:00,7,Moderate,Clear,None,0,Internal,High,<function <lambda> at 0x7cd864291300>,On-Time
10646,Chennai,Chennai,981.8,6.93,Medium,Sea,2024-02-06 16:00:00,2,Clear,Clear,None,1,3PL-B,Medium,<function <lambda> at 0x7cd864291300>,On-Time
10647,Delhi,Chennai,787.1,0.5,Medium,Road,2024-12-24 11:00:00,5,Clear,Clear,None,4,3PL-C,Low,<function <lambda> at 0x7cd864291300>,On-Time
10648,Bangalore,Hyderabad,1087.7,3.33,Oversize,Road,2024-03-08 05:00:00,5,Moderate,Rainy,None,1,3PL-C,Medium,<function <lambda> at 0x7cd864291300>,On-Time
10649,Mumbai,Hyderabad,762.6,11.65,Medium,Rail,2024-08-21 07:00:00,7,Moderate,Clear,None,2,3PL-B,High,<function <lambda> at 0x7cd864291300>,Cancelled
10650,Delhi,Chennai,803.6,3.51,Oversize,Road,2024-10-27 21:00:00,9,Moderate,Rainy,None,4,3PL-A,High,<function <lambda> at 0x7cd864291300>,Minor Delay
10651,Mumbai,Hyderabad,1031.0,4.02,Large,Road,2024-09-25 13:00:00,4,Moderate,Rainy,None,1,3PL-C,Medium,<function <lambda> at 0x7cd864291300>,Minor Delay
10652,Mumbai,Bangalore,1540.3,10.54,Medium,Road,2024-01-11 20:00:00,1,Clear,Clear,None,3,3PL-C,High,<function <lambda> at 0x7cd864291300>,On-Time
10653,Chennai,Delhi,853.3,7.07,Large,Road,2024-12-06 21:00:00,2,Moderate,Rainy,None,4,3PL-A,High,<function <lambda> at 0x7cd864291300>,Minor Delay
10654,Delhi,Delhi,1438.7,8.31,Small,Rail,2024-08-26 17:00:00,8,Heavy,Clear,Strike,2,Internal,High,<function <lambda> at 0x7cd864291300>,On-Time
10655,Delhi,Chennai,176.3,4.35,Oversize,Road,2024-12-07 04:00:00,3,Heavy,Clear,None,0,Internal,Low,<function <lambda> at 0x7cd864291300>,Cancelled
10656,Chennai,Delhi,699.9,7.58,Medium,Road,2024-03-14 21:00:00,3,Heavy,Clear,None,3,3PL-B,High,<function <lambda> at 0x7cd864291300>,On-Time
10657,Hyderabad,Delhi,947.9,0.89,Small,Road,2024-06-03 17:00:00,9,Heavy,Clear,None,2,3PL-A,High,<function <lambda> at 0x7cd864291300>,On-Time
10658,Bangalore,Bangalore,525.1,5.51,Medium,Air,2024-10-03 04:00:00,3,Clear,Rainy,None,1,3PL-B,High,<function <lambda> at 0x7cd864291300>,On-Time
10659,Delhi,Chennai,487.8,3.39,Medium,Air,2024-05-08 19:00:00,8,Clear,Foggy,None,0,Internal,Low,<function <lambda> at 0x7cd864291300>,Major Delay
10660,Bangalore,Mumbai,656.7,11.54,Oversize,Air,2024-06-17 08:00:00,1,Moderate,Rainy,None,1,3PL-B,Medium,<function <lambda> at 0x7cd864291300>,On-Time
10661,Hyderabad,Chennai,491.9,5.85,Small,Road,2024-10-09 19:00:00,9,Jam,Foggy,None,0,3PL-C,Medium,<function <lambda> at 0x7cd864291300>,On-Time
10662,Mumbai,Chennai,472.2,2.22,Oversize,Rail,2024-04-20 06:00:00,8,Heavy,Clear,None,1,3PL-A,Low,<function <lambda> at 0x7cd864291300>,On-Time
10663,Mumbai,Chennai,869.2,4.19,Oversize,Road,2024-01-13 08:00:00,5,Clear,Rainy,Vehicle Breakdown,2,3PL-C,Medium,<function <lambda> at 0x7cd864291300>,On-Time
10664,Hyderabad,Hyderabad,1026.3,10.42,Small,Air,2024-08-16 09:00:00,6,Jam,Clear,None,1,3PL-C,Low,<function <lambda> at 0x7cd864291300>,On-Time
10665,Delhi,Bangalore,964.3,4.21,Small,Road,2024-06-24 11:00:00,4,Clear,Clear,None,3,3PL-A,Medium,<function <lambda> at 0x7cd864291300>,On-Time
10666,Mumbai,Chennai,861.4,3.71,Large,Rail,2024-05-08 12:00:00,8,Clear,Rainy,None,0,3PL-A,Medium,<function <lambda> at 0x7cd864291300>,On-Time
10667,Chennai,Mumbai,1191.5,4.31,Large,Road,2024-04-03 19:00:00,1,Clear,Clear,None,2,3PL-B,High,<function <lambda> at 0x7cd864291300>,On-Time
10668,Chennai,Kolkata,427.7,6.65,Small,Rail,2024-04-07 23:00:00,3,Moderate,Clear,None,1,3PL-C,High,<function <lambda> at 0x7cd864291300>,On-Time
10669,Chennai,Chennai,651.0,8.72,Large,Air,2024-05-18 02:00:00,6,Clear,Clear,None,2,Internal,High,<function <lambda> at 0x7cd864291300>,Cancelled
10670,Kolkata,Chennai,904.1,6.35,Small,Road,2024-06-28 08:00:00,7,Moderate,Rainy,None,2,3PL-A,Medium,<function <lambda> at 0x7cd864291300>,Minor Delay
10671,Bangalore,Hyderabad,774.4,0.5,Oversize,Air,2024-11-30 15:00:00,4,Clear,Clear,None,2,3PL-A,High,<function <lambda> at 0x7cd864291300>,On-Time
10672,Kolkata,Chennai,1140.2,10.11,Small,Road,2024-01-22 06:00:00,3,Clear,Clear,None,2,3PL-B,Low,<function <lambda> at 0x7cd864291300>,On-Time
10673,Chennai,Delhi,589.4,5.13,Small,Rail,2024-11-02 16:00:00,7,Clear,Clear,None,2,3PL-C,High,<function <lambda> at 0x7cd864291300>,Major Delay
10674,Hyderabad,Mumbai,1094.5,3.6,Medium,Rail,2024-02-28 07:00:00,5,Heavy,Clear,System Outage,3,Internal,Low,<function <lambda> at 0x7cd864291300>,Minor Delay
10675,Chennai,Chennai,555.5,6.67,Small,Road,2024-01-19 20:00:00,1,Clear,Rainy,None,3,3PL-C,Medium,<function <lambda> at 0x7cd864291300>,Minor Delay
10676,Delhi,Bangalore,823.6,9.27,Small,Air,2024-06-06 16:00:00,4,Clear,Clear,Vehicle Breakdown,0,3PL-B,High,<function <lambda> at 0x7cd864291300>,On-Time
10677,Delhi,Bangalore,417.8,7.06,Large,Road,2024-02-08 11:00:00,6,Jam,Stormy,None,4,3PL-C,High,<function <lambda> at 0x7cd864291300>,On-Time
10678,Kolkata,Chennai,1025.3,4.59,Oversize,Road,2024-12-11 14:00:00,3,Heavy,Foggy,None,2,3PL-B,Medium,<function <lambda> at 0x7cd864291300>,On-Time
10679,Hyderabad,Delhi,1049.0,0.69,Medium,Air,2024-04-27 17:00:00,2,Heavy,Clear,None,2,3PL-B,High,<function <lambda> at 0x7cd864291300>,On-Time
10680,Chennai,Mumbai,512.6,3.8,Medium,Sea,2024-04-24 11:00:00,7,Clear,Clear,None,4,3PL-C,Medium,<function <lambda> at 0x7cd864291300>,On-Time
10681,Bangalore,Hyderabad,732.4,7.31,Small,Road,2024-06-15 10:00:00,8,Moderate,Clear,None,3,3PL-C,Low,<function <lambda> at 0x7cd864291300>,On-Time
10682,Chennai,Chennai,1001.9,7.39,Medium,Road,2024-09-13 15:00:00,5,Clear,Clear,None,2,3PL-B,Low,<function <lambda> at 0x7cd864291300>,On-Time
10683,Kolkata,Bangalore,565.3,6.08,Oversize,Road,2024-01-31 02:00:00,4,Jam,Clear,None,3,3PL-B,Low,<function <lambda> at 0x7cd864291300>,Minor Delay
10684,Delhi,Bangalore,1048.0,10.84,Large,Sea,2024-06-16 00:00:00,5,Heavy,Clear,None,0,3PL-B,Medium,<function <lambda> at 0x7cd864291300>,On-Time
10685,Delhi,Kolkata,876.8,11.45,Medium,Road,2024-02-13 04:00:00,3,Moderate,Clear,Vehicle Breakdown,2,3PL-C,Low,<function <lambda> at 0x7cd864291300>,On-Time
10686,Bangalore,Mumbai,952.8,7.26,Large,Air,2024-03-10 21:00:00,6,Clear,Clear,None,4,3PL-C,High,<function <lambda> at 0x7cd864291300>,On-Time
10687,Chennai,Bangalore,831.6,4.35,Medium,Road,2024-01-13 22:00:00,4,Clear,Foggy,None,4,3PL-C,Medium,<function <lambda> at 0x7cd864291300>,On-Time
10688,Kolkata,Delhi,988.4,9.6,Small,Road,2024-05-28 02:00:00,5,Clear,Foggy,None,2,Internal,Medium,<function <lambda> at 0x7cd864291300>,On-Time
10689,Kolkata,Bangalore,1087.1,3.92,Large,Air,2024-01-17 09:00:00,7,Moderate,Clear,None,2,Internal,Low,<function <lambda> at 0x7cd864291300>,On-Time
10690,Hyderabad,Kolkata,485.5,4.21,Small,Rail,2024-11-05 21:00:00,9,Moderate,Clear,System Outage,3,3PL-B,High,<function <lambda> at 0x7cd864291300>,On-Time
10691,Delhi,Chennai,1028.2,10.11,Large,Road,2024-05-20 15:00:00,4,Moderate,Clear,None,0,3PL-C,Medium,<function <lambda> at 0x7cd864291300>,On-Time
10692,Mumbai,Hyderabad,714.2,7.08,Oversize,Rail,2024-08-22 02:00:00,6,Clear,Clear,None,2,3PL-C,Medium,<function <lambda> at 0x7cd864291300>,On-Time
10693,Chennai,Bangalore,522.2,0.5,Medium,Air,2024-01-23 08:00:00,6,Moderate,Clear,None,2,3PL-B,Low,<function <lambda> at 0x7cd864291300>,On-Time
10694,Chennai,Kolkata,972.6,10.32,Large,Road,2024-07-15 08:00:00,1,Moderate,Clear,None,4,3PL-B,Low,<function <lambda> at 0x7cd864291300>,On-Time
10695,Kolkata,Mumbai,715.8,2.48,Medium,Rail,2024-11-24 22:00:00,9,Clear,Clear,None,3,3PL-B,High,<function <lambda> at 0x7cd864291300>,On-Time
10696,Mumbai,Bangalore,1324.9,0.5,Medium,Road,2024-04-21 20:00:00,4,Clear,Clear,None,0,3PL-C,Low,<function <lambda> at 0x7cd864291300>,On-Time
10697,Mumbai,Hyderabad,1126.4,5.58,Small,Air,2024-03-29 04:00:00,4,Clear,Clear,None,3,3PL-C,Low,<function <lambda> at 0x7cd864291300>,Minor Delay
10698,Kolkata,Chennai,1506.5,6.4,Medium,Road,2024-06-04 17:00:00,1,Clear,Rainy,None,1,3PL-A,Medium,<function <lambda> at 0x7cd864291300>,On-Time
10699,Delhi,Hyderabad,579.1,5.65,Oversize,Road,2024-07-28 05:00:00,2,Clear,Clear,None,2,3PL-B,Low,<function <lambda> at 0x7cd864291300>,On-Time
10700,Delhi,Kolkata,647.8,7.0,Medium,Rail,2024-02-20 18:00:00,5,Heavy,Clear,None,1,Internal,Low,<function <lambda> at 0x7cd864291300>,On-Time
10701,Mumbai,Mumbai,584.3,6.97,Medium,Sea,2024-05-20 08:00:00,1,Moderate,Foggy,None,1,Internal,Medium,<function <lambda> at 0x7cd864291300>,Cancelled
10702,Chennai,Kolkata,678.9,0.83,Oversize,Road,2024-08-24 19:00:00,5,Clear,Clear,Strike,2,3PL-B,Medium,<function <lambda> at 0x7cd864291300>,On-Time
10703,Chennai,Delhi,924.8,5.64,Small,Road,2024-01-28 19:00:00,6,Clear,Clear,None,3,3PL-C,Medium,<function <lambda> at 0x7cd864291300>,On-Time
10704,Bangalore,Hyderabad,874.3,5.59,Medium,Road,2024-11-27 01:00:00,5,Heavy,Clear,None,2,Internal,Medium,<function <lambda> at 0x7cd864291300>,Minor Delay
10705,Hyderabad,Kolkata,786.6,8.62,Small,Rail,2024-01-16 18:00:00,9,Moderate,Rainy,None,2,3PL-C,High,<function <lambda> at 0x7cd864291300>,On-Time
10706,Delhi,Mumbai,176.2,4.08,Oversize,Road,2024-07-16 17:00:00,1,Clear,Clear,None,0,3PL-B,High,<function <lambda> at 0x7cd864291300>,Minor Delay
10707,Mumbai,Delhi,854.1,4.16,Oversize,Rail,2024-05-13 01:00:00,8,Moderate,Clear,None,4,3PL-A,Low,<function <lambda> at 0x7cd864291300>,On-Time
10708,Kolkata,Hyderabad,284.0,3.57,Medium,Rail,2024-06-30 01:00:00,3,Moderate,Rainy,None,3,Internal,Medium,<function <lambda> at 0x7cd864291300>,Major Delay
10709,Delhi,Kolkata,624.1,6.12,Large,Rail,2024-11-17 16:00:00,7,Heavy,Clear,None,0,3PL-C,High,<function <lambda> at 0x7cd864291300>,On-Time
10710,Hyderabad,Bangalore,608.3,6.2,Large,Road,2024-11-14 01:00:00,2,Moderate,Rainy,None,1,Internal,Low,<function <lambda> at 0x7cd864291300>,On-Time
10711,Chennai,Bangalore,1271.7,7.19,Large,Rail,2024-01-30 15:00:00,5,Moderate,Rainy,None,3,3PL-B,Medium,<function <lambda> at 0x7cd864291300>,On-Time
10712,Mumbai,Hyderabad,791.1,7.44,Oversize,Air,2024-05-18 21:00:00,1,Moderate,Stormy,None,4,3PL-C,High,<function <lambda> at 0x7cd864291300>,On-Time
10713,Delhi,Mumbai,339.2,2.77,Oversize,Road,2024-05-04 05:00:00,6,Heavy,Clear,None,1,3PL-B,High,<function <lambda> at 0x7cd864291300>,Minor Delay
10714,Bangalore,Delhi,624.6,3.02,Oversize,Rail,2024-06-14 13:00:00,6,Clear,Clear,Vehicle Breakdown,0,Internal,Medium,<function <lambda> at 0x7cd864291300>,On-Time
10715,Mumbai,Mumbai,684.6,0.5,Small,Air,2024-03-23 03:00:00,1,Clear,Clear,None,4,Internal,Low,<function <lambda> at 0x7cd864291300>,On-Time
10716,Mumbai,Chennai,914.1,7.82,Oversize,Road,2024-10-18 06:00:00,8,Heavy,Clear,None,4,3PL-C,Low,<function <lambda> at 0x7cd864291300>,On-Time
10717,Kolkata,Hyderabad,1015.7,1.8,Small,Road,2024-03-04 09:00:00,1,Clear,Stormy,Strike,3,Internal,High,<function <lambda> at 0x7cd864291300>,On-Time
10718,Bangalore,Mumbai,791.7,10.92,Large,Air,2024-09-15 11:00:00,5,Moderate,Clear,None,4,3PL-C,Low,<function <lambda> at 0x7cd864291300>,Minor Delay
10719,Bangalore,Mumbai,1043.4,5.06,Oversize,Road,2024-03-20 14:00:00,2,Moderate,Clear,None,2,3PL-B,Medium,<function <lambda> at 0x7cd864291300>,Minor Delay
10720,Bangalore,Bangalore,995.6,5.52,Medium,Road,2024-06-26 12:00:00,8,Heavy,Clear,None,4,3PL-B,Medium,<function <lambda> at 0x7cd864291300>,On-Time
10721,Bangalore,Chennai,863.8,3.97,Oversize,Rail,2024-03-10 07:00:00,4,Jam,Clear,None,0,3PL-A,High,<function <lambda> at 0x7cd864291300>,On-Time
10722,Delhi,Kolkata,1185.4,7.95,Small,Rail,2024-05-19 04:00:00,2,Heavy,Clear,None,2,3PL-B,Medium,<function <lambda> at 0x7cd864291300>,On-Time
10723,Hyderabad,Hyderabad,1531.7,6.22,Large,Road,2024-06-15 18:00:00,7,Clear,Clear,None,1,3PL-B,High,<function <lambda> at 0x7cd864291300>,On-Time
10724,Mumbai,Delhi,546.2,4.58,Medium,Road,2024-10-05 10:00:00,4,Moderate,Clear,None,2,3PL-C,Low,<function <lambda> at 0x7cd864291300>,Major Delay
10725,Kolkata,Chennai,935.1,4.95,Oversize,Road,2024-11-23 13:00:00,7,Clear,Clear,None,3,3PL-A,Low,<function <lambda> at 0x7cd864291300>,On-Time
10726,Hyderabad,Bangalore,633.7,6.67,Small,Rail,2024-03-08 19:00:00,8,Clear,Foggy,System Outage,1,3PL-C,Low,<function <lambda> at 0x7cd864291300>,Minor Delay
10727,Bangalore,Bangalore,789.0,6.6,Large,Road,2024-11-13 15:00:00,4,Heavy,Clear,None,2,3PL-A,Low,<function <lambda> at 0x7cd864291300>,Minor Delay
10728,Bangalore,Chennai,824.2,6.88,Large,Rail,2024-02-16 15:00:00,7,Moderate,Clear,None,4,3PL-A,Low,<function <lambda> at 0x7cd864291300>,Minor Delay
10729,Bangalore,Bangalore,903.6,0.5,Oversize,Road,2024-07-21 12:00:00,7,Moderate,Rainy,None,1,3PL-C,Low,<function <lambda> at 0x7cd864291300>,On-Time
10730,Bangalore,Kolkata,783.5,7.97,Medium,Road,2024-09-04 16:00:00,8,Moderate,Foggy,None,3,3PL-C,High,<function <lambda> at 0x7cd864291300>,Minor Delay
10731,Kolkata,Kolkata,1251.1,0.5,Large,Rail,2024-08-06 00:00:00,1,Clear,Clear,None,3,3PL-B,High,<function <lambda> at 0x7cd864291300>,On-Time
10732,Kolkata,Kolkata,882.2,3.62,Medium,Rail,2024-03-26 13:00:00,8,Clear,Foggy,None,1,3PL-A,Low,<function <lambda> at 0x7cd864291300>,On-Time
10733,Delhi,Delhi,1451.6,4.07,Oversize,Rail,2024-06-17 18:00:00,2,Moderate,Clear,System Outage,0,3PL-C,Low,<function <lambda> at 0x7cd864291300>,On-Time
10734,Kolkata,Chennai,1223.7,2.29,Oversize,Road,2024-11-13 07:00:00,4,Heavy,Clear,None,0,3PL-C,High,<function <lambda> at 0x7cd864291300>,Minor Delay
10735,Chennai,Chennai,677.1,12.39,Oversize,Road,2024-07-12 18:00:00,8,Heavy,Clear,None,4,Internal,Medium,<function <lambda> at 0x7cd864291300>,Major Delay
10736,Delhi,Hyderabad,732.0,3.49,Oversize,Road,2024-01-26 14:00:00,2,Clear,Clear,None,4,Internal,Low,<function <lambda> at 0x7cd864291300>,On-Time
10737,Bangalore,Kolkata,1004.6,3.5,Oversize,Road,2024-10-24 11:00:00,7,Clear,Foggy,System Outage,2,3PL-A,Low,<function <lambda> at 0x7cd864291300>,On-Time
10738,Delhi,Bangalore,662.6,0.5,Oversize,Air,2024-04-09 05:00:00,7,Clear,Clear,None,3,Internal,Medium,<function <lambda> at 0x7cd864291300>,Major Delay
10739,Mumbai,Bangalore,1199.8,11.72,Small,Road,2024-10-22 16:00:00,9,Moderate,Rainy,None,4,3PL-A,Low,<function <lambda> at 0x7cd864291300>,Minor Delay
10740,Kolkata,Bangalore,390.5,6.19,Small,Road,2024-03-09 22:00:00,6,Clear,Clear,None,4,3PL-A,Low,<function <lambda> at 0x7cd864291300>,On-Time
10741,Hyderabad,Mumbai,1087.8,4.3,Small,Road,2024-07-20 06:00:00,4,Moderate,Rainy,System Outage,0,3PL-A,High,<function <lambda> at 0x7cd864291300>,On-Time
10742,Bangalore,Kolkata,721.3,2.22,Small,Road,2024-06-09 03:00:00,2,Moderate,Clear,None,1,3PL-C,Low,<function <lambda> at 0x7cd864291300>,Cancelled
10743,Mumbai,Kolkata,791.8,7.28,Oversize,Road,2024-04-16 04:00:00,9,Heavy,Clear,None,3,3PL-B,Medium,<function <lambda> at 0x7cd864291300>,On-Time
10744,Hyderabad,Mumbai,801.1,3.64,Medium,Rail,2024-09-07 09:00:00,9,Clear,Clear,None,1,3PL-C,High,<function <lambda> at 0x7cd864291300>,On-Time
10745,Delhi,Mumbai,894.4,5.28,Medium,Road,2024-10-07 10:00:00,9,Heavy,Clear,None,3,3PL-C,Low,<function <lambda> at 0x7cd864291300>,On-Time
10746,Kolkata,Kolkata,1079.9,6.8,Small,Road,2024-02-25 12:00:00,1,Clear,Foggy,None,0,3PL-B,Medium,<function <lambda> at 0x7cd864291300>,On-Time
10747,Hyderabad,Bangalore,1094.9,0.5,Oversize,Road,2024-05-06 22:00:00,4,Clear,Stormy,None,3,3PL-A,Low,<function <lambda> at 0x7cd864291300>,Minor Delay
10748,Kolkata,Mumbai,720.7,6.11,Large,Air,2024-04-15 08:00:00,1,Heavy,Clear,None,4,3PL-B,Low,<function <lambda> at 0x7cd864291300>,Minor Delay
10749,Delhi,Mumbai,925.9,7.97,Oversize,Air,2024-11-11 02:00:00,1,Heavy,Clear,None,0,3PL-C,High,<function <lambda> at 0x7cd864291300>,On-Time
10750,Hyderabad,Mumbai,793.9,6.04,Medium,Rail,2024-02-18 05:00:00,8,Moderate,Foggy,None,3,3PL-B,Low,<function <lambda> at 0x7cd864291300>,On-Time
10751,Bangalore,Hyderabad,980.5,3.24,Oversize,Rail,2024-09-03 00:00:00,3,Clear,Rainy,None,1,3PL-A,Medium,<function <lambda> at 0x7cd864291300>,Minor Delay
10752,Bangalore,Chennai,998.4,4.61,Oversize,Road,2024-03-13 21:00:00,6,Heavy,Stormy,None,0,3PL-C,Medium,<function <lambda> at 0x7cd864291300>,On-Time
10753,Delhi,Mumbai,536.0,9.11,Small,Rail,2024-09-16 05:00:00,3,Clear,Clear,None,1,3PL-A,High,<function <lambda> at 0x7cd864291300>,On-Time
10754,Hyderabad,Delhi,899.0,7.0,Oversize,Air,2024-08-29 02:00:00,1,Heavy,Clear,Strike,0,3PL-C,Medium,<function <lambda> at 0x7cd864291300>,On-Time
10755,Delhi,Hyderabad,924.5,5.99,Medium,Road,2024-08-16 14:00:00,4,Heavy,Rainy,None,3,3PL-C,Low,<function <lambda> at 0x7cd864291300>,On-Time
10756,Bangalore,Hyderabad,201.5,6.01,Medium,Rail,2024-10-12 10:00:00,3,Moderate,Clear,None,3,3PL-B,Medium,<function <lambda> at 0x7cd864291300>,On-Time
10757,Chennai,Hyderabad,404.0,0.5,Oversize,Rail,2024-04-02 21:00:00,9,Moderate,Clear,None,3,3PL-C,Low,<function <lambda> at 0x7cd864291300>,On-Time
10758,Bangalore,Hyderabad,880.0,5.9,Oversize,Air,2024-07-08 14:00:00,1,Heavy,Clear,None,3,3PL-B,High,<function <lambda> at 0x7cd864291300>,On-Time
10759,Chennai,Chennai,837.0,5.67,Small,Road,2024-03-02 08:00:00,2,Moderate,Clear,None,1,Internal,High,<function <lambda> at 0x7cd864291300>,On-Time
10760,Kolkata,Delhi,457.9,4.39,Large,Road,2024-03-24 07:00:00,6,Jam,Clear,None,0,3PL-A,Low,<function <lambda> at 0x7cd864291300>,Minor Delay
10761,Chennai,Kolkata,821.9,11.27,Oversize,Road,2024-02-24 09:00:00,5,Heavy,Clear,None,1,3PL-C,High,<function <lambda> at 0x7cd864291300>,On-Time
10762,Delhi,Bangalore,735.6,9.24,Medium,Road,2024-12-20 11:00:00,1,Moderate,Clear,System Outage,2,3PL-C,Low,<function <lambda> at 0x7cd864291300>,On-Time
10763,Kolkata,Bangalore,776.8,9.59,Large,Road,2024-11-16 18:00:00,4,Moderate,Clear,None,1,3PL-C,High,<function <lambda> at 0x7cd864291300>,On-Time
10764,Chennai,Chennai,539.2,5.94,Large,Sea,2024-05-30 09:00:00,3,Clear,Clear,None,1,3PL-B,Medium,<function <lambda> at 0x7cd864291300>,On-Time
10765,Mumbai,Delhi,1179.6,0.5,Medium,Air,2024-04-29 07:00:00,9,Heavy,Clear,None,2,Internal,High,<function <lambda> at 0x7cd864291300>,On-Time
10766,Chennai,Hyderabad,956.0,6.03,Oversize,Road,2024-12-08 03:00:00,4,Moderate,Clear,None,0,Internal,High,<function <lambda> at 0x7cd864291300>,On-Time
10767,Bangalore,Kolkata,656.2,6.32,Small,Rail,2024-04-14 11:00:00,9,Clear,Clear,None,0,Internal,Medium,<function <lambda> at 0x7cd864291300>,Major Delay
10768,Kolkata,Mumbai,1070.9,0.5,Large,Road,2024-12-26 15:00:00,2,Clear,Stormy,None,2,3PL-A,Low,<function <lambda> at 0x7cd864291300>,Minor Delay
10769,Delhi,Delhi,1121.3,5.43,Oversize,Air,2024-07-16 09:00:00,9,Clear,Clear,None,3,3PL-B,Low,<function <lambda> at 0x7cd864291300>,Cancelled
10770,Bangalore,Mumbai,554.0,7.32,Small,Road,2024-11-07 21:00:00,3,Moderate,Clear,None,1,3PL-B,Medium,<function <lambda> at 0x7cd864291300>,On-Time
10771,Hyderabad,Mumbai,1194.3,8.85,Large,Air,2024-10-04 19:00:00,4,Heavy,Rainy,None,2,3PL-A,Medium,<function <lambda> at 0x7cd864291300>,On-Time
10772,Bangalore,Mumbai,970.3,3.07,Small,Sea,2024-10-27 13:00:00,4,Clear,Clear,None,3,Internal,Low,<function <lambda> at 0x7cd864291300>,Cancelled
10773,Mumbai,Mumbai,831.7,5.03,Large,Road,2024-09-24 09:00:00,9,Clear,Clear,None,4,3PL-C,Medium,<function <lambda> at 0x7cd864291300>,Major Delay
10774,Hyderabad,Delhi,1133.6,5.93,Medium,Air,2024-11-14 03:00:00,7,Moderate,Clear,None,3,3PL-C,Medium,<function <lambda> at 0x7cd864291300>,On-Time
10775,Chennai,Hyderabad,1003.7,3.18,Large,Air,2024-04-26 21:00:00,4,Moderate,Clear,None,2,Internal,High,<function <lambda> at 0x7cd864291300>,Major Delay
10776,Hyderabad,Chennai,973.0,1.1,Oversize,Sea,2024-10-13 21:00:00,1,Moderate,Clear,None,2,Internal,Medium,<function <lambda> at 0x7cd864291300>,On-Time
10777,Chennai,Hyderabad,1309.6,0.5,Large,Road,2024-09-17 13:00:00,2,Heavy,Stormy,None,3,3PL-A,Low,<function <lambda> at 0x7cd864291300>,On-Time
10778,Bangalore,Kolkata,520.8,7.09,Small,Road,2024-09-30 15:00:00,1,Clear,Clear,None,3,Internal,Low,<function <lambda> at 0x7cd864291300>,Minor Delay
10779,Delhi,Kolkata,845.0,2.32,Small,Rail,2024-01-26 00:00:00,6,Moderate,Rainy,None,2,3PL-C,High,<function <lambda> at 0x7cd864291300>,On-Time
10780,Delhi,Bangalore,530.7,8.84,Oversize,Air,2024-05-20 07:00:00,9,Heavy,Clear,None,2,Internal,Low,<function <lambda> at 0x7cd864291300>,On-Time
10781,Bangalore,Bangalore,885.8,2.91,Oversize,Air,2024-05-08 19:00:00,3,Moderate,Clear,None,4,Internal,Medium,<function <lambda> at 0x7cd864291300>,Minor Delay
10782,Mumbai,Chennai,1065.7,7.67,Small,Road,2024-11-27 20:00:00,1,Clear,Stormy,None,0,3PL-C,Medium,<function <lambda> at 0x7cd864291300>,On-Time
10783,Chennai,Hyderabad,63.3,3.26,Medium,Rail,2024-03-20 02:00:00,9,Heavy,Stormy,None,3,3PL-A,High,<function <lambda> at 0x7cd864291300>,On-Time
10784,Bangalore,Kolkata,629.2,5.75,Oversize,Sea,2024-08-21 21:00:00,3,Clear,Clear,None,3,3PL-A,High,<function <lambda> at 0x7cd864291300>,Minor Delay
10785,Delhi,Chennai,885.4,6.7,Oversize,Road,2024-10-17 11:00:00,3,Moderate,Clear,None,3,3PL-B,Low,<function <lambda> at 0x7cd864291300>,Minor Delay
10786,Hyderabad,Mumbai,1047.1,2.64,Large,Rail,2024-10-19 07:00:00,6,Moderate,Clear,None,2,3PL-B,Medium,<function <lambda> at 0x7cd864291300>,Minor Delay
10787,Bangalore,Hyderabad,1110.0,8.28,Medium,Sea,2024-01-16 02:00:00,2,Moderate,Clear,None,0,3PL-C,High,<function <lambda> at 0x7cd864291300>,Minor Delay
10788,Chennai,Bangalore,373.2,4.63,Small,Rail,2024-12-27 23:00:00,2,Heavy,Rainy,None,3,3PL-B,Low,<function <lambda> at 0x7cd864291300>,On-Time
10789,Chennai,Hyderabad,851.6,1.25,Medium,Road,2024-09-07 09:00:00,7,Jam,Foggy,None,1,3PL-A,Medium,<function <lambda> at 0x7cd864291300>,On-Time
10790,Bangalore,Delhi,429.5,6.29,Oversize,Rail,2024-11-07 13:00:00,1,Heavy,Clear,System Outage,2,3PL-B,High,<function <lambda> at 0x7cd864291300>,On-Time
10791,Delhi,Bangalore,795.9,1.87,Medium,Road,2024-08-29 06:00:00,7,Moderate,Rainy,None,2,3PL-A,High,<function <lambda> at 0x7cd864291300>,Cancelled
10792,Bangalore,Chennai,215.3,5.69,Medium,Air,2024-02-24 03:00:00,6,Clear,Clear,None,2,Internal,Medium,<function <lambda> at 0x7cd864291300>,Minor Delay
10793,Chennai,Bangalore,944.6,3.21,Large,Road,2024-07-18 15:00:00,9,Jam,Stormy,None,3,3PL-A,High,<function <lambda> at 0x7cd864291300>,On-Time
10794,Hyderabad,Kolkata,717.7,2.55,Medium,Road,2024-11-23 18:00:00,8,Clear,Clear,Vehicle Breakdown,4,3PL-A,Medium,<function <lambda> at 0x7cd864291300>,On-Time
10795,Mumbai,Delhi,561.0,10.21,Oversize,Road,2024-01-17 05:00:00,1,Clear,Rainy,None,3,Internal,Medium,<function <lambda> at 0x7cd864291300>,Minor Delay
10796,Hyderabad,Kolkata,835.1,8.36,Oversize,Road,2024-10-03 01:00:00,3,Heavy,Clear,None,1,3PL-C,Medium,<function <lambda> at 0x7cd864291300>,Major Delay
10797,Chennai,Chennai,263.0,5.3,Large,Air,2024-12-23 19:00:00,9,Moderate,Clear,None,1,3PL-A,Low,<function <lambda> at 0x7cd864291300>,On-Time
10798,Mumbai,Kolkata,936.3,6.85,Oversize,Air,2024-04-21 03:00:00,1,Clear,Foggy,Strike,4,3PL-C,Medium,<function <lambda> at 0x7cd864291300>,On-Time
10799,Chennai,Chennai,464.2,0.5,Medium,Rail,2024-05-21 07:00:00,9,Clear,Clear,None,2,3PL-A,Medium,<function <lambda> at 0x7cd864291300>,On-Time
10800,Chennai,Chennai,1130.8,4.55,Oversize,Air,2024-03-11 20:00:00,3,Heavy,Clear,None,3,3PL-B,Medium,<function <lambda> at 0x7cd864291300>,Minor Delay
10801,Kolkata,Kolkata,477.3,1.46,Medium,Road,2024-09-02 15:00:00,4,Moderate,Clear,None,0,Internal,Low,<function <lambda> at 0x7cd864291300>,Minor Delay
10802,Bangalore,Kolkata,699.5,5.21,Small,Road,2024-10-24 19:00:00,3,Jam,Clear,None,2,Internal,Low,<function <lambda> at 0x7cd864291300>,Major Delay
10803,Delhi,Kolkata,1383.1,6.72,Medium,Rail,2024-06-14 02:00:00,2,Jam,Clear,None,1,3PL-A,Medium,<function <lambda> at 0x7cd864291300>,Major Delay
10804,Mumbai,Hyderabad,319.9,2.68,Small,Air,2024-04-21 13:00:00,3,Clear,Clear,None,4,3PL-B,High,<function <lambda> at 0x7cd864291300>,On-Time
10805,Bangalore,Chennai,776.8,2.7,Medium,Rail,2024-04-15 13:00:00,1,Clear,Clear,None,2,Internal,Medium,<function <lambda> at 0x7cd864291300>,On-Time
10806,Hyderabad,Kolkata,769.7,6.29,Small,Road,2024-02-24 12:00:00,1,Clear,Clear,None,0,Internal,Medium,<function <lambda> at 0x7cd864291300>,Major Delay
10807,Mumbai,Delhi,1456.6,7.15,Medium,Rail,2024-12-24 08:00:00,7,Moderate,Clear,None,2,3PL-A,Medium,<function <lambda> at 0x7cd864291300>,Cancelled
10808,Delhi,Mumbai,840.8,7.46,Small,Rail,2024-03-02 17:00:00,5,Clear,Clear,None,0,3PL-A,Low,<function <lambda> at 0x7cd864291300>,On-Time
10809,Delhi,Delhi,898.7,3.04,Medium,Rail,2024-10-08 06:00:00,6,Heavy,Rainy,System Outage,2,3PL-B,High,<function <lambda> at 0x7cd864291300>,On-Time
10810,Mumbai,Chennai,882.2,1.81,Medium,Road,2024-11-11 05:00:00,8,Moderate,Clear,None,0,3PL-C,Medium,<function <lambda> at 0x7cd864291300>,Major Delay
10811,Delhi,Kolkata,1015.8,2.82,Medium,Road,2024-02-19 17:00:00,7,Moderate,Clear,None,2,3PL-B,Medium,<function <lambda> at 0x7cd864291300>,Cancelled
10812,Hyderabad,Chennai,727.5,0.5,Large,Road,2024-12-05 21:00:00,6,Moderate,Clear,None,3,3PL-B,Medium,<function <lambda> at 0x7cd864291300>,On-Time
10813,Chennai,Mumbai,887.8,5.88,Oversize,Rail,2024-04-21 19:00:00,7,Moderate,Foggy,None,0,3PL-A,High,<function <lambda> at 0x7cd864291300>,On-Time
10814,Chennai,Hyderabad,1185.2,2.69,Oversize,Road,2024-10-12 02:00:00,3,Clear,Clear,None,1,3PL-C,High,<function <lambda> at 0x7cd864291300>,Major Delay
10815,Kolkata,Mumbai,682.8,5.41,Small,Road,2024-01-07 15:00:00,2,Clear,Rainy,Strike,0,Internal,Low,<function <lambda> at 0x7cd864291300>,On-Time
10816,Mumbai,Hyderabad,795.6,0.5,Small,Rail,2024-11-01 03:00:00,2,Moderate,Clear,None,1,3PL-B,High,<function <lambda> at 0x7cd864291300>,On-Time
10817,Bangalore,Mumbai,511.4,2.3,Medium,Air,2024-09-12 20:00:00,5,Heavy,Foggy,None,1,3PL-B,High,<function <lambda> at 0x7cd864291300>,On-Time
10818,Hyderabad,Mumbai,1131.5,5.89,Large,Road,2024-11-19 21:00:00,2,Moderate,Clear,None,4,3PL-A,Medium,<function <lambda> at 0x7cd864291300>,On-Time
10819,Kolkata,Chennai,278.2,7.27,Medium,Rail,2024-07-11 08:00:00,3,Heavy,Clear,Strike,2,3PL-B,High,<function <lambda> at 0x7cd864291300>,On-Time
10820,Kolkata,Delhi,941.9,8.75,Oversize,Rail,2024-02-15 15:00:00,6,Heavy,Foggy,None,0,Internal,Low,<function <lambda> at 0x7cd864291300>,On-Time
10821,Kolkata,Chennai,622.2,7.94,Small,Air,2024-07-01 23:00:00,6,Clear,Stormy,Vehicle Breakdown,2,3PL-B,Low,<function <lambda> at 0x7cd864291300>,Major Delay
10822,Hyderabad,Delhi,1254.5,3.81,Large,Sea,2024-09-06 07:00:00,7,Heavy,Clear,Strike,3,3PL-C,High,<function <lambda> at 0x7cd864291300>,On-Time
10823,Chennai,Chennai,419.9,9.08,Medium,Sea,2024-05-19 22:00:00,1,Heavy,Clear,None,1,3PL-A,Low,<function <lambda> at 0x7cd864291300>,On-Time
10824,Chennai,Kolkata,820.7,3.57,Small,Rail,2024-03-03 03:00:00,7,Jam,Clear,None,0,3PL-C,Medium,<function <lambda> at 0x7cd864291300>,On-Time
10825,Delhi,Chennai,442.3,5.08,Medium,Road,2024-06-09 23:00:00,3,Moderate,Clear,None,2,3PL-A,Medium,<function <lambda> at 0x7cd864291300>,On-Time
10826,Mumbai,Bangalore,837.3,9.12,Small,Rail,2024-04-20 19:00:00,6,Clear,Foggy,None,1,3PL-B,High,<function <lambda> at 0x7cd864291300>,On-Time
10827,Mumbai,Kolkata,336.6,9.57,Oversize,Road,2024-01-22 13:00:00,8,Clear,Clear,None,0,3PL-B,Low,<function <lambda> at 0x7cd864291300>,Minor Delay
10828,Mumbai,Delhi,929.3,4.39,Oversize,Air,2024-07-10 00:00:00,4,Clear,Clear,Strike,2,3PL-A,Medium,<function <lambda> at 0x7cd864291300>,Minor Delay
10829,Delhi,Delhi,1030.3,10.65,Medium,Road,2024-05-31 04:00:00,3,Moderate,Rainy,None,2,3PL-A,Medium,<function <lambda> at 0x7cd864291300>,On-Time
10830,Kolkata,Chennai,655.5,7.94,Small,Road,2024-07-11 01:00:00,3,Clear,Rainy,None,2,3PL-C,High,<function <lambda> at 0x7cd864291300>,On-Time
10831,Bangalore,Delhi,828.8,4.97,Oversize,Air,2024-09-22 14:00:00,9,Clear,Clear,None,0,3PL-A,High,<function <lambda> at 0x7cd864291300>,On-Time
10832,Kolkata,Mumbai,902.7,0.99,Small,Rail,2024-08-15 17:00:00,6,Moderate,Foggy,System Outage,0,3PL-C,Medium,<function <lambda> at 0x7cd864291300>,Major Delay
10833,Bangalore,Mumbai,578.8,5.74,Large,Road,2024-03-07 08:00:00,4,Clear,Clear,None,3,3PL-A,Medium,<function <lambda> at 0x7cd864291300>,On-Time
10834,Kolkata,Bangalore,739.8,3.02,Medium,Road,2024-05-18 17:00:00,2,Moderate,Stormy,None,3,3PL-C,High,<function <lambda> at 0x7cd864291300>,Minor Delay
10835,Bangalore,Hyderabad,561.5,1.16,Medium,Road,2024-07-06 11:00:00,5,Clear,Clear,None,4,3PL-C,Low,<function <lambda> at 0x7cd864291300>,Cancelled
10836,Chennai,Mumbai,1149.4,5.75,Medium,Air,2024-09-17 19:00:00,4,Heavy,Foggy,None,2,3PL-C,Medium,<function <lambda> at 0x7cd864291300>,On-Time
10837,Kolkata,Mumbai,707.0,0.5,Small,Air,2024-12-23 10:00:00,4,Clear,Clear,None,4,3PL-A,High,<function <lambda> at 0x7cd864291300>,Minor Delay
10838,Chennai,Hyderabad,857.2,5.35,Oversize,Road,2024-12-30 05:00:00,3,Moderate,Clear,Strike,2,3PL-C,High,<function <lambda> at 0x7cd864291300>,Cancelled
10839,Delhi,Chennai,1075.1,8.42,Medium,Air,2024-10-24 10:00:00,2,Moderate,Clear,None,1,3PL-A,Low,<function <lambda> at 0x7cd864291300>,Major Delay
10840,Kolkata,Delhi,813.7,0.5,Oversize,Road,2024-09-23 19:00:00,7,Clear,Clear,None,0,Internal,High,<function <lambda> at 0x7cd864291300>,On-Time
10841,Mumbai,Bangalore,708.2,6.74,Small,Road,2024-02-04 16:00:00,1,Clear,Foggy,None,3,3PL-B,Medium,<function <lambda> at 0x7cd864291300>,Minor Delay
10842,Kolkata,Mumbai,817.3,7.18,Oversize,Air,2024-03-03 14:00:00,9,Clear,Clear,None,3,Internal,High,<function <lambda> at 0x7cd864291300>,On-Time
10843,Delhi,Bangalore,1225.9,5.49,Oversize,Air,2024-11-18 02:00:00,1,Moderate,Clear,None,1,3PL-A,Medium,<function <lambda> at 0x7cd864291300>,Cancelled
10844,Bangalore,Mumbai,870.9,3.08,Oversize,Rail,2024-01-04 13:00:00,4,Moderate,Foggy,None,3,Internal,Low,<function <lambda> at 0x7cd864291300>,Minor Delay
10845,Delhi,Chennai,886.9,6.78,Medium,Road,2024-03-21 03:00:00,1,Clear,Clear,None,0,3PL-B,High,<function <lambda> at 0x7cd864291300>,On-Time
10846,Chennai,Kolkata,942.2,1.61,Oversize,Road,2024-12-24 20:00:00,5,Jam,Clear,None,4,3PL-B,High,<function <lambda> at 0x7cd864291300>,Minor Delay
10847,Kolkata,Chennai,1138.2,3.34,Large,Road,2024-04-08 20:00:00,9,Clear,Clear,None,2,3PL-A,Low,<function <lambda> at 0x7cd864291300>,On-Time
10848,Kolkata,Chennai,737.8,0.5,Large,Road,2024-12-29 03:00:00,5,Clear,Clear,None,4,Internal,High,<function <lambda> at 0x7cd864291300>,On-Time
10849,Kolkata,Mumbai,797.9,8.69,Medium,Air,2024-03-28 18:00:00,4,Heavy,Clear,None,2,Internal,Medium,<function <lambda> at 0x7cd864291300>,On-Time
10850,Chennai,Bangalore,512.5,7.22,Large,Road,2024-09-10 15:00:00,7,Clear,Clear,None,2,3PL-B,Medium,<function <lambda> at 0x7cd864291300>,Minor Delay
10851,Delhi,Bangalore,554.0,3.69,Oversize,Rail,2024-05-25 00:00:00,4,Heavy,Clear,None,3,3PL-C,High,<function <lambda> at 0x7cd864291300>,On-Time
10852,Mumbai,Kolkata,359.5,1.02,Medium,Road,2024-08-31 21:00:00,6,Clear,Clear,None,2,Internal,High,<function <lambda> at 0x7cd864291300>,Major Delay
10853,Kolkata,Hyderabad,286.9,5.26,Medium,Air,2024-06-29 21:00:00,7,Heavy,Rainy,None,1,3PL-C,High,<function <lambda> at 0x7cd864291300>,On-Time
10854,Mumbai,Mumbai,938.9,12.64,Small,Road,2024-11-20 23:00:00,4,Clear,Foggy,None,3,3PL-C,Medium,<function <lambda> at 0x7cd864291300>,Major Delay
10855,Chennai,Hyderabad,836.9,6.02,Large,Air,2024-04-26 18:00:00,6,Clear,Clear,System Outage,4,Internal,Medium,<function <lambda> at 0x7cd864291300>,On-Time
10856,Mumbai,Mumbai,657.7,4.68,Medium,Road,2024-03-27 04:00:00,9,Moderate,Clear,None,0,Internal,High,<function <lambda> at 0x7cd864291300>,On-Time
10857,Hyderabad,Mumbai,1182.6,6.89,Medium,Road,2024-11-08 05:00:00,1,Heavy,Clear,None,4,3PL-B,Medium,<function <lambda> at 0x7cd864291300>,On-Time
10858,Hyderabad,Kolkata,596.8,10.82,Large,Road,2024-04-28 09:00:00,9,Moderate,Clear,Strike,3,Internal,High,<function <lambda> at 0x7cd864291300>,On-Time
10859,Delhi,Delhi,1365.5,8.74,Oversize,Air,2024-02-08 15:00:00,4,Jam,Clear,None,4,Internal,Medium,<function <lambda> at 0x7cd864291300>,On-Time
10860,Hyderabad,Delhi,436.0,2.09,Small,Air,2024-09-26 15:00:00,7,Heavy,Clear,None,2,3PL-B,Medium,<function <lambda> at 0x7cd864291300>,Major Delay
10861,Hyderabad,Bangalore,912.1,3.48,Small,Road,2024-03-28 12:00:00,4,Clear,Clear,None,1,Internal,High,<function <lambda> at 0x7cd864291300>,Major Delay
10862,Hyderabad,Hyderabad,679.9,4.79,Small,Rail,2024-01-10 03:00:00,3,Heavy,Clear,None,2,3PL-C,High,<function <lambda> at 0x7cd864291300>,On-Time
10863,Delhi,Chennai,732.1,5.16,Large,Air,2024-02-28 09:00:00,9,Moderate,Clear,None,2,3PL-A,Medium,<function <lambda> at 0x7cd864291300>,On-Time
10864,Delhi,Mumbai,961.4,3.68,Oversize,Air,2024-04-21 10:00:00,2,Clear,Clear,Vehicle Breakdown,0,3PL-A,Low,<function <lambda> at 0x7cd864291300>,Major Delay
10865,Kolkata,Bangalore,474.9,9.42,Small,Road,2024-08-14 07:00:00,9,Moderate,Clear,None,2,3PL-A,Low,<function <lambda> at 0x7cd864291300>,On-Time
10866,Kolkata,Kolkata,1159.5,6.17,Medium,Rail,2024-04-15 06:00:00,7,Clear,Clear,None,1,Internal,Medium,<function <lambda> at 0x7cd864291300>,On-Time
10867,Bangalore,Chennai,628.2,8.95,Oversize,Road,2024-12-20 18:00:00,2,Clear,Foggy,None,4,3PL-A,Medium,<function <lambda> at 0x7cd864291300>,Minor Delay
10868,Kolkata,Hyderabad,1117.5,3.62,Oversize,Road,2024-05-30 01:00:00,4,Heavy,Clear,None,2,3PL-C,Low,<function <lambda> at 0x7cd864291300>,On-Time
10869,Chennai,Hyderabad,1165.2,10.51,Large,Road,2024-04-03 13:00:00,7,Moderate,Clear,None,3,3PL-B,Medium,<function <lambda> at 0x7cd864291300>,On-Time
10870,Delhi,Chennai,1081.9,7.69,Small,Rail,2024-07-16 16:00:00,2,Moderate,Clear,None,1,3PL-A,Low,<function <lambda> at 0x7cd864291300>,On-Time
10871,Mumbai,Bangalore,1112.8,10.19,Large,Rail,2024-11-03 05:00:00,8,Moderate,Rainy,None,4,3PL-C,Medium,<function <lambda> at 0x7cd864291300>,On-Time
10872,Delhi,Mumbai,337.5,6.09,Medium,Rail,2024-10-04 20:00:00,1,Moderate,Clear,Strike,0,3PL-B,High,<function <lambda> at 0x7cd864291300>,On-Time
10873,Mumbai,Chennai,639.3,3.55,Medium,Road,2024-12-26 10:00:00,3,Heavy,Clear,None,3,Internal,High,<function <lambda> at 0x7cd864291300>,On-Time
10874,Bangalore,Chennai,814.8,2.15,Oversize,Sea,2024-07-31 01:00:00,2,Moderate,Clear,None,4,3PL-C,Medium,<function <lambda> at 0x7cd864291300>,On-Time
10875,Kolkata,Delhi,679.3,5.83,Oversize,Air,2024-12-27 04:00:00,7,Clear,Clear,None,0,3PL-A,Low,<function <lambda> at 0x7cd864291300>,Minor Delay
10876,Mumbai,Kolkata,921.2,0.67,Small,Air,2024-12-25 15:00:00,8,Moderate,Clear,None,3,3PL-C,Medium,<function <lambda> at 0x7cd864291300>,Major Delay
10877,Hyderabad,Mumbai,1242.3,10.21,Small,Road,2024-01-17 20:00:00,9,Clear,Clear,Vehicle Breakdown,4,Internal,High,<function <lambda> at 0x7cd864291300>,On-Time
10878,Chennai,Kolkata,884.7,0.5,Medium,Sea,2024-05-18 20:00:00,8,Clear,Clear,None,3,Internal,High,<function <lambda> at 0x7cd864291300>,On-Time
10879,Chennai,Kolkata,498.4,6.27,Medium,Rail,2024-07-11 23:00:00,9,Clear,Clear,None,1,3PL-A,High,<function <lambda> at 0x7cd864291300>,On-Time
10880,Kolkata,Mumbai,1149.1,2.1,Large,Road,2024-12-06 11:00:00,6,Moderate,Clear,None,0,3PL-A,Low,<function <lambda> at 0x7cd864291300>,Major Delay
10881,Hyderabad,Kolkata,1017.3,2.09,Small,Rail,2024-01-16 02:00:00,3,Moderate,Foggy,None,2,3PL-C,Low,<function <lambda> at 0x7cd864291300>,On-Time
10882,Mumbai,Hyderabad,1133.5,0.5,Large,Sea,2024-06-18 18:00:00,9,Moderate,Clear,None,4,3PL-B,Medium,<function <lambda> at 0x7cd864291300>,Minor Delay
10883,Chennai,Chennai,693.0,4.16,Large,Road,2024-05-16 12:00:00,4,Moderate,Clear,None,3,3PL-C,High,<function <lambda> at 0x7cd864291300>,On-Time
10884,Bangalore,Bangalore,1036.1,6.95,Medium,Road,2024-10-14 08:00:00,8,Heavy,Clear,None,1,3PL-C,High,<function <lambda> at 0x7cd864291300>,On-Time
10885,Mumbai,Kolkata,899.0,1.64,Large,Road,2024-04-24 07:00:00,8,Moderate,Rainy,None,2,Internal,High,<function <lambda> at 0x7cd864291300>,Minor Delay
10886,Kolkata,Mumbai,1106.9,0.5,Large,Rail,2024-02-22 13:00:00,5,Clear,Clear,None,1,3PL-C,Medium,<function <lambda> at 0x7cd864291300>,On-Time
10887,Mumbai,Bangalore,1662.9,2.86,Oversize,Road,2024-02-13 20:00:00,7,Jam,Clear,None,0,3PL-B,Medium,<function <lambda> at 0x7cd864291300>,On-Time
10888,Kolkata,Delhi,1133.6,7.54,Medium,Road,2024-10-29 13:00:00,3,Heavy,Stormy,None,3,3PL-B,High,<function <lambda> at 0x7cd864291300>,On-Time
10889,Bangalore,Hyderabad,642.8,5.53,Small,Air,2024-10-06 00:00:00,3,Moderate,Clear,None,1,Internal,Low,<function <lambda> at 0x7cd864291300>,On-Time
10890,Hyderabad,Mumbai,690.7,8.75,Medium,Road,2024-04-30 13:00:00,5,Clear,Clear,None,0,3PL-B,High,<function <lambda> at 0x7cd864291300>,Minor Delay
10891,Hyderabad,Kolkata,337.5,1.74,Small,Rail,2024-12-15 03:00:00,3,Heavy,Clear,None,2,3PL-C,High,<function <lambda> at 0x7cd864291300>,On-Time
10892,Mumbai,Bangalore,495.9,2.25,Medium,Sea,2024-10-28 04:00:00,9,Clear,Rainy,None,0,3PL-C,Medium,<function <lambda> at 0x7cd864291300>,On-Time
10893,Kolkata,Kolkata,1247.7,6.67,Medium,Road,2024-08-14 02:00:00,8,Jam,Clear,None,1,3PL-C,High,<function <lambda> at 0x7cd864291300>,On-Time
10894,Mumbai,Bangalore,749.2,10.19,Large,Road,2024-05-04 22:00:00,9,Clear,Clear,None,4,3PL-B,Medium,<function <lambda> at 0x7cd864291300>,On-Time
10895,Hyderabad,Chennai,222.7,1.58,Small,Road,2024-07-12 04:00:00,9,Jam,Clear,None,1,3PL-A,Low,<function <lambda> at 0x7cd864291300>,On-Time
10896,Mumbai,Mumbai,886.8,4.92,Small,Road,2024-10-30 05:00:00,2,Heavy,Clear,None,3,3PL-B,Low,<function <lambda> at 0x7cd864291300>,On-Time
10897,Bangalore,Delhi,593.5,6.45,Small,Rail,2024-09-26 18:00:00,5,Clear,Clear,None,2,3PL-C,Low,<function <lambda> at 0x7cd864291300>,On-Time
10898,Hyderabad,Chennai,834.9,11.09,Small,Rail,2024-03-22 10:00:00,8,Moderate,Clear,None,4,3PL-B,Medium,<function <lambda> at 0x7cd864291300>,On-Time
10899,Hyderabad,Chennai,676.4,8.02,Large,Air,2024-06-15 13:00:00,2,Moderate,Clear,None,4,3PL-C,Medium,<function <lambda> at 0x7cd864291300>,Major Delay
10900,Mumbai,Kolkata,998.2,4.85,Oversize,Road,2024-07-18 15:00:00,8,Moderate,Clear,None,1,3PL-A,Medium,<function <lambda> at 0x7cd864291300>,On-Time
10901,Chennai,Chennai,1017.5,1.17,Medium,Air,2024-11-27 06:00:00,3,Clear,Foggy,None,1,3PL-A,Medium,<function <lambda> at 0x7cd864291300>,Minor Delay
10902,Mumbai,Chennai,1068.3,7.54,Oversize,Rail,2024-10-02 07:00:00,9,Moderate,Clear,None,0,3PL-B,Medium,<function <lambda> at 0x7cd864291300>,On-Time
10903,Mumbai,Mumbai,503.2,5.36,Small,Road,2024-09-13 16:00:00,5,Heavy,Foggy,None,3,3PL-C,Low,<function <lambda> at 0x7cd864291300>,On-Time
10904,Kolkata,Hyderabad,641.2,6.32,Small,Road,2024-10-12 19:00:00,1,Heavy,Clear,None,0,3PL-C,Medium,<function <lambda> at 0x7cd864291300>,On-Time
10905,Delhi,Hyderabad,799.9,3.91,Small,Rail,2024-05-25 17:00:00,4,Moderate,Clear,None,4,3PL-B,Low,<function <lambda> at 0x7cd864291300>,On-Time
10906,Bangalore,Bangalore,411.8,5.83,Large,Sea,2024-01-12 22:00:00,7,Moderate,Clear,None,1,3PL-B,High,<function <lambda> at 0x7cd864291300>,On-Time
10907,Hyderabad,Hyderabad,758.2,9.75,Oversize,Road,2024-06-29 09:00:00,6,Moderate,Foggy,None,2,3PL-C,Medium,<function <lambda> at 0x7cd864291300>,On-Time
10908,Bangalore,Bangalore,936.1,8.44,Oversize,Rail,2024-12-01 00:00:00,3,Moderate,Clear,None,0,3PL-C,High,<function <lambda> at 0x7cd864291300>,On-Time
10909,Bangalore,Hyderabad,1332.7,5.01,Oversize,Road,2024-11-13 01:00:00,7,Moderate,Clear,None,0,3PL-A,High,<function <lambda> at 0x7cd864291300>,On-Time
10910,Mumbai,Chennai,482.9,4.43,Small,Road,2024-11-20 02:00:00,1,Heavy,Rainy,None,4,Internal,High,<function <lambda> at 0x7cd864291300>,On-Time
10911,Mumbai,Delhi,664.4,10.06,Small,Air,2024-08-14 22:00:00,8,Moderate,Clear,None,4,Internal,High,<function <lambda> at 0x7cd864291300>,On-Time
10912,Hyderabad,Kolkata,1305.7,2.22,Medium,Road,2024-05-24 20:00:00,9,Moderate,Stormy,None,4,3PL-C,Medium,<function <lambda> at 0x7cd864291300>,On-Time
10913,Hyderabad,Hyderabad,261.0,11.08,Medium,Road,2024-09-08 13:00:00,2,Jam,Stormy,None,4,3PL-B,High,<function <lambda> at 0x7cd864291300>,On-Time
10914,Kolkata,Delhi,1097.3,2.97,Medium,Road,2024-12-03 06:00:00,5,Clear,Clear,System Outage,2,3PL-A,High,<function <lambda> at 0x7cd864291300>,Major Delay
10915,Hyderabad,Bangalore,829.2,0.5,Large,Rail,2024-01-20 08:00:00,9,Heavy,Clear,None,0,3PL-B,Medium,<function <lambda> at 0x7cd864291300>,Major Delay
10916,Delhi,Bangalore,615.0,1.76,Medium,Road,2024-08-24 11:00:00,8,Heavy,Clear,None,2,3PL-C,Low,<function <lambda> at 0x7cd864291300>,On-Time
10917,Hyderabad,Kolkata,665.4,3.86,Small,Road,2024-07-07 17:00:00,5,Heavy,Clear,None,3,3PL-B,High,<function <lambda> at 0x7cd864291300>,On-Time
10918,Mumbai,Mumbai,694.1,1.94,Small,Road,2024-12-26 03:00:00,4,Clear,Foggy,None,4,Internal,High,<function <lambda> at 0x7cd864291300>,On-Time
10919,Bangalore,Bangalore,827.7,1.89,Small,Sea,2024-03-30 09:00:00,7,Heavy,Clear,None,1,3PL-C,Low,<function <lambda> at 0x7cd864291300>,On-Time
10920,Delhi,Delhi,1033.6,0.5,Oversize,Air,2024-06-20 14:00:00,6,Moderate,Clear,None,0,3PL-A,Low,<function <lambda> at 0x7cd864291300>,On-Time
10921,Chennai,Hyderabad,703.6,9.04,Medium,Road,2024-09-04 17:00:00,4,Moderate,Rainy,None,4,3PL-A,High,<function <lambda> at 0x7cd864291300>,On-Time
10922,Mumbai,Bangalore,826.7,6.35,Large,Road,2024-01-15 03:00:00,8,Clear,Clear,System Outage,1,3PL-A,Low,<function <lambda> at 0x7cd864291300>,On-Time
10923,Delhi,Mumbai,1147.0,0.5,Oversize,Air,2024-07-16 03:00:00,6,Clear,Clear,System Outage,1,Internal,Low,<function <lambda> at 0x7cd864291300>,On-Time
10924,Chennai,Bangalore,1273.1,8.98,Medium,Road,2024-03-29 06:00:00,9,Heavy,Clear,None,1,3PL-B,Medium,<function <lambda> at 0x7cd864291300>,On-Time
10925,Hyderabad,Delhi,1030.9,1.43,Small,Road,2024-10-15 10:00:00,2,Clear,Stormy,None,3,3PL-B,High,<function <lambda> at 0x7cd864291300>,On-Time
10926,Delhi,Kolkata,488.9,2.18,Medium,Rail,2024-07-18 15:00:00,6,Moderate,Rainy,None,1,3PL-A,Low,<function <lambda> at 0x7cd864291300>,On-Time
10927,Mumbai,Delhi,120.7,9.42,Large,Air,2024-03-31 08:00:00,2,Clear,Rainy,None,3,Internal,High,<function <lambda> at 0x7cd864291300>,Major Delay
10928,Chennai,Kolkata,815.8,6.66,Small,Air,2024-11-23 03:00:00,9,Heavy,Clear,None,0,3PL-B,High,<function <lambda> at 0x7cd864291300>,On-Time
10929,Kolkata,Hyderabad,1493.5,3.01,Small,Road,2024-09-10 05:00:00,2,Moderate,Clear,None,2,Internal,High,<function <lambda> at 0x7cd864291300>,On-Time
10930,Mumbai,Kolkata,370.4,4.45,Small,Road,2024-10-27 12:00:00,1,Clear,Clear,None,4,3PL-A,Medium,<function <lambda> at 0x7cd864291300>,Minor Delay
10931,Kolkata,Hyderabad,1076.4,3.43,Medium,Rail,2024-08-06 09:00:00,7,Moderate,Clear,None,1,3PL-B,Medium,<function <lambda> at 0x7cd864291300>,On-Time
10932,Hyderabad,Mumbai,598.6,0.5,Small,Road,2024-04-25 17:00:00,6,Clear,Foggy,None,2,Internal,High,<function <lambda> at 0x7cd864291300>,Cancelled
10933,Mumbai,Chennai,1065.1,7.97,Oversize,Road,2024-11-29 06:00:00,3,Jam,Clear,None,1,3PL-C,Low,<function <lambda> at 0x7cd864291300>,On-Time
10934,Delhi,Bangalore,771.2,1.13,Oversize,Road,2024-02-25 00:00:00,9,Clear,Clear,None,3,Internal,Medium,<function <lambda> at 0x7cd864291300>,On-Time
10935,Chennai,Chennai,923.7,0.5,Medium,Rail,2024-08-30 08:00:00,1,Moderate,Clear,None,3,3PL-A,High,<function <lambda> at 0x7cd864291300>,On-Time
10936,Bangalore,Chennai,908.7,0.5,Large,Rail,2024-06-24 01:00:00,8,Clear,Clear,None,3,Internal,Medium,<function <lambda> at 0x7cd864291300>,On-Time
10937,Kolkata,Kolkata,892.5,2.09,Large,Air,2024-10-23 22:00:00,8,Clear,Rainy,Vehicle Breakdown,3,Internal,Medium,<function <lambda> at 0x7cd864291300>,Major Delay
10938,Kolkata,Kolkata,731.8,6.48,Small,Rail,2024-04-06 15:00:00,2,Heavy,Clear,None,0,3PL-B,Low,<function <lambda> at 0x7cd864291300>,On-Time
10939,Delhi,Delhi,938.6,5.29,Medium,Rail,2024-12-23 04:00:00,9,Moderate,Rainy,None,1,3PL-C,High,<function <lambda> at 0x7cd864291300>,On-Time
10940,Chennai,Kolkata,487.5,6.21,Oversize,Road,2024-07-11 15:00:00,5,Moderate,Clear,None,4,Internal,High,<function <lambda> at 0x7cd864291300>,On-Time
10941,Delhi,Hyderabad,563.4,7.7,Large,Rail,2024-07-27 01:00:00,6,Clear,Rainy,None,1,3PL-C,High,<function <lambda> at 0x7cd864291300>,On-Time
10942,Kolkata,Bangalore,758.1,6.51,Oversize,Road,2024-09-18 08:00:00,2,Heavy,Clear,Vehicle Breakdown,4,3PL-A,Medium,<function <lambda> at 0x7cd864291300>,On-Time
10943,Mumbai,Bangalore,259.5,0.5,Large,Road,2024-01-06 15:00:00,9,Clear,Clear,None,2,3PL-A,Medium,<function <lambda> at 0x7cd864291300>,On-Time
10944,Hyderabad,Bangalore,1281.5,6.4,Oversize,Rail,2024-03-02 06:00:00,7,Clear,Stormy,None,4,Internal,High,<function <lambda> at 0x7cd864291300>,Cancelled
10945,Mumbai,Hyderabad,939.2,8.45,Large,Air,2024-01-20 10:00:00,2,Clear,Clear,None,1,3PL-C,High,<function <lambda> at 0x7cd864291300>,On-Time
10946,Mumbai,Hyderabad,1044.2,0.5,Medium,Road,2024-11-01 12:00:00,2,Heavy,Clear,None,3,3PL-A,Medium,<function <lambda> at 0x7cd864291300>,On-Time
10947,Kolkata,Mumbai,1343.5,0.88,Medium,Air,2024-01-19 09:00:00,5,Moderate,Foggy,None,2,3PL-A,Low,<function <lambda> at 0x7cd864291300>,Minor Delay
10948,Bangalore,Mumbai,1392.8,4.36,Small,Sea,2024-09-04 17:00:00,7,Heavy,Clear,None,2,3PL-C,High,<function <lambda> at 0x7cd864291300>,Cancelled
10949,Mumbai,Delhi,928.1,2.84,Oversize,Rail,2024-07-22 09:00:00,2,Clear,Rainy,None,2,Internal,Medium,<function <lambda> at 0x7cd864291300>,On-Time
10950,Kolkata,Bangalore,306.1,8.4,Medium,Rail,2024-06-19 05:00:00,1,Clear,Rainy,None,3,Internal,High,<function <lambda> at 0x7cd864291300>,On-Time
10951,Hyderabad,Kolkata,390.3,14.82,Small,Road,2024-07-27 08:00:00,4,Moderate,Stormy,None,4,Internal,Low,<function <lambda> at 0x7cd864291300>,On-Time
10952,Delhi,Hyderabad,662.6,0.62,Oversize,Rail,2024-11-13 23:00:00,5,Clear,Clear,None,2,3PL-B,High,<function <lambda> at 0x7cd864291300>,On-Time
10953,Mumbai,Chennai,478.6,9.91,Small,Air,2024-04-13 16:00:00,7,Clear,Rainy,None,0,3PL-A,Low,<function <lambda> at 0x7cd864291300>,On-Time
10954,Bangalore,Kolkata,971.6,4.95,Medium,Road,2024-11-09 04:00:00,7,Heavy,Foggy,None,3,Internal,Medium,<function <lambda> at 0x7cd864291300>,Minor Delay
10955,Chennai,Hyderabad,633.5,7.19,Oversize,Sea,2024-12-02 11:00:00,3,Moderate,Clear,None,2,3PL-B,Medium,<function <lambda> at 0x7cd864291300>,On-Time
10956,Delhi,Kolkata,696.5,1.66,Medium,Rail,2024-04-04 03:00:00,2,Clear,Clear,None,0,3PL-A,Low,<function <lambda> at 0x7cd864291300>,On-Time
10957,Hyderabad,Chennai,737.4,3.33,Large,Road,2024-07-04 13:00:00,2,Moderate,Clear,None,4,3PL-A,High,<function <lambda> at 0x7cd864291300>,Minor Delay
10958,Bangalore,Delhi,499.3,4.34,Medium,Rail,2024-07-17 19:00:00,5,Moderate,Clear,None,2,Internal,Low,<function <lambda> at 0x7cd864291300>,On-Time
10959,Chennai,Kolkata,537.9,3.21,Small,Rail,2024-03-27 19:00:00,7,Clear,Rainy,None,0,Internal,Medium,<function <lambda> at 0x7cd864291300>,On-Time
10960,Bangalore,Chennai,846.4,3.95,Oversize,Rail,2024-02-26 08:00:00,7,Heavy,Clear,None,2,3PL-C,Medium,<function <lambda> at 0x7cd864291300>,On-Time
10961,Mumbai,Bangalore,999.8,9.84,Oversize,Road,2024-12-27 10:00:00,9,Moderate,Rainy,None,1,3PL-C,Low,<function <lambda> at 0x7cd864291300>,Minor Delay
10962,Chennai,Bangalore,875.0,4.88,Medium,Rail,2024-08-06 19:00:00,6,Clear,Clear,None,2,3PL-B,High,<function <lambda> at 0x7cd864291300>,Minor Delay
10963,Chennai,Bangalore,730.3,0.51,Large,Air,2024-03-02 18:00:00,4,Clear,Clear,None,3,3PL-B,High,<function <lambda> at 0x7cd864291300>,On-Time
10964,Delhi,Delhi,287.0,6.72,Medium,Sea,2024-05-13 18:00:00,1,Heavy,Clear,None,2,3PL-C,Medium,<function <lambda> at 0x7cd864291300>,On-Time
10965,Bangalore,Chennai,1534.7,6.35,Oversize,Air,2024-11-21 09:00:00,4,Moderate,Rainy,None,4,3PL-A,Low,<function <lambda> at 0x7cd864291300>,On-Time
10966,Hyderabad,Chennai,867.6,6.58,Small,Road,2024-04-25 01:00:00,5,Clear,Rainy,None,3,3PL-C,High,<function <lambda> at 0x7cd864291300>,On-Time
10967,Bangalore,Kolkata,677.5,10.75,Small,Road,2024-04-22 19:00:00,7,Heavy,Clear,None,1,3PL-C,Medium,<function <lambda> at 0x7cd864291300>,On-Time
10968,Kolkata,Chennai,721.6,8.44,Small,Road,2024-08-11 06:00:00,6,Clear,Clear,None,1,3PL-C,Medium,<function <lambda> at 0x7cd864291300>,Cancelled
10969,Chennai,Bangalore,741.8,9.96,Small,Air,2024-01-15 14:00:00,4,Moderate,Rainy,None,3,3PL-B,Medium,<function <lambda> at 0x7cd864291300>,On-Time
10970,Chennai,Hyderabad,1237.0,8.16,Large,Road,2024-09-03 13:00:00,5,Heavy,Clear,None,4,3PL-A,Medium,<function <lambda> at 0x7cd864291300>,On-Time
10971,Chennai,Kolkata,787.9,0.5,Oversize,Road,2024-03-08 09:00:00,7,Moderate,Clear,None,3,Internal,Low,<function <lambda> at 0x7cd864291300>,On-Time
10972,Hyderabad,Kolkata,706.4,9.5,Small,Rail,2024-01-20 14:00:00,3,Clear,Clear,None,1,3PL-B,High,<function <lambda> at 0x7cd864291300>,On-Time
10973,Delhi,Chennai,356.0,1.66,Small,Road,2024-11-20 09:00:00,7,Clear,Clear,None,0,Internal,Medium,<function <lambda> at 0x7cd864291300>,On-Time
10974,Hyderabad,Kolkata,936.2,7.56,Small,Sea,2024-08-08 20:00:00,4,Moderate,Clear,None,0,3PL-C,High,<function <lambda> at 0x7cd864291300>,Minor Delay
10975,Kolkata,Delhi,603.1,8.13,Oversize,Sea,2024-07-22 09:00:00,9,Clear,Clear,Vehicle Breakdown,0,3PL-A,Low,<function <lambda> at 0x7cd864291300>,Cancelled
10976,Chennai,Chennai,1432.4,3.63,Medium,Rail,2024-07-18 22:00:00,3,Moderate,Rainy,None,1,3PL-C,Medium,<function <lambda> at 0x7cd864291300>,On-Time
10977,Mumbai,Delhi,995.1,2.86,Small,Road,2024-05-01 15:00:00,2,Clear,Rainy,None,3,3PL-A,Low,<function <lambda> at 0x7cd864291300>,Major Delay
10978,Hyderabad,Hyderabad,647.0,8.51,Large,Road,2024-06-28 10:00:00,5,Heavy,Clear,None,4,Internal,High,<function <lambda> at 0x7cd864291300>,Major Delay
10979,Chennai,Chennai,722.7,1.98,Oversize,Rail,2024-08-08 08:00:00,5,Heavy,Clear,None,4,Internal,Medium,<function <lambda> at 0x7cd864291300>,On-Time
10980,Mumbai,Mumbai,491.2,0.7,Oversize,Rail,2024-11-23 17:00:00,9,Clear,Clear,None,4,3PL-C,Medium,<function <lambda> at 0x7cd864291300>,On-Time
10981,Mumbai,Hyderabad,1199.5,3.99,Oversize,Road,2024-09-15 18:00:00,8,Clear,Clear,None,3,3PL-A,Medium,<function <lambda> at 0x7cd864291300>,On-Time
10982,Chennai,Delhi,1092.5,10.8,Large,Road,2024-01-30 08:00:00,3,Moderate,Clear,Vehicle Breakdown,0,3PL-B,Medium,<function <lambda> at 0x7cd864291300>,On-Time
10983,Chennai,Kolkata,937.2,4.42,Small,Sea,2024-09-20 23:00:00,5,Clear,Foggy,None,2,3PL-B,Medium,<function <lambda> at 0x7cd864291300>,On-Time
10984,Bangalore,Delhi,766.7,5.49,Large,Road,2024-01-06 08:00:00,2,Heavy,Rainy,None,4,3PL-B,Low,<function <lambda> at 0x7cd864291300>,Cancelled
10985,Kolkata,Hyderabad,453.0,5.17,Large,Road,2024-06-08 13:00:00,2,Clear,Foggy,None,4,Internal,Low,<function <lambda> at 0x7cd864291300>,On-Time
10986,Bangalore,Hyderabad,1106.8,3.16,Oversize,Sea,2024-04-02 09:00:00,8,Moderate,Clear,Strike,0,Internal,High,<function <lambda> at 0x7cd864291300>,On-Time
10987,Bangalore,Mumbai,1011.2,5.0,Large,Rail,2024-03-05 21:00:00,6,Heavy,Clear,None,3,Internal,Low,<function <lambda> at 0x7cd864291300>,Minor Delay
10988,Chennai,Chennai,372.3,5.8,Large,Road,2024-04-25 01:00:00,6,Clear,Rainy,None,3,3PL-A,Low,<function <lambda> at 0x7cd864291300>,On-Time
10989,Hyderabad,Mumbai,892.0,4.0,Medium,Road,2024-07-11 14:00:00,1,Heavy,Foggy,None,4,3PL-B,High,<function <lambda> at 0x7cd864291300>,On-Time
10990,Hyderabad,Mumbai,779.5,5.67,Large,Air,2024-03-24 17:00:00,1,Moderate,Stormy,None,3,3PL-A,Medium,<function <lambda> at 0x7cd864291300>,On-Time
10991,Delhi,Bangalore,857.2,1.74,Large,Rail,2024-12-20 15:00:00,5,Clear,Clear,None,4,Internal,Low,<function <lambda> at 0x7cd864291300>,On-Time
10992,Bangalore,Chennai,69.4,3.92,Oversize,Air,2024-09-22 16:00:00,5,Moderate,Rainy,None,1,3PL-C,Low,<function <lambda> at 0x7cd864291300>,On-Time
10993,Bangalore,Kolkata,711.8,6.74,Medium,Road,2024-12-13 21:00:00,4,Moderate,Stormy,None,3,Internal,Low,<function <lambda> at 0x7cd864291300>,On-Time
10994,Bangalore,Delhi,956.0,7.31,Oversize,Road,2024-11-16 10:00:00,5,Moderate,Clear,None,4,3PL-A,High,<function <lambda> at 0x7cd864291300>,On-Time
10995,Delhi,Chennai,1041.9,9.7,Large,Road,2024-07-02 11:00:00,5,Clear,Clear,None,1,3PL-A,Medium,<function <lambda> at 0x7cd864291300>,Minor Delay
10996,Kolkata,Hyderabad,328.5,1.92,Small,Road,2024-11-20 12:00:00,4,Clear,Clear,None,1,Internal,Low,<function <lambda> at 0x7cd864291300>,On-Time
10997,Delhi,Kolkata,1239.0,8.34,Small,Rail,2024-03-10 07:00:00,8,Moderate,Foggy,Strike,0,3PL-B,Medium,<function <lambda> at 0x7cd864291300>,On-Time
10998,Mumbai,Hyderabad,519.4,0.5,Large,Rail,2024-09-11 19:00:00,1,Clear,Clear,None,1,Internal,High,<function <lambda> at 0x7cd864291300>,On-Time
10999,Bangalore,Kolkata,572.6,12.89,Oversize,Road,2024-12-25 12:00:00,4,Jam,Rainy,None,2,3PL-A,Low,<function <lambda> at 0x7cd864291300>,On-Time
11000,Delhi,Hyderabad,942.7,4.14,Medium,Road,2024-01-24 12:00:00,1,Moderate,Clear,None,2,3PL-C,High,<function <lambda> at 0x7cd864291300>,Minor Delay
